{
"type": "FeatureCollection",
"name": "geo_30_3",
"crs": { "type": "name", "properties": { "name": "urn:ogc:def:crs:OGC:1.3:CRS84" } },
"features": [
{ "type": "Feature", "properties": { "内容": "森本歯科医院【3:歯科】和歌山県和歌山市加太１１９４", "url": "https://www.iryou.teikyouseido.mhlw.go.jp/znk-web/juminkanja/S2430/initialize?prefCd=30&kikanCd=3000100000&kikanKbn=3", "url2": "https://morimotoshika.wordpress.com" }, "geometry": { "type": "Point", "coordinates": [ 135.076801, 34.275628 ] } },
{ "type": "Feature", "properties": { "内容": "武田歯科医院【3:歯科】和歌山県和歌山市西庄７７９－１", "url": "https://www.iryou.teikyouseido.mhlw.go.jp/znk-web/juminkanja/S2430/initialize?prefCd=30&kikanCd=3000300000&kikanKbn=3", "url2": "http://www.takedashika.com" }, "geometry": { "type": "Point", "coordinates": [ 135.11777, 34.254631 ] } },
{ "type": "Feature", "properties": { "内容": "グリーン歯科【3:歯科】和歌山県和歌山市西庄８６－５", "url": "https://www.iryou.teikyouseido.mhlw.go.jp/znk-web/juminkanja/S2430/initialize?prefCd=30&kikanCd=3000400000&kikanKbn=3", "url2": "http://www.green-dental.jp/" }, "geometry": { "type": "Point", "coordinates": [ 135.118075, 34.26238 ] } },
{ "type": "Feature", "properties": { "内容": "湯川歯科医院【3:歯科】和歌山県和歌山市西庄２５９－７", "url": "https://www.iryou.teikyouseido.mhlw.go.jp/znk-web/juminkanja/S2430/initialize?prefCd=30&kikanCd=3000600000&kikanKbn=3", "url2": null }, "geometry": { "type": "Point", "coordinates": [ 135.118214, 34.259742 ] } },
{ "type": "Feature", "properties": { "内容": "医療法人　野上歯科医院【3:歯科】和歌山県和歌山市西庄３１１－１２", "url": "https://www.iryou.teikyouseido.mhlw.go.jp/znk-web/juminkanja/S2430/initialize?prefCd=30&kikanCd=3000700000&kikanKbn=3", "url2": null }, "geometry": { "type": "Point", "coordinates": [ 135.117214, 34.256159 ] } },
{ "type": "Feature", "properties": { "内容": "江川歯科医院【3:歯科】和歌山県和歌山市吉原１２１０－１", "url": "https://www.iryou.teikyouseido.mhlw.go.jp/znk-web/juminkanja/S2430/initialize?prefCd=30&kikanCd=3001100000&kikanKbn=3", "url2": null }, "geometry": { "type": "Point", "coordinates": [ 135.202877, 34.193834 ] } },
{ "type": "Feature", "properties": { "内容": "南出歯科医院【3:歯科】和歌山県和歌山市江南２３１－５", "url": "https://www.iryou.teikyouseido.mhlw.go.jp/znk-web/juminkanja/S2430/initialize?prefCd=30&kikanCd=3001200000&kikanKbn=3", "url2": null }, "geometry": { "type": "Point", "coordinates": [ 135.223903, 34.192085 ] } },
{ "type": "Feature", "properties": { "内容": "谷口歯科医院【3:歯科】和歌山県和歌山市吉礼６４－５", "url": "https://www.iryou.teikyouseido.mhlw.go.jp/znk-web/juminkanja/S2430/initialize?prefCd=30&kikanCd=3001300000&kikanKbn=3", "url2": null }, "geometry": { "type": "Point", "coordinates": [ 135.237541, 34.203223 ] } },
{ "type": "Feature", "properties": { "内容": "田井歯科医院【3:歯科】和歌山県和歌山市馬場６５－４", "url": "https://www.iryou.teikyouseido.mhlw.go.jp/znk-web/juminkanja/S2430/initialize?prefCd=30&kikanCd=3001400000&kikanKbn=3", "url2": null }, "geometry": { "type": "Point", "coordinates": [ 135.227653, 34.192779 ] } },
{ "type": "Feature", "properties": { "内容": "﨑山歯科医院【3:歯科】和歌山県紀の川市貴志川町丸栖３４－７", "url": "https://www.iryou.teikyouseido.mhlw.go.jp/znk-web/juminkanja/S2430/initialize?prefCd=30&kikanCd=3001500000&kikanKbn=3", "url2": null }, "geometry": { "type": "Point", "coordinates": [ 135.323226, 34.231498 ] } },
{ "type": "Feature", "properties": { "内容": "山本歯科矯正【3:歯科】和歌山県紀の川市貴志川町北山３７９", "url": "https://www.iryou.teikyouseido.mhlw.go.jp/znk-web/juminkanja/S2430/initialize?prefCd=30&kikanCd=3001600000&kikanKbn=3", "url2": null }, "geometry": { "type": "Point", "coordinates": [ 135.320338, 34.227777 ] } },
{ "type": "Feature", "properties": { "内容": "田原歯科【3:歯科】和歌山県紀の川市貴志川町前田８６－７", "url": "https://www.iryou.teikyouseido.mhlw.go.jp/znk-web/juminkanja/S2430/initialize?prefCd=30&kikanCd=3001700000&kikanKbn=3", "url2": "http://taharashika.com/" }, "geometry": { "type": "Point", "coordinates": [ 135.317783, 34.222916 ] } },
{ "type": "Feature", "properties": { "内容": "矢田歯科クリニック【3:歯科】和歌山県紀の川市貴志川町上野山３５２番地", "url": "https://www.iryou.teikyouseido.mhlw.go.jp/znk-web/juminkanja/S2430/initialize?prefCd=30&kikanCd=3001800000&kikanKbn=3", "url2": null }, "geometry": { "type": "Point", "coordinates": [ 135.312617, 34.214167 ] } },
{ "type": "Feature", "properties": { "内容": "医療法人　山中歯科医院【3:歯科】和歌山県紀の川市貴志川町神戸７８４", "url": "https://www.iryou.teikyouseido.mhlw.go.jp/znk-web/juminkanja/S2430/initialize?prefCd=30&kikanCd=3001900000&kikanKbn=3", "url2": "http://www.yamanaka-shika.com" }, "geometry": { "type": "Point", "coordinates": [ 135.312506, 34.208001 ] } },
{ "type": "Feature", "properties": { "内容": "吉村歯科医院【3:歯科】和歌山県紀の川市貴志川町長原２４８－８", "url": "https://www.iryou.teikyouseido.mhlw.go.jp/znk-web/juminkanja/S2430/initialize?prefCd=30&kikanCd=3002000000&kikanKbn=3", "url2": "http://www.yoshimura-shika.net/" }, "geometry": { "type": "Point", "coordinates": [ 135.304257, 34.215556 ] } },
{ "type": "Feature", "properties": { "内容": "はぎはら歯科【3:歯科】和歌山県紀の川市貴志川町長原１０２", "url": "https://www.iryou.teikyouseido.mhlw.go.jp/znk-web/juminkanja/S2430/initialize?prefCd=30&kikanCd=3002100000&kikanKbn=3", "url2": null }, "geometry": { "type": "Point", "coordinates": [ 135.298423, 34.215639 ] } },
{ "type": "Feature", "properties": { "内容": "中西歯科医院【3:歯科】和歌山県紀の川市貴志川町長山２７７－１７６", "url": "https://www.iryou.teikyouseido.mhlw.go.jp/znk-web/juminkanja/S2430/initialize?prefCd=30&kikanCd=3002200000&kikanKbn=3", "url2": null }, "geometry": { "type": "Point", "coordinates": [ 135.288424, 34.208584 ] } },
{ "type": "Feature", "properties": { "内容": "北村歯科医院【3:歯科】和歌山県紀の川市貴志川町北８１０", "url": "https://www.iryou.teikyouseido.mhlw.go.jp/znk-web/juminkanja/S2430/initialize?prefCd=30&kikanCd=3002300000&kikanKbn=3", "url2": null }, "geometry": { "type": "Point", "coordinates": [ 135.327309, 34.214097 ] } },
{ "type": "Feature", "properties": { "内容": "西田歯科医院【3:歯科】和歌山県海草郡紀美野町下佐々１０３５－４", "url": "https://www.iryou.teikyouseido.mhlw.go.jp/znk-web/juminkanja/S2430/initialize?prefCd=30&kikanCd=3002400000&kikanKbn=3", "url2": null }, "geometry": { "type": "Point", "coordinates": [ 135.316897, 34.15534 ] } },
{ "type": "Feature", "properties": { "内容": "石山歯科医院【3:歯科】和歌山県海南市野上中１５６", "url": "https://www.iryou.teikyouseido.mhlw.go.jp/znk-web/juminkanja/S2430/initialize?prefCd=30&kikanCd=3002600000&kikanKbn=3", "url2": "http://www.dental-ishiyama.net" }, "geometry": { "type": "Point", "coordinates": [ 135.280511, 34.162561 ] } },
{ "type": "Feature", "properties": { "内容": "今西歯科医院【3:歯科】和歌山県海南市溝ノ口３２３", "url": "https://www.iryou.teikyouseido.mhlw.go.jp/znk-web/juminkanja/S2430/initialize?prefCd=30&kikanCd=3002700000&kikanKbn=3", "url2": null }, "geometry": { "type": "Point", "coordinates": [ 135.291704, 34.159339 ] } },
{ "type": "Feature", "properties": { "内容": "林歯科医院【3:歯科】和歌山県海南市沖野々３４９", "url": "https://www.iryou.teikyouseido.mhlw.go.jp/znk-web/juminkanja/S2430/initialize?prefCd=30&kikanCd=3002800000&kikanKbn=3", "url2": null }, "geometry": { "type": "Point", "coordinates": [ 135.274817, 34.162339 ] } },
{ "type": "Feature", "properties": { "内容": "井内歯科医院【3:歯科】和歌山県海南市沖野々３３４－６", "url": "https://www.iryou.teikyouseido.mhlw.go.jp/znk-web/juminkanja/S2430/initialize?prefCd=30&kikanCd=3002900000&kikanKbn=3", "url2": null }, "geometry": { "type": "Point", "coordinates": [ 135.272178, 34.161144 ] } },
{ "type": "Feature", "properties": { "内容": "河野歯科【3:歯科】和歌山県海草郡紀美野町福田１３６－６", "url": "https://www.iryou.teikyouseido.mhlw.go.jp/znk-web/juminkanja/S2430/initialize?prefCd=30&kikanCd=3003000000&kikanKbn=3", "url2": null }, "geometry": { "type": "Point", "coordinates": [ 135.343506, 34.156285 ] } },
{ "type": "Feature", "properties": { "内容": "藤原歯科医院【3:歯科】和歌山県和歌山市北新戎ノ丁２５", "url": "https://www.iryou.teikyouseido.mhlw.go.jp/znk-web/juminkanja/S2430/initialize?prefCd=30&kikanCd=3003200000&kikanKbn=3", "url2": "http://www.fujiwarashika.com/" }, "geometry": { "type": "Point", "coordinates": [ 135.178071, 34.238357 ] } },
{ "type": "Feature", "properties": { "内容": "岩橋歯科医院【3:歯科】和歌山県和歌山市元寺町５－５３", "url": "https://www.iryou.teikyouseido.mhlw.go.jp/znk-web/juminkanja/S2430/initialize?prefCd=30&kikanCd=3003300000&kikanKbn=3", "url2": null }, "geometry": { "type": "Point", "coordinates": [ 135.17671, 34.23894 ] } },
{ "type": "Feature", "properties": { "内容": "医療法人　孝紀会　中西歯科医院【3:歯科】和歌山県和歌山市元寺町２－２１　前田ビル２階", "url": "https://www.iryou.teikyouseido.mhlw.go.jp/znk-web/juminkanja/S2430/initialize?prefCd=30&kikanCd=3003500000&kikanKbn=3", "url2": null }, "geometry": { "type": "Point", "coordinates": [ 135.176599, 34.235301 ] } },
{ "type": "Feature", "properties": { "内容": "太田矯正歯科クリニック【3:歯科】和歌山県和歌山市本町２－２７　松屋ビル３Ｆ", "url": "https://www.iryou.teikyouseido.mhlw.go.jp/znk-web/juminkanja/S2430/initialize?prefCd=30&kikanCd=3004000000&kikanKbn=3", "url2": "http://www.ota-ortho.com/" }, "geometry": { "type": "Point", "coordinates": [ 135.174572, 34.234912 ] } },
{ "type": "Feature", "properties": { "内容": "川崎歯科【3:歯科】和歌山県和歌山市万町４番地　ニューリチャードビル２Ｆ", "url": "https://www.iryou.teikyouseido.mhlw.go.jp/znk-web/juminkanja/S2430/initialize?prefCd=30&kikanCd=3004200000&kikanKbn=3", "url2": null }, "geometry": { "type": "Point", "coordinates": [ 135.172683, 34.233912 ] } },
{ "type": "Feature", "properties": { "内容": "角野歯科医院【3:歯科】和歌山県和歌山市一筋目１", "url": "https://www.iryou.teikyouseido.mhlw.go.jp/znk-web/juminkanja/S2430/initialize?prefCd=30&kikanCd=3004600000&kikanKbn=3", "url2": "https://kadono.dental/" }, "geometry": { "type": "Point", "coordinates": [ 135.169711, 34.237495 ] } },
{ "type": "Feature", "properties": { "内容": "岩橋歯科医院【3:歯科】和歌山県和歌山市三木町中ノ丁１", "url": "https://www.iryou.teikyouseido.mhlw.go.jp/znk-web/juminkanja/S2430/initialize?prefCd=30&kikanCd=3004700000&kikanKbn=3", "url2": null }, "geometry": { "type": "Point", "coordinates": [ 135.178016, 34.230941 ] } },
{ "type": "Feature", "properties": { "内容": "平歯科医院【3:歯科】和歌山県和歌山市広瀬通丁３－４０", "url": "https://www.iryou.teikyouseido.mhlw.go.jp/znk-web/juminkanja/S2430/initialize?prefCd=30&kikanCd=3005100000&kikanKbn=3", "url2": null }, "geometry": { "type": "Point", "coordinates": [ 135.183766, 34.22633 ] } },
{ "type": "Feature", "properties": { "内容": "梅本歯科医院【3:歯科】和歌山県和歌山市堀止東１－２－２９", "url": "https://www.iryou.teikyouseido.mhlw.go.jp/znk-web/juminkanja/S2430/initialize?prefCd=30&kikanCd=3005400000&kikanKbn=3", "url2": null }, "geometry": { "type": "Point", "coordinates": [ 135.170684, 34.214276 ] } },
{ "type": "Feature", "properties": { "内容": "さわデンタルクリニック【3:歯科】和歌山県和歌山市三番丁２", "url": "https://www.iryou.teikyouseido.mhlw.go.jp/znk-web/juminkanja/S2430/initialize?prefCd=30&kikanCd=3005700000&kikanKbn=3", "url2": null }, "geometry": { "type": "Point", "coordinates": [ 135.176683, 34.228858 ] } },
{ "type": "Feature", "properties": { "内容": "大平歯科医院【3:歯科】和歌山県和歌山市十三番丁１３番丁４", "url": "https://www.iryou.teikyouseido.mhlw.go.jp/znk-web/juminkanja/S2430/initialize?prefCd=30&kikanCd=3005900000&kikanKbn=3", "url2": null }, "geometry": { "type": "Point", "coordinates": [ 135.168045, 34.232108 ] } },
{ "type": "Feature", "properties": { "内容": "水島歯科医院【3:歯科】和歌山県和歌山市屋形町３－４３", "url": "https://www.iryou.teikyouseido.mhlw.go.jp/znk-web/juminkanja/S2430/initialize?prefCd=30&kikanCd=3006000000&kikanKbn=3", "url2": "http://www.eonet.ne.jp/~mizushimasika/" }, "geometry": { "type": "Point", "coordinates": [ 135.178489, 34.226469 ] } },
{ "type": "Feature", "properties": { "内容": "楠山歯科医院【3:歯科】和歌山県和歌山市屋形町５－１８", "url": "https://www.iryou.teikyouseido.mhlw.go.jp/znk-web/juminkanja/S2430/initialize?prefCd=30&kikanCd=3006100000&kikanKbn=3", "url2": null }, "geometry": { "type": "Point", "coordinates": [ 135.1781, 34.223636 ] } },
{ "type": "Feature", "properties": { "内容": "藤田歯科医院【3:歯科】和歌山県和歌山市十番丁１０１", "url": "https://www.iryou.teikyouseido.mhlw.go.jp/znk-web/juminkanja/S2430/initialize?prefCd=30&kikanCd=3006200000&kikanKbn=3", "url2": null }, "geometry": { "type": "Point", "coordinates": [ 135.174628, 34.230496 ] } },
{ "type": "Feature", "properties": { "内容": "公園前中山歯科【3:歯科】和歌山県和歌山市六番丁４３　ハピネスビル３階", "url": "https://www.iryou.teikyouseido.mhlw.go.jp/znk-web/juminkanja/S2430/initialize?prefCd=30&kikanCd=3006400000&kikanKbn=3", "url2": null }, "geometry": { "type": "Point", "coordinates": [ 135.1766, 34.229608 ] } },
{ "type": "Feature", "properties": { "内容": "竹内歯科クリニック【3:歯科】和歌山県和歌山市八番丁１", "url": "https://www.iryou.teikyouseido.mhlw.go.jp/znk-web/juminkanja/S2430/initialize?prefCd=30&kikanCd=3006500000&kikanKbn=3", "url2": "https://www.eonet.ne.jp/~clinic/" }, "geometry": { "type": "Point", "coordinates": [ 135.167668, 34.231152 ] } },
{ "type": "Feature", "properties": { "内容": "川村歯科医院【3:歯科】和歌山県和歌山市十一番丁１１番地", "url": "https://www.iryou.teikyouseido.mhlw.go.jp/znk-web/juminkanja/S2430/initialize?prefCd=30&kikanCd=3006600000&kikanKbn=3", "url2": null }, "geometry": { "type": "Point", "coordinates": [ 135.174933, 34.232219 ] } },
{ "type": "Feature", "properties": { "内容": "熱田歯科室【3:歯科】和歌山県和歌山市十一番丁４４", "url": "https://www.iryou.teikyouseido.mhlw.go.jp/znk-web/juminkanja/S2430/initialize?prefCd=30&kikanCd=3006700000&kikanKbn=3", "url2": null }, "geometry": { "type": "Point", "coordinates": [ 135.176072, 34.231996 ] } },
{ "type": "Feature", "properties": { "内容": "谷口歯科医院【3:歯科】和歌山県和歌山市十一番丁９　京橋ビル３Ｆ", "url": "https://www.iryou.teikyouseido.mhlw.go.jp/znk-web/juminkanja/S2430/initialize?prefCd=30&kikanCd=3006800000&kikanKbn=3", "url2": null }, "geometry": { "type": "Point", "coordinates": [ 135.174711, 34.232274 ] } },
{ "type": "Feature", "properties": { "内容": "内藤歯科【3:歯科】和歌山県和歌山市東蔵前丁４　ファーストビル３階", "url": "https://www.iryou.teikyouseido.mhlw.go.jp/znk-web/juminkanja/S2430/initialize?prefCd=30&kikanCd=3007100000&kikanKbn=3", "url2": "http://naito.dental-net.jp/" }, "geometry": { "type": "Point", "coordinates": [ 135.166961, 34.235495 ] } },
{ "type": "Feature", "properties": { "内容": "戸村矯正歯科クリニック【3:歯科】和歌山県和歌山市西布経丁１－１", "url": "https://www.iryou.teikyouseido.mhlw.go.jp/znk-web/juminkanja/S2430/initialize?prefCd=30&kikanCd=3007200000&kikanKbn=3", "url2": "http://www.tomura-ortho.com" }, "geometry": { "type": "Point", "coordinates": [ 135.169128, 34.236773 ] } },
{ "type": "Feature", "properties": { "内容": "大河内歯科医院【3:歯科】和歌山県和歌山市元博労町２２", "url": "https://www.iryou.teikyouseido.mhlw.go.jp/znk-web/juminkanja/S2430/initialize?prefCd=30&kikanCd=3007400000&kikanKbn=3", "url2": null }, "geometry": { "type": "Point", "coordinates": [ 135.169767, 34.235079 ] } },
{ "type": "Feature", "properties": { "内容": "沖殿歯科医院【3:歯科】和歌山県和歌山市下町１８", "url": "https://www.iryou.teikyouseido.mhlw.go.jp/znk-web/juminkanja/S2430/initialize?prefCd=30&kikanCd=3007500000&kikanKbn=3", "url2": "http://okidono.com" }, "geometry": { "type": "Point", "coordinates": [ 135.16324, 34.230913 ] } },
{ "type": "Feature", "properties": { "内容": "野村歯科医院【3:歯科】和歌山県和歌山市西汀丁４４", "url": "https://www.iryou.teikyouseido.mhlw.go.jp/znk-web/juminkanja/S2430/initialize?prefCd=30&kikanCd=3007600000&kikanKbn=3", "url2": "http://nomuradental.jp/" }, "geometry": { "type": "Point", "coordinates": [ 135.166989, 34.229469 ] } },
{ "type": "Feature", "properties": { "内容": "玉置歯科医院【3:歯科】和歌山県和歌山市雑賀屋町東ノ丁２１", "url": "https://www.iryou.teikyouseido.mhlw.go.jp/znk-web/juminkanja/S2430/initialize?prefCd=30&kikanCd=3007700000&kikanKbn=3", "url2": "http://www.tamakidc.jp" }, "geometry": { "type": "Point", "coordinates": [ 135.169183, 34.226802 ] } },
{ "type": "Feature", "properties": { "内容": "高塚歯科医院【3:歯科】和歌山県和歌山市湊通丁北３－７", "url": "https://www.iryou.teikyouseido.mhlw.go.jp/znk-web/juminkanja/S2430/initialize?prefCd=30&kikanCd=3008200000&kikanKbn=3", "url2": "http://takatsukasika.com" }, "geometry": { "type": "Point", "coordinates": [ 135.165407, 34.223496 ] } },
{ "type": "Feature", "properties": { "内容": "戸村歯科医院【3:歯科】和歌山県和歌山市小松原５－２－２６", "url": "https://www.iryou.teikyouseido.mhlw.go.jp/znk-web/juminkanja/S2430/initialize?prefCd=30&kikanCd=3008400000&kikanKbn=3", "url2": null }, "geometry": { "type": "Point", "coordinates": [ 135.166962, 34.218831 ] } },
{ "type": "Feature", "properties": { "内容": "小西歯科医院【3:歯科】和歌山県和歌山市小松原６丁目１の７", "url": "https://www.iryou.teikyouseido.mhlw.go.jp/znk-web/juminkanja/S2430/initialize?prefCd=30&kikanCd=3008500000&kikanKbn=3", "url2": null }, "geometry": { "type": "Point", "coordinates": [ 135.169351, 34.216553 ] } },
{ "type": "Feature", "properties": { "内容": "神田歯科医院【3:歯科】和歌山県和歌山市葵町４番２６号", "url": "https://www.iryou.teikyouseido.mhlw.go.jp/znk-web/juminkanja/S2430/initialize?prefCd=30&kikanCd=3009000000&kikanKbn=3", "url2": null }, "geometry": { "type": "Point", "coordinates": [ 135.162352, 34.213581 ] } },
{ "type": "Feature", "properties": { "内容": "スマイル歯科【3:歯科】和歌山県和歌山市湊御殿２－３－３７", "url": "https://www.iryou.teikyouseido.mhlw.go.jp/znk-web/juminkanja/S2430/initialize?prefCd=30&kikanCd=3009100000&kikanKbn=3", "url2": "http://smile-dentalclinic.jimdosite.com/" }, "geometry": { "type": "Point", "coordinates": [ 135.156435, 34.220386 ] } },
{ "type": "Feature", "properties": { "内容": "マルヤマ歯科【3:歯科】和歌山県和歌山市築港１－１６－３", "url": "https://www.iryou.teikyouseido.mhlw.go.jp/znk-web/juminkanja/S2430/initialize?prefCd=30&kikanCd=3009200000&kikanKbn=3", "url2": "https://www.maruyama-dental.info/" }, "geometry": { "type": "Point", "coordinates": [ 135.156685, 34.22333 ] } },
{ "type": "Feature", "properties": { "内容": "Ｍ’ｓ　Ｄｅｎｔａｌ【3:歯科】和歌山県和歌山市西河岸町９９", "url": "https://www.iryou.teikyouseido.mhlw.go.jp/znk-web/juminkanja/S2430/initialize?prefCd=30&kikanCd=3009300000&kikanKbn=3", "url2": null }, "geometry": { "type": "Point", "coordinates": [ 135.160573, 34.226746 ] } },
{ "type": "Feature", "properties": { "内容": "医療法人　仲河歯科医院【3:歯科】和歌山県和歌山市岩橋２３６番地の３", "url": "https://www.iryou.teikyouseido.mhlw.go.jp/znk-web/juminkanja/S2430/initialize?prefCd=30&kikanCd=3009400000&kikanKbn=3", "url2": null }, "geometry": { "type": "Point", "coordinates": [ 135.233512, 34.236885 ] } },
{ "type": "Feature", "properties": { "内容": "いずみ歯科【3:歯科】和歌山県和歌山市鳴神１０５", "url": "https://www.iryou.teikyouseido.mhlw.go.jp/znk-web/juminkanja/S2430/initialize?prefCd=30&kikanCd=3009500000&kikanKbn=3", "url2": "https://www.izumidental.net" }, "geometry": { "type": "Point", "coordinates": [ 135.212014, 34.225331 ] } },
{ "type": "Feature", "properties": { "内容": "松本歯科医院【3:歯科】和歌山県和歌山市栗栖１１０４－１", "url": "https://www.iryou.teikyouseido.mhlw.go.jp/znk-web/juminkanja/S2430/initialize?prefCd=30&kikanCd=3009700000&kikanKbn=3", "url2": null }, "geometry": { "type": "Point", "coordinates": [ 135.216263, 34.245412 ] } },
{ "type": "Feature", "properties": { "内容": "むくだい歯科医院【3:歯科】和歌山県和歌山市神前３８３－２１", "url": "https://www.iryou.teikyouseido.mhlw.go.jp/znk-web/juminkanja/S2430/initialize?prefCd=30&kikanCd=3010000000&kikanKbn=3", "url2": "https://mukudai-shika.com/" }, "geometry": { "type": "Point", "coordinates": [ 135.205487, 34.21161 ] } },
{ "type": "Feature", "properties": { "内容": "秋月歯科医院【3:歯科】和歌山県和歌山市神前５３４－１", "url": "https://www.iryou.teikyouseido.mhlw.go.jp/znk-web/juminkanja/S2430/initialize?prefCd=30&kikanCd=3010100000&kikanKbn=3", "url2": null }, "geometry": { "type": "Point", "coordinates": [ 135.207487, 34.207944 ] } },
{ "type": "Feature", "properties": { "内容": "上野山歯科【3:歯科】和歌山県和歌山市神前３７－６５", "url": "https://www.iryou.teikyouseido.mhlw.go.jp/znk-web/juminkanja/S2430/initialize?prefCd=30&kikanCd=3010200000&kikanKbn=3", "url2": null }, "geometry": { "type": "Point", "coordinates": [ 135.208293, 34.214221 ] } },
{ "type": "Feature", "properties": { "内容": "酒井歯科【3:歯科】和歌山県和歌山市北出島１４８番地", "url": "https://www.iryou.teikyouseido.mhlw.go.jp/znk-web/juminkanja/S2430/initialize?prefCd=30&kikanCd=3010300000&kikanKbn=3", "url2": null }, "geometry": { "type": "Point", "coordinates": [ 135.195681, 34.222303 ] } },
{ "type": "Feature", "properties": { "内容": "宮本歯科【3:歯科】和歌山県和歌山市北出島４６", "url": "https://www.iryou.teikyouseido.mhlw.go.jp/znk-web/juminkanja/S2430/initialize?prefCd=30&kikanCd=3010400000&kikanKbn=3", "url2": null }, "geometry": { "type": "Point", "coordinates": [ 135.193598, 34.224692 ] } },
{ "type": "Feature", "properties": { "内容": "和歌山県障害児（者）高齢者歯科口腔保健センター【3:歯科】和歌山県和歌山市手平２－１－２　県民プラザ和歌山ビッグ愛１Ｆ", "url": "https://www.iryou.teikyouseido.mhlw.go.jp/znk-web/juminkanja/S2430/initialize?prefCd=30&kikanCd=3010600000&kikanKbn=3", "url2": null }, "geometry": { "type": "Point", "coordinates": [ 135.19021, 34.218414 ] } },
{ "type": "Feature", "properties": { "内容": "辻岡歯科医院【3:歯科】和歌山県和歌山市手平５－１－１７", "url": "https://www.iryou.teikyouseido.mhlw.go.jp/znk-web/juminkanja/S2430/initialize?prefCd=30&kikanCd=3010700000&kikanKbn=3", "url2": null }, "geometry": { "type": "Point", "coordinates": [ 135.186655, 34.215637 ] } },
{ "type": "Feature", "properties": { "内容": "南海歯科医院【3:歯科】和歌山県和歌山市太田１１５－４", "url": "https://www.iryou.teikyouseido.mhlw.go.jp/znk-web/juminkanja/S2430/initialize?prefCd=30&kikanCd=3011000000&kikanKbn=3", "url2": "https://nankaishika.com/" }, "geometry": { "type": "Point", "coordinates": [ 135.195931, 34.226692 ] } },
{ "type": "Feature", "properties": { "内容": "りく歯科医院【3:歯科】和歌山県和歌山市太田３ー９－１９メゾン・ド・ルー１Ｆ", "url": "https://www.iryou.teikyouseido.mhlw.go.jp/znk-web/juminkanja/S2430/initialize?prefCd=30&kikanCd=3011200000&kikanKbn=3", "url2": null }, "geometry": { "type": "Point", "coordinates": [ 135.197626, 34.231663 ] } },
{ "type": "Feature", "properties": { "内容": "中西歯科医院【3:歯科】和歌山県和歌山市太田１丁目１－２９", "url": "https://www.iryou.teikyouseido.mhlw.go.jp/znk-web/juminkanja/S2430/initialize?prefCd=30&kikanCd=3011400000&kikanKbn=3", "url2": null }, "geometry": { "type": "Point", "coordinates": [ 135.192793, 34.228969 ] } },
{ "type": "Feature", "properties": { "内容": "研司歯科クリニック【3:歯科】和歌山県和歌山市太田６５－１１", "url": "https://www.iryou.teikyouseido.mhlw.go.jp/znk-web/juminkanja/S2430/initialize?prefCd=30&kikanCd=3011500000&kikanKbn=3", "url2": null }, "geometry": { "type": "Point", "coordinates": [ 135.194209, 34.226192 ] } },
{ "type": "Feature", "properties": { "内容": "井関歯科医院【3:歯科】和歌山県和歌山市田中町４丁目１１８番地", "url": "https://www.iryou.teikyouseido.mhlw.go.jp/znk-web/juminkanja/S2430/initialize?prefCd=30&kikanCd=3011800000&kikanKbn=3", "url2": null }, "geometry": { "type": "Point", "coordinates": [ 135.188932, 34.228052 ] } },
{ "type": "Feature", "properties": { "内容": "ほんだ歯科【3:歯科】和歌山県和歌山市美園町５丁目６１番地　ＪＲ和歌山駅ビル４階", "url": "https://www.iryou.teikyouseido.mhlw.go.jp/znk-web/juminkanja/S2430/initialize?prefCd=30&kikanCd=3012200000&kikanKbn=3", "url2": "http://honda-dc.cihp2.jp/" }, "geometry": { "type": "Point", "coordinates": [ 135.191126, 34.232024 ] } },
{ "type": "Feature", "properties": { "内容": "おおまゑ歯科【3:歯科】和歌山県和歌山市美園町５－１１－１５", "url": "https://www.iryou.teikyouseido.mhlw.go.jp/znk-web/juminkanja/S2430/initialize?prefCd=30&kikanCd=3012300000&kikanKbn=3", "url2": null }, "geometry": { "type": "Point", "coordinates": [ 135.191237, 34.230552 ] } },
{ "type": "Feature", "properties": { "内容": "はやし歯科医院【3:歯科】和歌山県和歌山市美園町４－６９－８　林ビル１．２Ｆ", "url": "https://www.iryou.teikyouseido.mhlw.go.jp/znk-web/juminkanja/S2430/initialize?prefCd=30&kikanCd=3012400000&kikanKbn=3", "url2": "http://www.hayashishika.net/" }, "geometry": { "type": "Point", "coordinates": [ 135.188931, 34.231802 ] } },
{ "type": "Feature", "properties": { "内容": "山西歯科クリニック【3:歯科】和歌山県和歌山市美園町５－７－４", "url": "https://www.iryou.teikyouseido.mhlw.go.jp/znk-web/juminkanja/S2430/initialize?prefCd=30&kikanCd=3012600000&kikanKbn=3", "url2": null }, "geometry": { "type": "Point", "coordinates": [ 135.190487, 34.231274 ] } },
{ "type": "Feature", "properties": { "内容": "井口矯正歯科【3:歯科】和歌山県和歌山市美園町５－１－２", "url": "https://www.iryou.teikyouseido.mhlw.go.jp/znk-web/juminkanja/S2430/initialize?prefCd=30&kikanCd=3012700000&kikanKbn=3", "url2": "http://www.iguchi-kyousei.com/" }, "geometry": { "type": "Point", "coordinates": [ 135.189987, 34.23183 ] } },
{ "type": "Feature", "properties": { "内容": "むろたに歯科【3:歯科】和歌山県和歌山市黒田１７３－３", "url": "https://www.iryou.teikyouseido.mhlw.go.jp/znk-web/juminkanja/S2430/initialize?prefCd=30&kikanCd=3013300000&kikanKbn=3", "url2": null }, "geometry": { "type": "Point", "coordinates": [ 135.195737, 34.235663 ] } },
{ "type": "Feature", "properties": { "内容": "青島歯科【3:歯科】和歌山県和歌山市黒田２５３", "url": "https://www.iryou.teikyouseido.mhlw.go.jp/znk-web/juminkanja/S2430/initialize?prefCd=30&kikanCd=3013400000&kikanKbn=3", "url2": null }, "geometry": { "type": "Point", "coordinates": [ 135.195793, 34.236719 ] } },
{ "type": "Feature", "properties": { "内容": "中本歯科医院【3:歯科】和歌山県和歌山市友田町４－９６", "url": "https://www.iryou.teikyouseido.mhlw.go.jp/znk-web/juminkanja/S2430/initialize?prefCd=30&kikanCd=3013700000&kikanKbn=3", "url2": null }, "geometry": { "type": "Point", "coordinates": [ 135.188737, 34.232552 ] } },
{ "type": "Feature", "properties": { "内容": "医療法人　金尾好章歯科医院【3:歯科】和歌山県和歌山市吉田５３７", "url": "https://www.iryou.teikyouseido.mhlw.go.jp/znk-web/juminkanja/S2430/initialize?prefCd=30&kikanCd=3013900000&kikanKbn=3", "url2": "http://kanaoshika.com/" }, "geometry": { "type": "Point", "coordinates": [ 135.188737, 34.234802 ] } },
{ "type": "Feature", "properties": { "内容": "和田歯科医院【3:歯科】和歌山県和歌山市吉田５０２", "url": "https://www.iryou.teikyouseido.mhlw.go.jp/znk-web/juminkanja/S2430/initialize?prefCd=30&kikanCd=3014000000&kikanKbn=3", "url2": "http://www.nnc.or.jp/~wada/dental.html" }, "geometry": { "type": "Point", "coordinates": [ 135.188681, 34.235358 ] } },
{ "type": "Feature", "properties": { "内容": "松谷歯科医院【3:歯科】和歌山県和歌山市吉田３２３　メゾンドール和歌山３Ｆ", "url": "https://www.iryou.teikyouseido.mhlw.go.jp/znk-web/juminkanja/S2430/initialize?prefCd=30&kikanCd=3014100000&kikanKbn=3", "url2": null }, "geometry": { "type": "Point", "coordinates": [ 135.189181, 34.236468 ] } },
{ "type": "Feature", "properties": { "内容": "長谷川歯科医院【3:歯科】和歌山県和歌山市納定３８", "url": "https://www.iryou.teikyouseido.mhlw.go.jp/znk-web/juminkanja/S2430/initialize?prefCd=30&kikanCd=3014300000&kikanKbn=3", "url2": "https://www.hasegawa-shikaiin.net/" }, "geometry": { "type": "Point", "coordinates": [ 135.193506, 34.238772 ] } },
{ "type": "Feature", "properties": { "内容": "医療法人愛元会　とくつファミリー歯科クリニック【3:歯科】和歌山県和歌山市新在家１６３ー９", "url": "https://www.iryou.teikyouseido.mhlw.go.jp/znk-web/juminkanja/S2430/initialize?prefCd=30&kikanCd=3014400000&kikanKbn=3", "url2": "https://www.tokutsu-family-dental-clinic.com" }, "geometry": { "type": "Point", "coordinates": [ 135.196625, 34.244662 ] } },
{ "type": "Feature", "properties": { "内容": "崎山歯科医院【3:歯科】和歌山県和歌山市新八百屋丁９", "url": "https://www.iryou.teikyouseido.mhlw.go.jp/znk-web/juminkanja/S2430/initialize?prefCd=30&kikanCd=3014500000&kikanKbn=3", "url2": "http://sakiyamashika.com/" }, "geometry": { "type": "Point", "coordinates": [ 135.180127, 34.234274 ] } },
{ "type": "Feature", "properties": { "内容": "井関歯科医院【3:歯科】和歌山県和歌山市数寄屋丁１６", "url": "https://www.iryou.teikyouseido.mhlw.go.jp/znk-web/juminkanja/S2430/initialize?prefCd=30&kikanCd=3014600000&kikanKbn=3", "url2": "http://www.iseki-dental.com/" }, "geometry": { "type": "Point", "coordinates": [ 135.181377, 34.231885 ] } },
{ "type": "Feature", "properties": { "内容": "こじまデンタルクリニック【3:歯科】和歌山県和歌山市新堺丁２", "url": "https://www.iryou.teikyouseido.mhlw.go.jp/znk-web/juminkanja/S2430/initialize?prefCd=30&kikanCd=3014800000&kikanKbn=3", "url2": "https://kojima-dent.jp/" }, "geometry": { "type": "Point", "coordinates": [ 135.179599, 34.235273 ] } },
{ "type": "Feature", "properties": { "内容": "前岡歯科医院【3:歯科】和歌山県和歌山市有本２３２－８", "url": "https://www.iryou.teikyouseido.mhlw.go.jp/znk-web/juminkanja/S2430/initialize?prefCd=30&kikanCd=3015000000&kikanKbn=3", "url2": null }, "geometry": { "type": "Point", "coordinates": [ 135.196125, 34.247133 ] } },
{ "type": "Feature", "properties": { "内容": "四ケ郷土橋Ｋ歯科医院【3:歯科】和歌山県和歌山市加納３３５－４３", "url": "https://www.iryou.teikyouseido.mhlw.go.jp/znk-web/juminkanja/S2430/initialize?prefCd=30&kikanCd=3015100000&kikanKbn=3", "url2": null }, "geometry": { "type": "Point", "coordinates": [ 135.207013, 34.243245 ] } },
{ "type": "Feature", "properties": { "内容": "中之島デンタルクリニック【3:歯科】和歌山県和歌山市中之島１４８７", "url": "https://www.iryou.teikyouseido.mhlw.go.jp/znk-web/juminkanja/S2430/initialize?prefCd=30&kikanCd=3015200000&kikanKbn=3", "url2": "nakanoshima-dental.com" }, "geometry": { "type": "Point", "coordinates": [ 135.18557, 34.239468 ] } },
{ "type": "Feature", "properties": { "内容": "原田歯科医院【3:歯科】和歌山県和歌山市中之島２３３７番地", "url": "https://www.iryou.teikyouseido.mhlw.go.jp/znk-web/juminkanja/S2430/initialize?prefCd=30&kikanCd=3015300000&kikanKbn=3", "url2": null }, "geometry": { "type": "Point", "coordinates": [ 135.185488, 34.235385 ] } },
{ "type": "Feature", "properties": { "内容": "湯川歯科医院【3:歯科】和歌山県和歌山市中之島６７８－１", "url": "https://www.iryou.teikyouseido.mhlw.go.jp/znk-web/juminkanja/S2430/initialize?prefCd=30&kikanCd=3015400000&kikanKbn=3", "url2": null }, "geometry": { "type": "Point", "coordinates": [ 135.181127, 34.239718 ] } },
{ "type": "Feature", "properties": { "内容": "東海歯科医院【3:歯科】和歌山県和歌山市中之島２０４８", "url": "https://www.iryou.teikyouseido.mhlw.go.jp/znk-web/juminkanja/S2430/initialize?prefCd=30&kikanCd=3015500000&kikanKbn=3", "url2": null }, "geometry": { "type": "Point", "coordinates": [ 135.184681, 34.240495 ] } },
{ "type": "Feature", "properties": { "内容": "やの歯科【3:歯科】和歌山県和歌山市中之島２９４－１", "url": "https://www.iryou.teikyouseido.mhlw.go.jp/znk-web/juminkanja/S2430/initialize?prefCd=30&kikanCd=3015600000&kikanKbn=3", "url2": null }, "geometry": { "type": "Point", "coordinates": [ 135.194542, 34.244384 ] } },
{ "type": "Feature", "properties": { "内容": "神人歯科医院【3:歯科】和歌山県和歌山市中之島２２８２", "url": "https://www.iryou.teikyouseido.mhlw.go.jp/znk-web/juminkanja/S2430/initialize?prefCd=30&kikanCd=3015700000&kikanKbn=3", "url2": null }, "geometry": { "type": "Point", "coordinates": [ 135.186626, 34.235801 ] } },
{ "type": "Feature", "properties": { "内容": "高畑歯科医院【3:歯科】和歌山県和歌山市畑屋敷中ノ丁２８", "url": "https://www.iryou.teikyouseido.mhlw.go.jp/znk-web/juminkanja/S2430/initialize?prefCd=30&kikanCd=3015900000&kikanKbn=3", "url2": null }, "geometry": { "type": "Point", "coordinates": [ 135.182016, 34.23483 ] } },
{ "type": "Feature", "properties": { "内容": "尾谷歯科クリニック【3:歯科】和歌山県和歌山市福島６７９－５", "url": "https://www.iryou.teikyouseido.mhlw.go.jp/znk-web/juminkanja/S2430/initialize?prefCd=30&kikanCd=3016100000&kikanKbn=3", "url2": null }, "geometry": { "type": "Point", "coordinates": [ 135.161906, 34.245856 ] } },
{ "type": "Feature", "properties": { "内容": "医療法人　ウェルネス小畑歯科医院【3:歯科】和歌山県和歌山市福島３２４－１", "url": "https://www.iryou.teikyouseido.mhlw.go.jp/znk-web/juminkanja/S2430/initialize?prefCd=30&kikanCd=3016200000&kikanKbn=3", "url2": "https://www.wellness-kobata-dc.com/" }, "geometry": { "type": "Point", "coordinates": [ 135.165683, 34.250022 ] } },
{ "type": "Feature", "properties": { "内容": "さわもと歯科医院【3:歯科】和歌山県和歌山市野崎２３１", "url": "https://www.iryou.teikyouseido.mhlw.go.jp/znk-web/juminkanja/S2430/initialize?prefCd=30&kikanCd=3016300000&kikanKbn=3", "url2": null }, "geometry": { "type": "Point", "coordinates": [ 135.156018, 34.244467 ] } },
{ "type": "Feature", "properties": { "内容": "岡本歯科医院【3:歯科】和歌山県和歌山市北島３８－１４", "url": "https://www.iryou.teikyouseido.mhlw.go.jp/znk-web/juminkanja/S2430/initialize?prefCd=30&kikanCd=3016400000&kikanKbn=3", "url2": null }, "geometry": { "type": "Point", "coordinates": [ 135.162267, 34.244828 ] } },
{ "type": "Feature", "properties": { "内容": "ヒロデンタルクリニック【3:歯科】和歌山県和歌山市湊４丁目９－２９", "url": "https://www.iryou.teikyouseido.mhlw.go.jp/znk-web/juminkanja/S2430/initialize?prefCd=30&kikanCd=3016800000&kikanKbn=3", "url2": null }, "geometry": { "type": "Point", "coordinates": [ 135.142908, 34.230579 ] } },
{ "type": "Feature", "properties": { "内容": "つえむら歯科【3:歯科】和歌山県和歌山市狐島３８２－５", "url": "https://www.iryou.teikyouseido.mhlw.go.jp/znk-web/juminkanja/S2430/initialize?prefCd=30&kikanCd=3017000000&kikanKbn=3", "url2": "http://tsuemurashika.moo.jp/" }, "geometry": { "type": "Point", "coordinates": [ 135.152296, 34.243439 ] } },
{ "type": "Feature", "properties": { "内容": "澤本歯科医院【3:歯科】和歌山県和歌山市狐島３０８―２", "url": "https://www.iryou.teikyouseido.mhlw.go.jp/znk-web/juminkanja/S2430/initialize?prefCd=30&kikanCd=3017100000&kikanKbn=3", "url2": null }, "geometry": { "type": "Point", "coordinates": [ 135.149073, 34.245911 ] } },
{ "type": "Feature", "properties": { "内容": "医療法人雅会　小畑歯科医院【3:歯科】和歌山県和歌山市松江北７－５－１", "url": "https://www.iryou.teikyouseido.mhlw.go.jp/znk-web/juminkanja/S2430/initialize?prefCd=30&kikanCd=3017400000&kikanKbn=3", "url2": null }, "geometry": { "type": "Point", "coordinates": [ 135.128492, 34.251827 ] } },
{ "type": "Feature", "properties": { "内容": "藤田歯科医院【3:歯科】和歌山県和歌山市松江北２－２０－１５", "url": "https://www.iryou.teikyouseido.mhlw.go.jp/znk-web/juminkanja/S2430/initialize?prefCd=30&kikanCd=3017500000&kikanKbn=3", "url2": null }, "geometry": { "type": "Point", "coordinates": [ 135.134352, 34.249632 ] } },
{ "type": "Feature", "properties": { "内容": "西村歯科医院【3:歯科】和歌山県和歌山市土入１６８－４２", "url": "https://www.iryou.teikyouseido.mhlw.go.jp/znk-web/juminkanja/S2430/initialize?prefCd=30&kikanCd=3017600000&kikanKbn=3", "url2": null }, "geometry": { "type": "Point", "coordinates": [ 135.141212, 34.252938 ] } },
{ "type": "Feature", "properties": { "内容": "つつみ歯科医院【3:歯科】和歌山県和歌山市中野３１－１　和歌山パームシティ３０２号", "url": "https://www.iryou.teikyouseido.mhlw.go.jp/znk-web/juminkanja/S2430/initialize?prefCd=30&kikanCd=3017700000&kikanKbn=3", "url2": "http://www.tsutsumi-shika.net/" }, "geometry": { "type": "Point", "coordinates": [ 135.140934, 34.255049 ] } },
{ "type": "Feature", "properties": { "内容": "にしじま歯科【3:歯科】和歌山県和歌山市榎原２７２－２３", "url": "https://www.iryou.teikyouseido.mhlw.go.jp/znk-web/juminkanja/S2430/initialize?prefCd=30&kikanCd=3017800000&kikanKbn=3", "url2": null }, "geometry": { "type": "Point", "coordinates": [ 135.128547, 34.256715 ] } },
{ "type": "Feature", "properties": { "内容": "小林歯科医院【3:歯科】和歌山県和歌山市古屋４１９", "url": "https://www.iryou.teikyouseido.mhlw.go.jp/znk-web/juminkanja/S2430/initialize?prefCd=30&kikanCd=3018000000&kikanKbn=3", "url2": "http://e-kobayashidc.main.jp" }, "geometry": { "type": "Point", "coordinates": [ 135.120103, 34.253215 ] } },
{ "type": "Feature", "properties": { "内容": "広井歯科医院【3:歯科】和歌山県和歌山市延時１４７－１３　グランドビル２Ｆ", "url": "https://www.iryou.teikyouseido.mhlw.go.jp/znk-web/juminkanja/S2430/initialize?prefCd=30&kikanCd=3018400000&kikanKbn=3", "url2": null }, "geometry": { "type": "Point", "coordinates": [ 135.147018, 34.25216 ] } },
{ "type": "Feature", "properties": { "内容": "貴志歯科医院【3:歯科】和歌山県和歌山市中１５８", "url": "https://www.iryou.teikyouseido.mhlw.go.jp/znk-web/juminkanja/S2430/initialize?prefCd=30&kikanCd=3018600000&kikanKbn=3", "url2": null }, "geometry": { "type": "Point", "coordinates": [ 135.146046, 34.260798 ] } },
{ "type": "Feature", "properties": { "内容": "つちはし歯科【3:歯科】和歌山県和歌山市楠見中２０１－７", "url": "https://www.iryou.teikyouseido.mhlw.go.jp/znk-web/juminkanja/S2430/initialize?prefCd=30&kikanCd=3018900000&kikanKbn=3", "url2": null }, "geometry": { "type": "Point", "coordinates": [ 135.180348, 34.255327 ] } },
{ "type": "Feature", "properties": { "内容": "山西歯科医院【3:歯科】和歌山県和歌山市楠見中３３－６", "url": "https://www.iryou.teikyouseido.mhlw.go.jp/znk-web/juminkanja/S2430/initialize?prefCd=30&kikanCd=3019100000&kikanKbn=3", "url2": null }, "geometry": { "type": "Point", "coordinates": [ 135.175349, 34.253688 ] } },
{ "type": "Feature", "properties": { "内容": "吉田歯科医院【3:歯科】和歌山県和歌山市楠見中４７－１５", "url": "https://www.iryou.teikyouseido.mhlw.go.jp/znk-web/juminkanja/S2430/initialize?prefCd=30&kikanCd=3019200000&kikanKbn=3", "url2": "http://www.yoshida-dc.com." }, "geometry": { "type": "Point", "coordinates": [ 135.172127, 34.253605 ] } },
{ "type": "Feature", "properties": { "内容": "貴志歯科医院【3:歯科】和歌山県和歌山市六十谷２２０―４", "url": "https://www.iryou.teikyouseido.mhlw.go.jp/znk-web/juminkanja/S2430/initialize?prefCd=30&kikanCd=3019900000&kikanKbn=3", "url2": null }, "geometry": { "type": "Point", "coordinates": [ 135.203179, 34.261743 ] } },
{ "type": "Feature", "properties": { "内容": "岩尾歯科【3:歯科】和歌山県和歌山市園部８８８－７", "url": "https://www.iryou.teikyouseido.mhlw.go.jp/znk-web/juminkanja/S2430/initialize?prefCd=30&kikanCd=3020100000&kikanKbn=3", "url2": null }, "geometry": { "type": "Point", "coordinates": [ 135.192903, 34.262493 ] } },
{ "type": "Feature", "properties": { "内容": "園部歯科医院【3:歯科】和歌山県和歌山市園部１４５８", "url": "https://www.iryou.teikyouseido.mhlw.go.jp/znk-web/juminkanja/S2430/initialize?prefCd=30&kikanCd=3020200000&kikanKbn=3", "url2": null }, "geometry": { "type": "Point", "coordinates": [ 135.197707, 34.263743 ] } },
{ "type": "Feature", "properties": { "内容": "山崎歯科医院【3:歯科】和歌山県和歌山市園部１５８１－２３", "url": "https://www.iryou.teikyouseido.mhlw.go.jp/znk-web/juminkanja/S2430/initialize?prefCd=30&kikanCd=3020300000&kikanKbn=3", "url2": null }, "geometry": { "type": "Point", "coordinates": [ 135.196624, 34.262799 ] } },
{ "type": "Feature", "properties": { "内容": "岩井歯科【3:歯科】和歌山県和歌山市園部９６６－３", "url": "https://www.iryou.teikyouseido.mhlw.go.jp/znk-web/juminkanja/S2430/initialize?prefCd=30&kikanCd=3020400000&kikanKbn=3", "url2": null }, "geometry": { "type": "Point", "coordinates": [ 135.189708, 34.261855 ] } },
{ "type": "Feature", "properties": { "内容": "やました歯科医院【3:歯科】和歌山県和歌山市新中島８０－９", "url": "https://www.iryou.teikyouseido.mhlw.go.jp/znk-web/juminkanja/S2430/initialize?prefCd=30&kikanCd=3020600000&kikanKbn=3", "url2": null }, "geometry": { "type": "Point", "coordinates": [ 135.198043, 34.215471 ] } },
{ "type": "Feature", "properties": { "内容": "もりおか歯科【3:歯科】和歌山県和歌山市田尻１２４－５", "url": "https://www.iryou.teikyouseido.mhlw.go.jp/znk-web/juminkanja/S2430/initialize?prefCd=30&kikanCd=3020700000&kikanKbn=3", "url2": "http://morioka-dent.com/" }, "geometry": { "type": "Point", "coordinates": [ 135.198099, 34.209498 ] } },
{ "type": "Feature", "properties": { "内容": "藤井歯科医院【3:歯科】和歌山県和歌山市中島２８８－２", "url": "https://www.iryou.teikyouseido.mhlw.go.jp/znk-web/juminkanja/S2430/initialize?prefCd=30&kikanCd=3020800000&kikanKbn=3", "url2": null }, "geometry": { "type": "Point", "coordinates": [ 135.186878, 34.208832 ] } },
{ "type": "Feature", "properties": { "内容": "岩端歯科医院【3:歯科】和歌山県和歌山市小雑賀６９６－５", "url": "https://www.iryou.teikyouseido.mhlw.go.jp/znk-web/juminkanja/S2430/initialize?prefCd=30&kikanCd=3020900000&kikanKbn=3", "url2": "http://wakayamashi-iwabata-dc.com" }, "geometry": { "type": "Point", "coordinates": [ 135.183683, 34.200666 ] } },
{ "type": "Feature", "properties": { "内容": "たけうち歯科医院【3:歯科】和歌山県和歌山市北中島１―３３", "url": "https://www.iryou.teikyouseido.mhlw.go.jp/znk-web/juminkanja/S2430/initialize?prefCd=30&kikanCd=3021000000&kikanKbn=3", "url2": null }, "geometry": { "type": "Point", "coordinates": [ 135.188488, 34.214054 ] } },
{ "type": "Feature", "properties": { "内容": "松本歯科診療所【3:歯科】和歌山県和歌山市北中島１丁目５番１号　クリニックビル２Ｆ", "url": "https://www.iryou.teikyouseido.mhlw.go.jp/znk-web/juminkanja/S2430/initialize?prefCd=30&kikanCd=3021100000&kikanKbn=3", "url2": null }, "geometry": { "type": "Point", "coordinates": [ 135.187321, 34.213665 ] } },
{ "type": "Feature", "properties": { "内容": "山下歯科医院【3:歯科】和歌山県和歌山市三葛１０２―１", "url": "https://www.iryou.teikyouseido.mhlw.go.jp/znk-web/juminkanja/S2430/initialize?prefCd=30&kikanCd=3021200000&kikanKbn=3", "url2": null }, "geometry": { "type": "Point", "coordinates": [ 135.188351, 34.188113 ] } },
{ "type": "Feature", "properties": { "内容": "紀三井寺歯科【3:歯科】和歌山県和歌山市紀三井寺７４９番地－３", "url": "https://www.iryou.teikyouseido.mhlw.go.jp/znk-web/juminkanja/S2430/initialize?prefCd=30&kikanCd=3021300000&kikanKbn=3", "url2": "https://kimiidera-shika.com/" }, "geometry": { "type": "Point", "coordinates": [ 135.185934, 34.185974 ] } },
{ "type": "Feature", "properties": { "内容": "炭井歯科【3:歯科】和歌山県和歌山市内原８１８－１６", "url": "https://www.iryou.teikyouseido.mhlw.go.jp/znk-web/juminkanja/S2430/initialize?prefCd=30&kikanCd=3021500000&kikanKbn=3", "url2": null }, "geometry": { "type": "Point", "coordinates": [ 135.196073, 34.17178 ] } },
{ "type": "Feature", "properties": { "内容": "沼田歯科医院【3:歯科】和歌山県和歌山市内原９９６－１", "url": "https://www.iryou.teikyouseido.mhlw.go.jp/znk-web/juminkanja/S2430/initialize?prefCd=30&kikanCd=3021600000&kikanKbn=3", "url2": null }, "geometry": { "type": "Point", "coordinates": [ 135.189657, 34.171141 ] } },
{ "type": "Feature", "properties": { "内容": "佐武歯科医院【3:歯科】和歌山県和歌山市内原９３７－２５", "url": "https://www.iryou.teikyouseido.mhlw.go.jp/znk-web/juminkanja/S2430/initialize?prefCd=30&kikanCd=3021700000&kikanKbn=3", "url2": null }, "geometry": { "type": "Point", "coordinates": [ 135.191462, 34.17128 ] } },
{ "type": "Feature", "properties": { "内容": "滝本歯科医院【3:歯科】和歌山県和歌山市毛見６０", "url": "https://www.iryou.teikyouseido.mhlw.go.jp/znk-web/juminkanja/S2430/initialize?prefCd=30&kikanCd=3021900000&kikanKbn=3", "url2": null }, "geometry": { "type": "Point", "coordinates": [ 135.187352, 34.163559 ] } },
{ "type": "Feature", "properties": { "内容": "福田歯科医院【3:歯科】和歌山県和歌山市和歌浦東２－７－１６", "url": "https://www.iryou.teikyouseido.mhlw.go.jp/znk-web/juminkanja/S2430/initialize?prefCd=30&kikanCd=3022000000&kikanKbn=3", "url2": null }, "geometry": { "type": "Point", "coordinates": [ 135.174574, 34.189584 ] } },
{ "type": "Feature", "properties": { "内容": "山下歯科診療所【3:歯科】和歌山県和歌山市和歌浦東２－１－６６", "url": "https://www.iryou.teikyouseido.mhlw.go.jp/znk-web/juminkanja/S2430/initialize?prefCd=30&kikanCd=3022100000&kikanKbn=3", "url2": null }, "geometry": { "type": "Point", "coordinates": [ 135.170685, 34.194445 ] } },
{ "type": "Feature", "properties": { "内容": "和歌浦歯科クリニック【3:歯科】和歌山県和歌山市和歌浦東２丁目９番５４号", "url": "https://www.iryou.teikyouseido.mhlw.go.jp/znk-web/juminkanja/S2430/initialize?prefCd=30&kikanCd=3022200000&kikanKbn=3", "url2": "https://wakaura-shika.com" }, "geometry": { "type": "Point", "coordinates": [ 135.176004, 34.192123 ] } },
{ "type": "Feature", "properties": { "内容": "和中歯科【3:歯科】和歌山県和歌山市和歌浦西１丁目７－１", "url": "https://www.iryou.teikyouseido.mhlw.go.jp/znk-web/juminkanja/S2430/initialize?prefCd=30&kikanCd=3022400000&kikanKbn=3", "url2": "https://wanakashika.ci-hp.jp" }, "geometry": { "type": "Point", "coordinates": [ 135.169324, 34.19475 ] } },
{ "type": "Feature", "properties": { "内容": "伊東歯科医院【3:歯科】和歌山県和歌山市新高町５－１４", "url": "https://www.iryou.teikyouseido.mhlw.go.jp/znk-web/juminkanja/S2430/initialize?prefCd=30&kikanCd=3022600000&kikanKbn=3", "url2": null }, "geometry": { "type": "Point", "coordinates": [ 135.167658, 34.202888 ] } },
{ "type": "Feature", "properties": { "内容": "向林歯科医院【3:歯科】和歌山県和歌山市新高町４－１０", "url": "https://www.iryou.teikyouseido.mhlw.go.jp/znk-web/juminkanja/S2430/initialize?prefCd=30&kikanCd=3022700000&kikanKbn=3", "url2": null }, "geometry": { "type": "Point", "coordinates": [ 135.167963, 34.202194 ] } },
{ "type": "Feature", "properties": { "内容": "ふくにし歯科医院【3:歯科】和歌山県和歌山市西浜１００２－１６", "url": "https://www.iryou.teikyouseido.mhlw.go.jp/znk-web/juminkanja/S2430/initialize?prefCd=30&kikanCd=3022800000&kikanKbn=3", "url2": null }, "geometry": { "type": "Point", "coordinates": [ 135.158409, 34.196888 ] } },
{ "type": "Feature", "properties": { "内容": "豊田歯科医院【3:歯科】和歌山県和歌山市西浜８９１－１３", "url": "https://www.iryou.teikyouseido.mhlw.go.jp/znk-web/juminkanja/S2430/initialize?prefCd=30&kikanCd=3022900000&kikanKbn=3", "url2": null }, "geometry": { "type": "Point", "coordinates": [ 135.159019, 34.203943 ] } },
{ "type": "Feature", "properties": { "内容": "田中ハタ歯科【3:歯科】和歌山県和歌山市堀止南ノ丁２－３３", "url": "https://www.iryou.teikyouseido.mhlw.go.jp/znk-web/juminkanja/S2430/initialize?prefCd=30&kikanCd=3023000000&kikanKbn=3", "url2": null }, "geometry": { "type": "Point", "coordinates": [ 135.171101, 34.213165 ] } },
{ "type": "Feature", "properties": { "内容": "永井歯科医院【3:歯科】和歌山県和歌山市堀止西１－２－２", "url": "https://www.iryou.teikyouseido.mhlw.go.jp/znk-web/juminkanja/S2430/initialize?prefCd=30&kikanCd=3023300000&kikanKbn=3", "url2": null }, "geometry": { "type": "Point", "coordinates": [ 135.169768, 34.214082 ] } },
{ "type": "Feature", "properties": { "内容": "中野歯科医院【3:歯科】和歌山県和歌山市堀止西１－９－１８", "url": "https://www.iryou.teikyouseido.mhlw.go.jp/znk-web/juminkanja/S2430/initialize?prefCd=30&kikanCd=3023400000&kikanKbn=3", "url2": null }, "geometry": { "type": "Point", "coordinates": [ 135.16749, 34.213637 ] } },
{ "type": "Feature", "properties": { "内容": "土谷歯科クリニツク【3:歯科】和歌山県和歌山市西高松１－３－７", "url": "https://www.iryou.teikyouseido.mhlw.go.jp/znk-web/juminkanja/S2430/initialize?prefCd=30&kikanCd=3023600000&kikanKbn=3", "url2": null }, "geometry": { "type": "Point", "coordinates": [ 135.171962, 34.210137 ] } },
{ "type": "Feature", "properties": { "内容": "木下歯科医院【3:歯科】和歌山県和歌山市西高松１丁目５－４７", "url": "https://www.iryou.teikyouseido.mhlw.go.jp/znk-web/juminkanja/S2430/initialize?prefCd=30&kikanCd=3023800000&kikanKbn=3", "url2": null }, "geometry": { "type": "Point", "coordinates": [ 135.171129, 34.20911 ] } },
{ "type": "Feature", "properties": { "内容": "アリマ歯科医院【3:歯科】和歌山県和歌山市西高松２丁目１５－７", "url": "https://www.iryou.teikyouseido.mhlw.go.jp/znk-web/juminkanja/S2430/initialize?prefCd=30&kikanCd=3024100000&kikanKbn=3", "url2": "http://arimasika.com/" }, "geometry": { "type": "Point", "coordinates": [ 135.170461, 34.203761 ] } },
{ "type": "Feature", "properties": { "内容": "医療法人　川崎歯科医院【3:歯科】和歌山県和歌山市東高松３丁目２番７号", "url": "https://www.iryou.teikyouseido.mhlw.go.jp/znk-web/juminkanja/S2430/initialize?prefCd=30&kikanCd=3024200000&kikanKbn=3", "url2": null }, "geometry": { "type": "Point", "coordinates": [ 135.173046, 34.206498 ] } },
{ "type": "Feature", "properties": { "内容": "やまにし矯正歯科【3:歯科】和歌山県和歌山市東高松２－１－２３", "url": "https://www.iryou.teikyouseido.mhlw.go.jp/znk-web/juminkanja/S2430/initialize?prefCd=30&kikanCd=3024400000&kikanKbn=3", "url2": "http://hanarabikirei.com" }, "geometry": { "type": "Point", "coordinates": [ 135.171907, 34.208582 ] } },
{ "type": "Feature", "properties": { "内容": "歯科やまにし【3:歯科】和歌山県和歌山市塩屋４－５－２２", "url": "https://www.iryou.teikyouseido.mhlw.go.jp/znk-web/juminkanja/S2430/initialize?prefCd=30&kikanCd=3024500000&kikanKbn=3", "url2": "http://www.shika-yamanishi.jp/" }, "geometry": { "type": "Point", "coordinates": [ 135.177573, 34.199333 ] } },
{ "type": "Feature", "properties": { "内容": "山崎歯科医院【3:歯科】和歌山県海南市船尾２４１番地", "url": "https://www.iryou.teikyouseido.mhlw.go.jp/znk-web/juminkanja/S2430/initialize?prefCd=30&kikanCd=3024900000&kikanKbn=3", "url2": "yamazaki-sika.jp" }, "geometry": { "type": "Point", "coordinates": [ 135.202018, 34.158643 ] } },
{ "type": "Feature", "properties": { "内容": "山本歯科医院【3:歯科】和歌山県海南市船尾１２２", "url": "https://www.iryou.teikyouseido.mhlw.go.jp/znk-web/juminkanja/S2430/initialize?prefCd=30&kikanCd=3025100000&kikanKbn=3", "url2": null }, "geometry": { "type": "Point", "coordinates": [ 135.200602, 34.1603 ] } },
{ "type": "Feature", "properties": { "内容": "山田歯科【3:歯科】和歌山県海南市船尾１８６－５６", "url": "https://www.iryou.teikyouseido.mhlw.go.jp/znk-web/juminkanja/S2430/initialize?prefCd=30&kikanCd=3025200000&kikanKbn=3", "url2": null }, "geometry": { "type": "Point", "coordinates": [ 135.20735, 34.158449 ] } },
{ "type": "Feature", "properties": { "内容": "児島歯科医院【3:歯科】和歌山県海南市船尾１９４", "url": "https://www.iryou.teikyouseido.mhlw.go.jp/znk-web/juminkanja/S2430/initialize?prefCd=30&kikanCd=3025300000&kikanKbn=3", "url2": null }, "geometry": { "type": "Point", "coordinates": [ 135.20635, 34.158338 ] } },
{ "type": "Feature", "properties": { "内容": "岡田歯科・矯正歯科医院【3:歯科】和歌山県海南市日方１５００－２２", "url": "https://www.iryou.teikyouseido.mhlw.go.jp/znk-web/juminkanja/S2430/initialize?prefCd=30&kikanCd=3025400000&kikanKbn=3", "url2": "https://www.okada-dental-orthodontic-dinic.com" }, "geometry": { "type": "Point", "coordinates": [ 135.213683, 34.155894 ] } },
{ "type": "Feature", "properties": { "内容": "玉置歯科医院【3:歯科】和歌山県海南市日方１５１９－２", "url": "https://www.iryou.teikyouseido.mhlw.go.jp/znk-web/juminkanja/S2430/initialize?prefCd=30&kikanCd=3025500000&kikanKbn=3", "url2": null }, "geometry": { "type": "Point", "coordinates": [ 135.210906, 34.155699 ] } },
{ "type": "Feature", "properties": { "内容": "片山歯科医院【3:歯科】和歌山県海南市日方１５２１－８", "url": "https://www.iryou.teikyouseido.mhlw.go.jp/znk-web/juminkanja/S2430/initialize?prefCd=30&kikanCd=3025900000&kikanKbn=3", "url2": null }, "geometry": { "type": "Point", "coordinates": [ 135.210406, 34.154255 ] } },
{ "type": "Feature", "properties": { "内容": "畑岡歯科医院【3:歯科】和歌山県海南市日方１２９０－１６", "url": "https://www.iryou.teikyouseido.mhlw.go.jp/znk-web/juminkanja/S2430/initialize?prefCd=30&kikanCd=3026000000&kikanKbn=3", "url2": "https://www.taokashikaiin.com" }, "geometry": { "type": "Point", "coordinates": [ 135.208822, 34.155089 ] } },
{ "type": "Feature", "properties": { "内容": "田井歯科医院【3:歯科】和歌山県海南市日方１０１１", "url": "https://www.iryou.teikyouseido.mhlw.go.jp/znk-web/juminkanja/S2430/initialize?prefCd=30&kikanCd=3026100000&kikanKbn=3", "url2": null }, "geometry": { "type": "Point", "coordinates": [ 135.214489, 34.157449 ] } },
{ "type": "Feature", "properties": { "内容": "中山歯科医院【3:歯科】和歌山県海南市黒江１２６０", "url": "https://www.iryou.teikyouseido.mhlw.go.jp/znk-web/juminkanja/S2430/initialize?prefCd=30&kikanCd=3026300000&kikanKbn=3", "url2": null }, "geometry": { "type": "Point", "coordinates": [ 135.209739, 34.17017 ] } },
{ "type": "Feature", "properties": { "内容": "平田歯科医院【3:歯科】和歌山県海南市黒江７２２", "url": "https://www.iryou.teikyouseido.mhlw.go.jp/znk-web/juminkanja/S2430/initialize?prefCd=30&kikanCd=3026400000&kikanKbn=3", "url2": null }, "geometry": { "type": "Point", "coordinates": [ 135.205517, 34.162449 ] } },
{ "type": "Feature", "properties": { "内容": "中山たく歯科医院【3:歯科】和歌山県海南市大野中６０２－４", "url": "https://www.iryou.teikyouseido.mhlw.go.jp/znk-web/juminkanja/S2430/initialize?prefCd=30&kikanCd=3026600000&kikanKbn=3", "url2": "https://www.nakayamataku-dc.com/" }, "geometry": { "type": "Point", "coordinates": [ 135.226738, 34.153228 ] } },
{ "type": "Feature", "properties": { "内容": "まとう歯科医院【3:歯科】和歌山県海南市重根４４２－１", "url": "https://www.iryou.teikyouseido.mhlw.go.jp/znk-web/juminkanja/S2430/initialize?prefCd=30&kikanCd=3026800000&kikanKbn=3", "url2": null }, "geometry": { "type": "Point", "coordinates": [ 135.245375, 34.153644 ] } },
{ "type": "Feature", "properties": { "内容": "寺本歯科【3:歯科】和歌山県海南市重根１１６９－２", "url": "https://www.iryou.teikyouseido.mhlw.go.jp/znk-web/juminkanja/S2430/initialize?prefCd=30&kikanCd=3026900000&kikanKbn=3", "url2": "http://www.teramotodc.com" }, "geometry": { "type": "Point", "coordinates": [ 135.253875, 34.154894 ] } },
{ "type": "Feature", "properties": { "内容": "ホワイト歯科【3:歯科】和歌山県海南市名高２６９－７", "url": "https://www.iryou.teikyouseido.mhlw.go.jp/znk-web/juminkanja/S2430/initialize?prefCd=30&kikanCd=3027400000&kikanKbn=3", "url2": null }, "geometry": { "type": "Point", "coordinates": [ 135.215517, 34.151811 ] } },
{ "type": "Feature", "properties": { "内容": "さかい歯科【3:歯科】和歌山県有田郡湯浅町湯浅９６２", "url": "https://www.iryou.teikyouseido.mhlw.go.jp/znk-web/juminkanja/S2430/initialize?prefCd=30&kikanCd=3027500000&kikanKbn=3", "url2": "http://sakai-do.cihp.ip/" }, "geometry": { "type": "Point", "coordinates": [ 135.179236, 34.035971 ] } },
{ "type": "Feature", "properties": { "内容": "上田歯科【3:歯科】和歌山県有田郡湯浅町湯浅２８３２－３", "url": "https://www.iryou.teikyouseido.mhlw.go.jp/znk-web/juminkanja/S2430/initialize?prefCd=30&kikanCd=3027600000&kikanKbn=3", "url2": null }, "geometry": { "type": "Point", "coordinates": [ 135.172359, 34.035129 ] } },
{ "type": "Feature", "properties": { "内容": "医療法人　若葉会　ながたに歯科【3:歯科】和歌山県有田郡湯浅町湯浅１４５６－８", "url": "https://www.iryou.teikyouseido.mhlw.go.jp/znk-web/juminkanja/S2430/initialize?prefCd=30&kikanCd=3027800000&kikanKbn=3", "url2": null }, "geometry": { "type": "Point", "coordinates": [ 135.18483, 34.035017 ] } },
{ "type": "Feature", "properties": { "内容": "大谷歯科【3:歯科】和歌山県有田郡湯浅町湯浅１２９１－１９", "url": "https://www.iryou.teikyouseido.mhlw.go.jp/znk-web/juminkanja/S2430/initialize?prefCd=30&kikanCd=3027900000&kikanKbn=3", "url2": null }, "geometry": { "type": "Point", "coordinates": [ 135.178248, 34.031545 ] } },
{ "type": "Feature", "properties": { "内容": "大橋歯科・矯正歯科【3:歯科】和歌山県有田郡湯浅町湯浅１２６７番地", "url": "https://www.iryou.teikyouseido.mhlw.go.jp/znk-web/juminkanja/S2430/initialize?prefCd=30&kikanCd=3028000000&kikanKbn=3", "url2": "http://www.ohashi-kyousei.com/" }, "geometry": { "type": "Point", "coordinates": [ 135.176609, 34.03124 ] } },
{ "type": "Feature", "properties": { "内容": "やまだ歯科クリニック【3:歯科】和歌山県有田郡湯浅町湯浅２１６６－１１", "url": "https://www.iryou.teikyouseido.mhlw.go.jp/znk-web/juminkanja/S2430/initialize?prefCd=30&kikanCd=3028200000&kikanKbn=3", "url2": null }, "geometry": { "type": "Point", "coordinates": [ 135.186857, 34.039933 ] } },
{ "type": "Feature", "properties": { "内容": "太田歯科医院【3:歯科】和歌山県有田郡有田川町下津野１２８９－１", "url": "https://www.iryou.teikyouseido.mhlw.go.jp/znk-web/juminkanja/S2430/initialize?prefCd=30&kikanCd=3028300000&kikanKbn=3", "url2": null }, "geometry": { "type": "Point", "coordinates": [ 135.214937, 34.063153 ] } },
{ "type": "Feature", "properties": { "内容": "荻野歯科医院【3:歯科】和歌山県有田郡有田川町下津野１８５－１", "url": "https://www.iryou.teikyouseido.mhlw.go.jp/znk-web/juminkanja/S2430/initialize?prefCd=30&kikanCd=3028400000&kikanKbn=3", "url2": null }, "geometry": { "type": "Point", "coordinates": [ 135.221131, 34.066153 ] } },
{ "type": "Feature", "properties": { "内容": "滝川歯科医院【3:歯科】和歌山県有田郡有田川町天満５２２－４", "url": "https://www.iryou.teikyouseido.mhlw.go.jp/znk-web/juminkanja/S2430/initialize?prefCd=30&kikanCd=3028500000&kikanKbn=3", "url2": null }, "geometry": { "type": "Point", "coordinates": [ 135.202438, 34.062903 ] } },
{ "type": "Feature", "properties": { "内容": "あさかわ歯科医院【3:歯科】和歌山県有田郡有田川町天満２２１－９", "url": "https://www.iryou.teikyouseido.mhlw.go.jp/znk-web/juminkanja/S2430/initialize?prefCd=30&kikanCd=3028600000&kikanKbn=3", "url2": null }, "geometry": { "type": "Point", "coordinates": [ 135.201523, 34.055071 ] } },
{ "type": "Feature", "properties": { "内容": "湯田歯科医院【3:歯科】和歌山県有田郡有田川町天満２８－１９", "url": "https://www.iryou.teikyouseido.mhlw.go.jp/znk-web/juminkanja/S2430/initialize?prefCd=30&kikanCd=3028700000&kikanKbn=3", "url2": null }, "geometry": { "type": "Point", "coordinates": [ 135.197716, 34.064514 ] } },
{ "type": "Feature", "properties": { "内容": "濱口歯科医院【3:歯科】和歌山県有田郡広川町広６７２－１", "url": "https://www.iryou.teikyouseido.mhlw.go.jp/znk-web/juminkanja/S2430/initialize?prefCd=30&kikanCd=3028900000&kikanKbn=3", "url2": null }, "geometry": { "type": "Point", "coordinates": [ 135.172998, 34.025296 ] } },
{ "type": "Feature", "properties": { "内容": "下出歯科診療所【3:歯科】和歌山県有田郡広川町広２９２－１", "url": "https://www.iryou.teikyouseido.mhlw.go.jp/znk-web/juminkanja/S2430/initialize?prefCd=30&kikanCd=3029000000&kikanKbn=3", "url2": "https://www.shimode-shika.com/" }, "geometry": { "type": "Point", "coordinates": [ 135.176026, 34.029629 ] } },
{ "type": "Feature", "properties": { "内容": "前田歯科医院【3:歯科】和歌山県有田郡有田川町金屋６３４", "url": "https://www.iryou.teikyouseido.mhlw.go.jp/znk-web/juminkanja/S2430/initialize?prefCd=30&kikanCd=3029200000&kikanKbn=3", "url2": null }, "geometry": { "type": "Point", "coordinates": [ 135.25299, 34.064154 ] } },
{ "type": "Feature", "properties": { "内容": "上西歯科粟生分院【3:歯科】和歌山県有田郡有田川町粟生４６３－７", "url": "https://www.iryou.teikyouseido.mhlw.go.jp/znk-web/juminkanja/S2430/initialize?prefCd=30&kikanCd=3029300000&kikanKbn=3", "url2": null }, "geometry": { "type": "Point", "coordinates": [ 135.346655, 34.048551 ] } },
{ "type": "Feature", "properties": { "内容": "いながきデンタルクリニック【3:歯科】和歌山県有田郡有田川町清水３５２－１", "url": "https://www.iryou.teikyouseido.mhlw.go.jp/znk-web/juminkanja/S2430/initialize?prefCd=30&kikanCd=3029400000&kikanKbn=3", "url2": null }, "geometry": { "type": "Point", "coordinates": [ 135.429557, 34.083794 ] } },
{ "type": "Feature", "properties": { "内容": "上西歯科医院【3:歯科】和歌山県有田郡有田川町清水２９７－１", "url": "https://www.iryou.teikyouseido.mhlw.go.jp/znk-web/juminkanja/S2430/initialize?prefCd=30&kikanCd=3029500000&kikanKbn=3", "url2": null }, "geometry": { "type": "Point", "coordinates": [ 135.427446, 34.085544 ] } },
{ "type": "Feature", "properties": { "内容": "ウエダ歯科【3:歯科】和歌山県有田郡有田川町徳田５６３－６", "url": "https://www.iryou.teikyouseido.mhlw.go.jp/znk-web/juminkanja/S2430/initialize?prefCd=30&kikanCd=3029700000&kikanKbn=3", "url2": "http://uedashika.jp/" }, "geometry": { "type": "Point", "coordinates": [ 135.245797, 34.060904 ] } },
{ "type": "Feature", "properties": { "内容": "東歯科医院【3:歯科】和歌山県有田郡有田川町庄１１－３", "url": "https://www.iryou.teikyouseido.mhlw.go.jp/znk-web/juminkanja/S2430/initialize?prefCd=30&kikanCd=3029900000&kikanKbn=3", "url2": null }, "geometry": { "type": "Point", "coordinates": [ 135.241324, 34.062071 ] } },
{ "type": "Feature", "properties": { "内容": "吉田歯科【3:歯科】和歌山県有田郡有田川町上中島５１３", "url": "https://www.iryou.teikyouseido.mhlw.go.jp/znk-web/juminkanja/S2430/initialize?prefCd=30&kikanCd=3030000000&kikanKbn=3", "url2": null }, "geometry": { "type": "Point", "coordinates": [ 135.206493, 34.071958 ] } },
{ "type": "Feature", "properties": { "内容": "宮本歯科【3:歯科】和歌山県御坊市御坊２５４", "url": "https://www.iryou.teikyouseido.mhlw.go.jp/znk-web/juminkanja/S2430/initialize?prefCd=30&kikanCd=3030100000&kikanKbn=3", "url2": null }, "geometry": { "type": "Point", "coordinates": [ 135.156284, 33.888699 ] } },
{ "type": "Feature", "properties": { "内容": "医療法人　野尻歯科【3:歯科】和歌山県御坊市薗３５０－４", "url": "https://www.iryou.teikyouseido.mhlw.go.jp/znk-web/juminkanja/S2430/initialize?prefCd=30&kikanCd=3030200000&kikanKbn=3", "url2": null }, "geometry": { "type": "Point", "coordinates": [ 135.152034, 33.890449 ] } },
{ "type": "Feature", "properties": { "内容": "杉村歯科医院【3:歯科】和歌山県御坊市薗５０８番地", "url": "https://www.iryou.teikyouseido.mhlw.go.jp/znk-web/juminkanja/S2430/initialize?prefCd=30&kikanCd=3030500000&kikanKbn=3", "url2": null }, "geometry": { "type": "Point", "coordinates": [ 135.155367, 33.887505 ] } },
{ "type": "Feature", "properties": { "内容": "五木田歯科医院【3:歯科】和歌山県御坊市島１６７－２", "url": "https://www.iryou.teikyouseido.mhlw.go.jp/znk-web/juminkanja/S2430/initialize?prefCd=30&kikanCd=3030800000&kikanKbn=3", "url2": null }, "geometry": { "type": "Point", "coordinates": [ 135.158367, 33.893477 ] } },
{ "type": "Feature", "properties": { "内容": "くりもと歯科医院【3:歯科】和歌山県御坊市湯川町財部６４１－２４", "url": "https://www.iryou.teikyouseido.mhlw.go.jp/znk-web/juminkanja/S2430/initialize?prefCd=30&kikanCd=3031100000&kikanKbn=3", "url2": "http://www.kurimoto-shika.jp/" }, "geometry": { "type": "Point", "coordinates": [ 135.151089, 33.897365 ] } },
{ "type": "Feature", "properties": { "内容": "藤田歯科診療所【3:歯科】和歌山県御坊市湯川町財部８３５－４", "url": "https://www.iryou.teikyouseido.mhlw.go.jp/znk-web/juminkanja/S2430/initialize?prefCd=30&kikanCd=3031200000&kikanKbn=3", "url2": null }, "geometry": { "type": "Point", "coordinates": [ 135.160838, 33.900698 ] } },
{ "type": "Feature", "properties": { "内容": "医療法人　松洋会　御坊歯科【3:歯科】和歌山県御坊市湯川町小松原５３３－４", "url": "https://www.iryou.teikyouseido.mhlw.go.jp/znk-web/juminkanja/S2430/initialize?prefCd=30&kikanCd=3031300000&kikanKbn=3", "url2": null }, "geometry": { "type": "Point", "coordinates": [ 135.153132, 33.905415 ] } },
{ "type": "Feature", "properties": { "内容": "西馬歯科診療所【3:歯科】和歌山県御坊市湯川町小松原３７４－４", "url": "https://www.iryou.teikyouseido.mhlw.go.jp/znk-web/juminkanja/S2430/initialize?prefCd=30&kikanCd=3031600000&kikanKbn=3", "url2": "http://www.nishiuma-dc.com" }, "geometry": { "type": "Point", "coordinates": [ 135.160727, 33.907558 ] } },
{ "type": "Feature", "properties": { "内容": "博愛歯科診察室【3:歯科】和歌山県御坊市名田町上野１７２２番地１", "url": "https://www.iryou.teikyouseido.mhlw.go.jp/znk-web/juminkanja/S2430/initialize?prefCd=30&kikanCd=3031700000&kikanKbn=3", "url2": null }, "geometry": { "type": "Point", "coordinates": [ 135.179507, 33.832483 ] } },
{ "type": "Feature", "properties": { "内容": "岩崎歯科クリニック【3:歯科】和歌山県日高郡みなべ町芝４４１－９", "url": "https://www.iryou.teikyouseido.mhlw.go.jp/znk-web/juminkanja/S2430/initialize?prefCd=30&kikanCd=3031900000&kikanKbn=3", "url2": null }, "geometry": { "type": "Point", "coordinates": [ 135.32297, 33.766826 ] } },
{ "type": "Feature", "properties": { "内容": "堅田歯科医院【3:歯科】和歌山県日高郡みなべ町芝５０６－５", "url": "https://www.iryou.teikyouseido.mhlw.go.jp/znk-web/juminkanja/S2430/initialize?prefCd=30&kikanCd=3032000000&kikanKbn=3", "url2": null }, "geometry": { "type": "Point", "coordinates": [ 135.322304, 33.766104 ] } },
{ "type": "Feature", "properties": { "内容": "南歯科医院【3:歯科】和歌山県日高郡みなべ町芝４４６", "url": "https://www.iryou.teikyouseido.mhlw.go.jp/znk-web/juminkanja/S2430/initialize?prefCd=30&kikanCd=3032100000&kikanKbn=3", "url2": null }, "geometry": { "type": "Point", "coordinates": [ 135.323304, 33.765937 ] } },
{ "type": "Feature", "properties": { "内容": "ヒロセ歯科医院【3:歯科】和歌山県日高郡みなべ町気佐藤３９５－６", "url": "https://www.iryou.teikyouseido.mhlw.go.jp/znk-web/juminkanja/S2430/initialize?prefCd=30&kikanCd=3032200000&kikanKbn=3", "url2": null }, "geometry": { "type": "Point", "coordinates": [ 135.324858, 33.77802 ] } },
{ "type": "Feature", "properties": { "内容": "龍神村歯科診療所【3:歯科】和歌山県田辺市龍神村安井２７４", "url": "https://www.iryou.teikyouseido.mhlw.go.jp/znk-web/juminkanja/S2430/initialize?prefCd=30&kikanCd=3032300000&kikanKbn=3", "url2": null }, "geometry": { "type": "Point", "coordinates": [ 135.479173, 33.888455 ] } },
{ "type": "Feature", "properties": { "内容": "山本歯科医院【3:歯科】和歌山県田辺市上万呂２４０", "url": "https://www.iryou.teikyouseido.mhlw.go.jp/znk-web/juminkanja/S2430/initialize?prefCd=30&kikanCd=3032400000&kikanKbn=3", "url2": "http://418tanabe.com/" }, "geometry": { "type": "Point", "coordinates": [ 135.407575, 33.734026 ] } },
{ "type": "Feature", "properties": { "内容": "おか歯科医院【3:歯科】和歌山県田辺市中万呂９１－１", "url": "https://www.iryou.teikyouseido.mhlw.go.jp/znk-web/juminkanja/S2430/initialize?prefCd=30&kikanCd=3032500000&kikanKbn=3", "url2": "http://www.oka-dental.net/" }, "geometry": { "type": "Point", "coordinates": [ 135.401076, 33.736637 ] } },
{ "type": "Feature", "properties": { "内容": "榎本デンタルクリニック【3:歯科】和歌山県田辺市秋津町２１５－８", "url": "https://www.iryou.teikyouseido.mhlw.go.jp/znk-web/juminkanja/S2430/initialize?prefCd=30&kikanCd=3032700000&kikanKbn=3", "url2": null }, "geometry": { "type": "Point", "coordinates": [ 135.394187, 33.745719 ] } },
{ "type": "Feature", "properties": { "内容": "住吉歯科医院【3:歯科】和歌山県田辺市神島台１３－１５", "url": "https://www.iryou.teikyouseido.mhlw.go.jp/znk-web/juminkanja/S2430/initialize?prefCd=30&kikanCd=3032900000&kikanKbn=3", "url2": null }, "geometry": { "type": "Point", "coordinates": [ 135.401716, 33.707584 ] } },
{ "type": "Feature", "properties": { "内容": "初山歯科医院【3:歯科】和歌山県田辺市新万２０－６", "url": "https://www.iryou.teikyouseido.mhlw.go.jp/znk-web/juminkanja/S2430/initialize?prefCd=30&kikanCd=3033000000&kikanKbn=3", "url2": null }, "geometry": { "type": "Point", "coordinates": [ 135.397104, 33.733081 ] } },
{ "type": "Feature", "properties": { "内容": "岩上歯科医院【3:歯科】和歌山県田辺市あけぼの４４－１７", "url": "https://www.iryou.teikyouseido.mhlw.go.jp/znk-web/juminkanja/S2430/initialize?prefCd=30&kikanCd=3033100000&kikanKbn=3", "url2": null }, "geometry": { "type": "Point", "coordinates": [ 135.392661, 33.731415 ] } },
{ "type": "Feature", "properties": { "内容": "竹原歯科医院【3:歯科】和歌山県田辺市東山一丁目１８番１０号", "url": "https://www.iryou.teikyouseido.mhlw.go.jp/znk-web/juminkanja/S2430/initialize?prefCd=30&kikanCd=3033200000&kikanKbn=3", "url2": "https://takehara-dc.com/" }, "geometry": { "type": "Point", "coordinates": [ 135.39255, 33.727526 ] } },
{ "type": "Feature", "properties": { "内容": "堀歯科クリニック【3:歯科】和歌山県田辺市東山１－４－３", "url": "https://www.iryou.teikyouseido.mhlw.go.jp/znk-web/juminkanja/S2430/initialize?prefCd=30&kikanCd=3033400000&kikanKbn=3", "url2": null }, "geometry": { "type": "Point", "coordinates": [ 135.388855, 33.72972 ] } },
{ "type": "Feature", "properties": { "内容": "わだ歯科クリニック【3:歯科】和歌山県田辺市文里２－３２－３", "url": "https://www.iryou.teikyouseido.mhlw.go.jp/znk-web/juminkanja/S2430/initialize?prefCd=30&kikanCd=3033500000&kikanKbn=3", "url2": null }, "geometry": { "type": "Point", "coordinates": [ 135.386273, 33.720304 ] } },
{ "type": "Feature", "properties": { "内容": "真砂歯科医院【3:歯科】和歌山県田辺市神子浜一丁目２２番地－１７号", "url": "https://www.iryou.teikyouseido.mhlw.go.jp/znk-web/juminkanja/S2430/initialize?prefCd=30&kikanCd=3033600000&kikanKbn=3", "url2": null }, "geometry": { "type": "Point", "coordinates": [ 135.388522, 33.723304 ] } },
{ "type": "Feature", "properties": { "内容": "西出歯科医院【3:歯科】和歌山県田辺市朝日ヶ丘１６－１２", "url": "https://www.iryou.teikyouseido.mhlw.go.jp/znk-web/juminkanja/S2430/initialize?prefCd=30&kikanCd=3033700000&kikanKbn=3", "url2": null }, "geometry": { "type": "Point", "coordinates": [ 135.390633, 33.735831 ] } },
{ "type": "Feature", "properties": { "内容": "ひまわり歯科【3:歯科】和歌山県田辺市高雄三丁目１１－５", "url": "https://www.iryou.teikyouseido.mhlw.go.jp/znk-web/juminkanja/S2430/initialize?prefCd=30&kikanCd=3033800000&kikanKbn=3", "url2": null }, "geometry": { "type": "Point", "coordinates": [ 135.382216, 33.739525 ] } },
{ "type": "Feature", "properties": { "内容": "真砂歯科診療所【3:歯科】和歌山県田辺市湊３１－５", "url": "https://www.iryou.teikyouseido.mhlw.go.jp/znk-web/juminkanja/S2430/initialize?prefCd=30&kikanCd=3034200000&kikanKbn=3", "url2": null }, "geometry": { "type": "Point", "coordinates": [ 135.385772, 33.730553 ] } },
{ "type": "Feature", "properties": { "内容": "医療法人　辻村歯科医院【3:歯科】和歌山県田辺市高雄一丁目５－３８", "url": "https://www.iryou.teikyouseido.mhlw.go.jp/znk-web/juminkanja/S2430/initialize?prefCd=30&kikanCd=3034300000&kikanKbn=3", "url2": null }, "geometry": { "type": "Point", "coordinates": [ 135.379827, 33.735525 ] } },
{ "type": "Feature", "properties": { "内容": "山路矯正歯科クリニック【3:歯科】和歌山県田辺市下屋敷町３０－１", "url": "https://www.iryou.teikyouseido.mhlw.go.jp/znk-web/juminkanja/S2430/initialize?prefCd=30&kikanCd=3034600000&kikanKbn=3", "url2": "http://www.yamaji-kyousei.com" }, "geometry": { "type": "Point", "coordinates": [ 135.381189, 33.730609 ] } },
{ "type": "Feature", "properties": { "内容": "田辺歯科【3:歯科】和歌山県田辺市新屋敷町６２－２", "url": "https://www.iryou.teikyouseido.mhlw.go.jp/znk-web/juminkanja/S2430/initialize?prefCd=30&kikanCd=3034800000&kikanKbn=3", "url2": null }, "geometry": { "type": "Point", "coordinates": [ 135.380551, 33.72847 ] } },
{ "type": "Feature", "properties": { "内容": "坂本歯科医院【3:歯科】和歌山県田辺市中屋敷町２４－１１", "url": "https://www.iryou.teikyouseido.mhlw.go.jp/znk-web/juminkanja/S2430/initialize?prefCd=30&kikanCd=3035100000&kikanKbn=3", "url2": null }, "geometry": { "type": "Point", "coordinates": [ 135.378495, 33.727859 ] } },
{ "type": "Feature", "properties": { "内容": "医療法人　丸山歯科医院【3:歯科】和歌山県田辺市上屋敷３－１２－６", "url": "https://www.iryou.teikyouseido.mhlw.go.jp/znk-web/juminkanja/S2430/initialize?prefCd=30&kikanCd=3035200000&kikanKbn=3", "url2": null }, "geometry": { "type": "Point", "coordinates": [ 135.374384, 33.729359 ] } },
{ "type": "Feature", "properties": { "内容": "稲成歯科医院【3:歯科】和歌山県田辺市稲成町２８５６－３", "url": "https://www.iryou.teikyouseido.mhlw.go.jp/znk-web/juminkanja/S2430/initialize?prefCd=30&kikanCd=3035700000&kikanKbn=3", "url2": null }, "geometry": { "type": "Point", "coordinates": [ 135.374301, 33.743718 ] } },
{ "type": "Feature", "properties": { "内容": "保富歯科医院【3:歯科】和歌山県田辺市鮎川５８３－５", "url": "https://www.iryou.teikyouseido.mhlw.go.jp/znk-web/juminkanja/S2430/initialize?prefCd=30&kikanCd=3036000000&kikanKbn=3", "url2": null }, "geometry": { "type": "Point", "coordinates": [ 135.482764, 33.728278 ] } },
{ "type": "Feature", "properties": { "内容": "田中歯科医院【3:歯科】和歌山県田辺市中辺路町栗栖川１４２－５", "url": "https://www.iryou.teikyouseido.mhlw.go.jp/znk-web/juminkanja/S2430/initialize?prefCd=30&kikanCd=3036100000&kikanKbn=3", "url2": "tanaka-tdc.com" }, "geometry": { "type": "Point", "coordinates": [ 135.514537, 33.788577 ] } },
{ "type": "Feature", "properties": { "内容": "亀屋ビル歯科【3:歯科】和歌山県新宮市谷王子町４５６－１　亀屋ビル２Ｆ", "url": "https://www.iryou.teikyouseido.mhlw.go.jp/znk-web/juminkanja/S2430/initialize?prefCd=30&kikanCd=3036200000&kikanKbn=3", "url2": null }, "geometry": { "type": "Point", "coordinates": [ 135.990638, 33.727537 ] } },
{ "type": "Feature", "properties": { "内容": "しんぐう歯科【3:歯科】和歌山県新宮市千穂２－３－１７", "url": "https://www.iryou.teikyouseido.mhlw.go.jp/znk-web/juminkanja/S2430/initialize?prefCd=30&kikanCd=3036700000&kikanKbn=3", "url2": null }, "geometry": { "type": "Point", "coordinates": [ 135.986833, 33.726481 ] } },
{ "type": "Feature", "properties": { "内容": "東歯科医院【3:歯科】和歌山県新宮市池田３－１－１６", "url": "https://www.iryou.teikyouseido.mhlw.go.jp/znk-web/juminkanja/S2430/initialize?prefCd=30&kikanCd=3036900000&kikanKbn=3", "url2": null }, "geometry": { "type": "Point", "coordinates": [ 135.996, 33.72737 ] } },
{ "type": "Feature", "properties": { "内容": "大川歯科医院【3:歯科】和歌山県新宮市蓬莱２－２－７", "url": "https://www.iryou.teikyouseido.mhlw.go.jp/znk-web/juminkanja/S2430/initialize?prefCd=30&kikanCd=3037000000&kikanKbn=3", "url2": null }, "geometry": { "type": "Point", "coordinates": [ 135.99725, 33.725648 ] } },
{ "type": "Feature", "properties": { "内容": "すがの歯科医院【3:歯科】和歌山県新宮市田鶴原町１－２－２２", "url": "https://www.iryou.teikyouseido.mhlw.go.jp/znk-web/juminkanja/S2430/initialize?prefCd=30&kikanCd=3037200000&kikanKbn=3", "url2": null }, "geometry": { "type": "Point", "coordinates": [ 135.998444, 33.721121 ] } },
{ "type": "Feature", "properties": { "内容": "小林歯科室【3:歯科】和歌山県新宮市下田１丁目４番７号", "url": "https://www.iryou.teikyouseido.mhlw.go.jp/znk-web/juminkanja/S2430/initialize?prefCd=30&kikanCd=3037300000&kikanKbn=3", "url2": null }, "geometry": { "type": "Point", "coordinates": [ 135.995444, 33.720732 ] } },
{ "type": "Feature", "properties": { "内容": "下出歯科医院【3:歯科】和歌山県新宮市緑ケ丘２丁目３番５号", "url": "https://www.iryou.teikyouseido.mhlw.go.jp/znk-web/juminkanja/S2430/initialize?prefCd=30&kikanCd=3037500000&kikanKbn=3", "url2": null }, "geometry": { "type": "Point", "coordinates": [ 135.988639, 33.720204 ] } },
{ "type": "Feature", "properties": { "内容": "岡本歯科【3:歯科】和歌山県新宮市緑ケ丘１－８－１６", "url": "https://www.iryou.teikyouseido.mhlw.go.jp/znk-web/juminkanja/S2430/initialize?prefCd=30&kikanCd=3037600000&kikanKbn=3", "url2": null }, "geometry": { "type": "Point", "coordinates": [ 135.992222, 33.72001 ] } },
{ "type": "Feature", "properties": { "内容": "新宮デンタルクリニック【3:歯科】和歌山県新宮市佐野３丁目１１ー１９　スーパーセンターオークワ南紀店", "url": "https://www.iryou.teikyouseido.mhlw.go.jp/znk-web/juminkanja/S2430/initialize?prefCd=30&kikanCd=3038200000&kikanKbn=3", "url2": "http://www.shingu-dental.com/" }, "geometry": { "type": "Point", "coordinates": [ 135.990334, 33.714288 ] } },
{ "type": "Feature", "properties": { "内容": "さかぐち歯科医院【3:歯科】和歌山県新宮市三輪崎１２３６－６", "url": "https://www.iryou.teikyouseido.mhlw.go.jp/znk-web/juminkanja/S2430/initialize?prefCd=30&kikanCd=3038300000&kikanKbn=3", "url2": null }, "geometry": { "type": "Point", "coordinates": [ 135.977586, 33.687735 ] } },
{ "type": "Feature", "properties": { "内容": "向井歯科医院【3:歯科】和歌山県新宮市三輪崎３－７－１", "url": "https://www.iryou.teikyouseido.mhlw.go.jp/znk-web/juminkanja/S2430/initialize?prefCd=30&kikanCd=3038400000&kikanKbn=3", "url2": null }, "geometry": { "type": "Point", "coordinates": [ 135.980836, 33.685457 ] } },
{ "type": "Feature", "properties": { "内容": "飯田歯科医院【3:歯科】和歌山県新宮市三輪崎１１２９－３", "url": "https://www.iryou.teikyouseido.mhlw.go.jp/znk-web/juminkanja/S2430/initialize?prefCd=30&kikanCd=3038500000&kikanKbn=3", "url2": null }, "geometry": { "type": "Point", "coordinates": [ 135.972504, 33.68618 ] } },
{ "type": "Feature", "properties": { "内容": "山本歯科医院【3:歯科】和歌山県新宮市三輪崎３丁目２番４号", "url": "https://www.iryou.teikyouseido.mhlw.go.jp/znk-web/juminkanja/S2430/initialize?prefCd=30&kikanCd=3038600000&kikanKbn=3", "url2": null }, "geometry": { "type": "Point", "coordinates": [ 135.98153, 33.686096 ] } },
{ "type": "Feature", "properties": { "内容": "宮本歯科【3:歯科】和歌山県新宮市佐野１丁目５－２８", "url": "https://www.iryou.teikyouseido.mhlw.go.jp/znk-web/juminkanja/S2430/initialize?prefCd=30&kikanCd=3038700000&kikanKbn=3", "url2": null }, "geometry": { "type": "Point", "coordinates": [ 135.976364, 33.68268 ] } },
{ "type": "Feature", "properties": { "内容": "ウエムラ歯科クリニック【3:歯科】和歌山県新宮市新宮３９０－１　すみたビル３Ｆ", "url": "https://www.iryou.teikyouseido.mhlw.go.jp/znk-web/juminkanja/S2430/initialize?prefCd=30&kikanCd=3038800000&kikanKbn=3", "url2": null }, "geometry": { "type": "Point", "coordinates": [ 135.990194, 33.728259 ] } },
{ "type": "Feature", "properties": { "内容": "浜口歯科医院【3:歯科】和歌山県新宮市新宮４５９６－４", "url": "https://www.iryou.teikyouseido.mhlw.go.jp/znk-web/juminkanja/S2430/initialize?prefCd=30&kikanCd=3039000000&kikanKbn=3", "url2": null }, "geometry": { "type": "Point", "coordinates": [ 135.997305, 33.716843 ] } },
{ "type": "Feature", "properties": { "内容": "Ｓｍｉｌｅ　Ｄｅｎｔａｌ　Ｃａｒｅ　小渕歯科医院【3:歯科】和歌山県田辺市本宮町請川２５５－３", "url": "https://www.iryou.teikyouseido.mhlw.go.jp/znk-web/juminkanja/S2430/initialize?prefCd=30&kikanCd=3039400000&kikanKbn=3", "url2": null }, "geometry": { "type": "Point", "coordinates": [ 135.786929, 33.820689 ] } },
{ "type": "Feature", "properties": { "内容": "玉置歯科医院【3:歯科】和歌山県田辺市本宮町伏拝９６７－６", "url": "https://www.iryou.teikyouseido.mhlw.go.jp/znk-web/juminkanja/S2430/initialize?prefCd=30&kikanCd=3039500000&kikanKbn=3", "url2": null }, "geometry": { "type": "Point", "coordinates": [ 135.75779, 33.867018 ] } },
{ "type": "Feature", "properties": { "内容": "落合デンタルオフィス【3:歯科】和歌山県橋本市隅田町河瀬７８９－１", "url": "https://www.iryou.teikyouseido.mhlw.go.jp/znk-web/juminkanja/S2430/initialize?prefCd=30&kikanCd=3039600000&kikanKbn=3", "url2": null }, "geometry": { "type": "Point", "coordinates": [ 135.624697, 34.3238 ] } },
{ "type": "Feature", "properties": { "内容": "つちだ歯科医院【3:歯科】和歌山県橋本市隅田町垂井５５－２", "url": "https://www.iryou.teikyouseido.mhlw.go.jp/znk-web/juminkanja/S2430/initialize?prefCd=30&kikanCd=3039800000&kikanKbn=3", "url2": null }, "geometry": { "type": "Point", "coordinates": [ 135.649556, 34.331355 ] } },
{ "type": "Feature", "properties": { "内容": "隅田歯科医院【3:歯科】和歌山県橋本市隅田町垂井７３－１", "url": "https://www.iryou.teikyouseido.mhlw.go.jp/znk-web/juminkanja/S2430/initialize?prefCd=30&kikanCd=3039900000&kikanKbn=3", "url2": null }, "geometry": { "type": "Point", "coordinates": [ 135.649862, 34.329244 ] } },
{ "type": "Feature", "properties": { "内容": "海堀歯科医院【3:歯科】和歌山県橋本市学文路４１８", "url": "https://www.iryou.teikyouseido.mhlw.go.jp/znk-web/juminkanja/S2430/initialize?prefCd=30&kikanCd=3040000000&kikanKbn=3", "url2": null }, "geometry": { "type": "Point", "coordinates": [ 135.582008, 34.297746 ] } },
{ "type": "Feature", "properties": { "内容": "多田歯科医院【3:歯科】和歌山県橋本市古佐田１－６－１０", "url": "https://www.iryou.teikyouseido.mhlw.go.jp/znk-web/juminkanja/S2430/initialize?prefCd=30&kikanCd=3040500000&kikanKbn=3", "url2": null }, "geometry": { "type": "Point", "coordinates": [ 135.614754, 34.317411 ] } },
{ "type": "Feature", "properties": { "内容": "海堀歯科医院【3:歯科】和歌山県橋本市古佐田２―３―８", "url": "https://www.iryou.teikyouseido.mhlw.go.jp/znk-web/juminkanja/S2430/initialize?prefCd=30&kikanCd=3040600000&kikanKbn=3", "url2": null }, "geometry": { "type": "Point", "coordinates": [ 135.616504, 34.317994 ] } },
{ "type": "Feature", "properties": { "内容": "森田歯科医院【3:歯科】和歌山県橋本市小原田６８", "url": "https://www.iryou.teikyouseido.mhlw.go.jp/znk-web/juminkanja/S2430/initialize?prefCd=30&kikanCd=3040800000&kikanKbn=3", "url2": null }, "geometry": { "type": "Point", "coordinates": [ 135.607615, 34.328105 ] } },
{ "type": "Feature", "properties": { "内容": "村上歯科医院【3:歯科】和歌山県橋本市東家４－１４－８", "url": "https://www.iryou.teikyouseido.mhlw.go.jp/znk-web/juminkanja/S2430/initialize?prefCd=30&kikanCd=3040900000&kikanKbn=3", "url2": null }, "geometry": { "type": "Point", "coordinates": [ 135.610477, 34.316494 ] } },
{ "type": "Feature", "properties": { "内容": "ほりはた歯科医院【3:歯科】和歌山県橋本市市脇１丁目１－２４", "url": "https://www.iryou.teikyouseido.mhlw.go.jp/znk-web/juminkanja/S2430/initialize?prefCd=30&kikanCd=3041300000&kikanKbn=3", "url2": null }, "geometry": { "type": "Point", "coordinates": [ 135.603366, 34.314828 ] } },
{ "type": "Feature", "properties": { "内容": "森歯科医院【3:歯科】和歌山県橋本市慶賀野２８０－１　　森ビル１Ｆ", "url": "https://www.iryou.teikyouseido.mhlw.go.jp/znk-web/juminkanja/S2430/initialize?prefCd=30&kikanCd=3041600000&kikanKbn=3", "url2": null }, "geometry": { "type": "Point", "coordinates": [ 135.606114, 34.355268 ] } },
{ "type": "Feature", "properties": { "内容": "加藤歯科医院【3:歯科】和歌山県橋本市三石台１－３－１１", "url": "https://www.iryou.teikyouseido.mhlw.go.jp/znk-web/juminkanja/S2430/initialize?prefCd=30&kikanCd=3041700000&kikanKbn=3", "url2": null }, "geometry": { "type": "Point", "coordinates": [ 135.602121, 34.355732 ] } },
{ "type": "Feature", "properties": { "内容": "岩上歯科【3:歯科】和歌山県橋本市御幸辻３０６－３", "url": "https://www.iryou.teikyouseido.mhlw.go.jp/znk-web/juminkanja/S2430/initialize?prefCd=30&kikanCd=3041900000&kikanKbn=3", "url2": null }, "geometry": { "type": "Point", "coordinates": [ 135.603476, 34.338326 ] } },
{ "type": "Feature", "properties": { "内容": "守内歯科医院【3:歯科】和歌山県橋本市高野口町名倉６", "url": "https://www.iryou.teikyouseido.mhlw.go.jp/znk-web/juminkanja/S2430/initialize?prefCd=30&kikanCd=3042200000&kikanKbn=3", "url2": null }, "geometry": { "type": "Point", "coordinates": [ 135.557398, 34.302468 ] } },
{ "type": "Feature", "properties": { "内容": "松岡歯科医院【3:歯科】和歌山県伊都郡高野町高野山７９５レジデンス松岡", "url": "https://www.iryou.teikyouseido.mhlw.go.jp/znk-web/juminkanja/S2430/initialize?prefCd=30&kikanCd=3042600000&kikanKbn=3", "url2": null }, "geometry": { "type": "Point", "coordinates": [ 135.577597, 34.212304 ] } },
{ "type": "Feature", "properties": { "内容": "岡歯科医院【3:歯科】和歌山県海南市下津町下津３０６６－２", "url": "https://www.iryou.teikyouseido.mhlw.go.jp/znk-web/juminkanja/S2430/initialize?prefCd=30&kikanCd=3042900000&kikanKbn=3", "url2": null }, "geometry": { "type": "Point", "coordinates": [ 135.145886, 34.10987 ] } },
{ "type": "Feature", "properties": { "内容": "沼田歯科医院【3:歯科】和歌山県海南市下津町黒田５５－５", "url": "https://www.iryou.teikyouseido.mhlw.go.jp/znk-web/juminkanja/S2430/initialize?prefCd=30&kikanCd=3043000000&kikanKbn=3", "url2": null }, "geometry": { "type": "Point", "coordinates": [ 135.158939, 34.126341 ] } },
{ "type": "Feature", "properties": { "内容": "荻野歯科医院【3:歯科】和歌山県海南市下津町下２７０－１", "url": "https://www.iryou.teikyouseido.mhlw.go.jp/znk-web/juminkanja/S2430/initialize?prefCd=30&kikanCd=3043100000&kikanKbn=3", "url2": null }, "geometry": { "type": "Point", "coordinates": [ 135.162411, 34.127369 ] } },
{ "type": "Feature", "properties": { "内容": "池田歯科診療所【3:歯科】和歌山県海南市下津町小松原４－４", "url": "https://www.iryou.teikyouseido.mhlw.go.jp/znk-web/juminkanja/S2430/initialize?prefCd=30&kikanCd=3043200000&kikanKbn=3", "url2": "http://ikeda-dc.main.jp/wdp" }, "geometry": { "type": "Point", "coordinates": [ 135.18316, 34.125507 ] } },
{ "type": "Feature", "properties": { "内容": "もりもと歯科医院【3:歯科】和歌山県有田市箕島６２－４", "url": "https://www.iryou.teikyouseido.mhlw.go.jp/znk-web/juminkanja/S2430/initialize?prefCd=30&kikanCd=3043300000&kikanKbn=3", "url2": null }, "geometry": { "type": "Point", "coordinates": [ 135.127957, 34.084061 ] } },
{ "type": "Feature", "properties": { "内容": "大浦歯科医院【3:歯科】和歌山県有田市箕島５７－４", "url": "https://www.iryou.teikyouseido.mhlw.go.jp/znk-web/juminkanja/S2430/initialize?prefCd=30&kikanCd=3043500000&kikanKbn=3", "url2": "https://www.oura-dental.com/" }, "geometry": { "type": "Point", "coordinates": [ 135.128471, 34.084234 ] } },
{ "type": "Feature", "properties": { "内容": "成川歯科医院【3:歯科】和歌山県有田市箕島８７７", "url": "https://www.iryou.teikyouseido.mhlw.go.jp/znk-web/juminkanja/S2430/initialize?prefCd=30&kikanCd=3043600000&kikanKbn=3", "url2": null }, "geometry": { "type": "Point", "coordinates": [ 135.124944, 34.085261 ] } },
{ "type": "Feature", "properties": { "内容": "石垣歯科医院【3:歯科】和歌山県有田市港町６３－２", "url": "https://www.iryou.teikyouseido.mhlw.go.jp/znk-web/juminkanja/S2430/initialize?prefCd=30&kikanCd=3043700000&kikanKbn=3", "url2": null }, "geometry": { "type": "Point", "coordinates": [ 135.113, 34.088677 ] } },
{ "type": "Feature", "properties": { "内容": "西島歯科医院【3:歯科】和歌山県有田市初島町浜１０４７－２", "url": "https://www.iryou.teikyouseido.mhlw.go.jp/znk-web/juminkanja/S2430/initialize?prefCd=30&kikanCd=3043900000&kikanKbn=3", "url2": null }, "geometry": { "type": "Point", "coordinates": [ 135.118166, 34.104258 ] } },
{ "type": "Feature", "properties": { "内容": "大中歯科医院【3:歯科】和歌山県有田市初島町里２１０７－１", "url": "https://www.iryou.teikyouseido.mhlw.go.jp/znk-web/juminkanja/S2430/initialize?prefCd=30&kikanCd=3044000000&kikanKbn=3", "url2": "http://www.o-skyek.jp/index.html" }, "geometry": { "type": "Point", "coordinates": [ 135.115583, 34.093676 ] } },
{ "type": "Feature", "properties": { "内容": "医療法人　川島歯科クリニック【3:歯科】和歌山県有田市辻堂８００－２", "url": "https://www.iryou.teikyouseido.mhlw.go.jp/znk-web/juminkanja/S2430/initialize?prefCd=30&kikanCd=3044100000&kikanKbn=3", "url2": null }, "geometry": { "type": "Point", "coordinates": [ 135.14272, 34.077151 ] } },
{ "type": "Feature", "properties": { "内容": "嶋田歯科医院【3:歯科】和歌山県有田市辻堂７０９－２", "url": "https://www.iryou.teikyouseido.mhlw.go.jp/znk-web/juminkanja/S2430/initialize?prefCd=30&kikanCd=3044200000&kikanKbn=3", "url2": null }, "geometry": { "type": "Point", "coordinates": [ 135.141859, 34.078429 ] } },
{ "type": "Feature", "properties": { "内容": "富山歯科医院【3:歯科】和歌山県有田市古江見４０４－２", "url": "https://www.iryou.teikyouseido.mhlw.go.jp/znk-web/juminkanja/S2430/initialize?prefCd=30&kikanCd=3044300000&kikanKbn=3", "url2": null }, "geometry": { "type": "Point", "coordinates": [ 135.130082, 34.078706 ] } },
{ "type": "Feature", "properties": { "内容": "サンタ歯科【3:歯科】和歌山県有田市古江見１５２", "url": "https://www.iryou.teikyouseido.mhlw.go.jp/znk-web/juminkanja/S2430/initialize?prefCd=30&kikanCd=3044400000&kikanKbn=3", "url2": null }, "geometry": { "type": "Point", "coordinates": [ 135.123974, 34.079959 ] } },
{ "type": "Feature", "properties": { "内容": "大谷歯科医院【3:歯科】和歌山県有田市宮原町新町５", "url": "https://www.iryou.teikyouseido.mhlw.go.jp/znk-web/juminkanja/S2430/initialize?prefCd=30&kikanCd=3044500000&kikanKbn=3", "url2": null }, "geometry": { "type": "Point", "coordinates": [ 135.173357, 34.079318 ] } },
{ "type": "Feature", "properties": { "内容": "宮井歯科医院【3:歯科】和歌山県有田市宮原町新町４９－１，　５０", "url": "https://www.iryou.teikyouseido.mhlw.go.jp/znk-web/juminkanja/S2430/initialize?prefCd=30&kikanCd=3044600000&kikanKbn=3", "url2": null }, "geometry": { "type": "Point", "coordinates": [ 135.173616, 34.077984 ] } },
{ "type": "Feature", "properties": { "内容": "九鬼歯科医院【3:歯科】和歌山県有田市宮原町新町９８－２", "url": "https://www.iryou.teikyouseido.mhlw.go.jp/znk-web/juminkanja/S2430/initialize?prefCd=30&kikanCd=3044700000&kikanKbn=3", "url2": null }, "geometry": { "type": "Point", "coordinates": [ 135.174857, 34.078124 ] } },
{ "type": "Feature", "properties": { "内容": "田井歯科【3:歯科】和歌山県日高郡由良町江ノ駒３８８－１", "url": "https://www.iryou.teikyouseido.mhlw.go.jp/znk-web/juminkanja/S2430/initialize?prefCd=30&kikanCd=3044800000&kikanKbn=3", "url2": null }, "geometry": { "type": "Point", "coordinates": [ 135.113839, 33.962051 ] } },
{ "type": "Feature", "properties": { "内容": "平林歯科医院【3:歯科】和歌山県日高郡由良町里２２２－１", "url": "https://www.iryou.teikyouseido.mhlw.go.jp/znk-web/juminkanja/S2430/initialize?prefCd=30&kikanCd=3044900000&kikanKbn=3", "url2": null }, "geometry": { "type": "Point", "coordinates": [ 135.120314, 33.959766 ] } },
{ "type": "Feature", "properties": { "内容": "ひらさ歯科医院【3:歯科】和歌山県日高郡由良町里４０７－２", "url": "https://www.iryou.teikyouseido.mhlw.go.jp/znk-web/juminkanja/S2430/initialize?prefCd=30&kikanCd=3045000000&kikanKbn=3", "url2": null }, "geometry": { "type": "Point", "coordinates": [ 135.126338, 33.967715 ] } },
{ "type": "Feature", "properties": { "内容": "上野山歯科医院【3:歯科】和歌山県日高郡日高町高家７６８－５", "url": "https://www.iryou.teikyouseido.mhlw.go.jp/znk-web/juminkanja/S2430/initialize?prefCd=30&kikanCd=3045100000&kikanKbn=3", "url2": null }, "geometry": { "type": "Point", "coordinates": [ 135.137562, 33.92439 ] } },
{ "type": "Feature", "properties": { "内容": "岡本歯科医院【3:歯科】和歌山県日高郡日高町高家６４２－３", "url": "https://www.iryou.teikyouseido.mhlw.go.jp/znk-web/juminkanja/S2430/initialize?prefCd=30&kikanCd=3045200000&kikanKbn=3", "url2": "http://www.okamotodental.jp/" }, "geometry": { "type": "Point", "coordinates": [ 135.141588, 33.925695 ] } },
{ "type": "Feature", "properties": { "内容": "柏木歯科医院【3:歯科】和歌山県日高郡日高川町小熊２５１２－４", "url": "https://www.iryou.teikyouseido.mhlw.go.jp/znk-web/juminkanja/S2430/initialize?prefCd=30&kikanCd=3045300000&kikanKbn=3", "url2": null }, "geometry": { "type": "Point", "coordinates": [ 135.19003, 33.913614 ] } },
{ "type": "Feature", "properties": { "内容": "よしだ歯科クリニック【3:歯科】和歌山県御坊市藤田町吉田９４９－６", "url": "https://www.iryou.teikyouseido.mhlw.go.jp/znk-web/juminkanja/S2430/initialize?prefCd=30&kikanCd=3045500000&kikanKbn=3", "url2": null }, "geometry": { "type": "Point", "coordinates": [ 135.168782, 33.909447 ] } },
{ "type": "Feature", "properties": { "内容": "武田歯科診療所【3:歯科】和歌山県西牟婁郡上富田町岩田１６４８", "url": "https://www.iryou.teikyouseido.mhlw.go.jp/znk-web/juminkanja/S2430/initialize?prefCd=30&kikanCd=3045900000&kikanKbn=3", "url2": null }, "geometry": { "type": "Point", "coordinates": [ 135.442741, 33.704613 ] } },
{ "type": "Feature", "properties": { "内容": "中井歯科医院【3:歯科】和歌山県西牟婁郡上富田町朝来１１０４", "url": "https://www.iryou.teikyouseido.mhlw.go.jp/znk-web/juminkanja/S2430/initialize?prefCd=30&kikanCd=3046000000&kikanKbn=3", "url2": null }, "geometry": { "type": "Point", "coordinates": [ 135.421132, 33.69503 ] } },
{ "type": "Feature", "properties": { "内容": "南歯科医院【3:歯科】和歌山県西牟婁郡上富田町朝来１３７－５", "url": "https://www.iryou.teikyouseido.mhlw.go.jp/znk-web/juminkanja/S2430/initialize?prefCd=30&kikanCd=3046100000&kikanKbn=3", "url2": null }, "geometry": { "type": "Point", "coordinates": [ 135.428186, 33.69853 ] } },
{ "type": "Feature", "properties": { "内容": "大江歯科【3:歯科】和歌山県西牟婁郡上富田町朝来１３６４－８", "url": "https://www.iryou.teikyouseido.mhlw.go.jp/znk-web/juminkanja/S2430/initialize?prefCd=30&kikanCd=3046200000&kikanKbn=3", "url2": null }, "geometry": { "type": "Point", "coordinates": [ 135.417937, 33.696252 ] } },
{ "type": "Feature", "properties": { "内容": "和田歯科医院【3:歯科】和歌山県西牟婁郡上富田町朝来１３４８－１", "url": "https://www.iryou.teikyouseido.mhlw.go.jp/znk-web/juminkanja/S2430/initialize?prefCd=30&kikanCd=3046300000&kikanKbn=3", "url2": null }, "geometry": { "type": "Point", "coordinates": [ 135.418687, 33.696446 ] } },
{ "type": "Feature", "properties": { "内容": "上野歯科医院【3:歯科】和歌山県西牟婁郡白浜町堅田２０１９－５", "url": "https://www.iryou.teikyouseido.mhlw.go.jp/znk-web/juminkanja/S2430/initialize?prefCd=30&kikanCd=3046400000&kikanKbn=3", "url2": null }, "geometry": { "type": "Point", "coordinates": [ 135.383747, 33.678975 ] } },
{ "type": "Feature", "properties": { "内容": "堅田歯科医院【3:歯科】和歌山県西牟婁郡白浜町堅田２０５１－１", "url": "https://www.iryou.teikyouseido.mhlw.go.jp/znk-web/juminkanja/S2430/initialize?prefCd=30&kikanCd=3046500000&kikanKbn=3", "url2": null }, "geometry": { "type": "Point", "coordinates": [ 135.379886, 33.680281 ] } },
{ "type": "Feature", "properties": { "内容": "いとう歯科医院【3:歯科】和歌山県西牟婁郡白浜町１４２０－１", "url": "https://www.iryou.teikyouseido.mhlw.go.jp/znk-web/juminkanja/S2430/initialize?prefCd=30&kikanCd=3046600000&kikanKbn=3", "url2": "www.ito-dc-shirahama.jp" }, "geometry": { "type": "Point", "coordinates": [ 135.349388, 33.683724 ] } },
{ "type": "Feature", "properties": { "内容": "小田歯科医院【3:歯科】和歌山県西牟婁郡白浜町１３５３－２", "url": "https://www.iryou.teikyouseido.mhlw.go.jp/znk-web/juminkanja/S2430/initialize?prefCd=30&kikanCd=3046900000&kikanKbn=3", "url2": null }, "geometry": { "type": "Point", "coordinates": [ 135.344722, 33.683807 ] } },
{ "type": "Feature", "properties": { "内容": "伊谷歯科医院【3:歯科】和歌山県西牟婁郡白浜町才野３８０－１", "url": "https://www.iryou.teikyouseido.mhlw.go.jp/znk-web/juminkanja/S2430/initialize?prefCd=30&kikanCd=3047000000&kikanKbn=3", "url2": null }, "geometry": { "type": "Point", "coordinates": [ 135.390441, 33.656561 ] } },
{ "type": "Feature", "properties": { "内容": "愛須歯科医院【3:歯科】和歌山県西牟婁郡白浜町日置２０５８", "url": "https://www.iryou.teikyouseido.mhlw.go.jp/znk-web/juminkanja/S2430/initialize?prefCd=30&kikanCd=3047200000&kikanKbn=3", "url2": null }, "geometry": { "type": "Point", "coordinates": [ 135.440409, 33.567709 ] } },
{ "type": "Feature", "properties": { "内容": "小森歯科医院【3:歯科】和歌山県東牟婁郡串本町串本１７３５－１５", "url": "https://www.iryou.teikyouseido.mhlw.go.jp/znk-web/juminkanja/S2430/initialize?prefCd=30&kikanCd=3047700000&kikanKbn=3", "url2": null }, "geometry": { "type": "Point", "coordinates": [ 135.780945, 33.469172 ] } },
{ "type": "Feature", "properties": { "内容": "小山歯科医院【3:歯科】和歌山県東牟婁郡串本町串本４０―４６", "url": "https://www.iryou.teikyouseido.mhlw.go.jp/znk-web/juminkanja/S2430/initialize?prefCd=30&kikanCd=3048000000&kikanKbn=3", "url2": null }, "geometry": { "type": "Point", "coordinates": [ 135.783056, 33.47431 ] } },
{ "type": "Feature", "properties": { "内容": "奥根歯科医院【3:歯科】和歌山県東牟婁郡古座川町高池６３－４", "url": "https://www.iryou.teikyouseido.mhlw.go.jp/znk-web/juminkanja/S2430/initialize?prefCd=30&kikanCd=3048100000&kikanKbn=3", "url2": null }, "geometry": { "type": "Point", "coordinates": [ 135.821856, 33.524722 ] } },
{ "type": "Feature", "properties": { "内容": "岩井歯科医院【3:歯科】和歌山県東牟婁郡串本町中湊４５１", "url": "https://www.iryou.teikyouseido.mhlw.go.jp/znk-web/juminkanja/S2430/initialize?prefCd=30&kikanCd=3048300000&kikanKbn=3", "url2": null }, "geometry": { "type": "Point", "coordinates": [ 135.82555, 33.522528 ] } },
{ "type": "Feature", "properties": { "内容": "間所歯科医院【3:歯科】和歌山県東牟婁郡那智勝浦町下里２９０３－２", "url": "https://www.iryou.teikyouseido.mhlw.go.jp/znk-web/juminkanja/S2430/initialize?prefCd=30&kikanCd=3048500000&kikanKbn=3", "url2": "http://madokoro-dental-clinic.sun.bindcloud.jp/" }, "geometry": { "type": "Point", "coordinates": [ 135.920957, 33.575746 ] } },
{ "type": "Feature", "properties": { "内容": "医療法人　真供会　和穂歯科医院【3:歯科】和歌山県東牟婁郡太地町太地４２０３－９", "url": "https://www.iryou.teikyouseido.mhlw.go.jp/znk-web/juminkanja/S2430/initialize?prefCd=30&kikanCd=3048600000&kikanKbn=3", "url2": "http://www.kazuho.jp" }, "geometry": { "type": "Point", "coordinates": [ 135.945982, 33.596716 ] } },
{ "type": "Feature", "properties": { "内容": "森岡歯科医院【3:歯科】和歌山県東牟婁郡那智勝浦町宇久井１０７５番地", "url": "https://www.iryou.teikyouseido.mhlw.go.jp/znk-web/juminkanja/S2430/initialize?prefCd=30&kikanCd=3048900000&kikanKbn=3", "url2": null }, "geometry": { "type": "Point", "coordinates": [ 135.970838, 33.657766 ] } },
{ "type": "Feature", "properties": { "内容": "松葉歯科医院【3:歯科】和歌山県東牟婁郡那智勝浦町天満１－４４", "url": "https://www.iryou.teikyouseido.mhlw.go.jp/znk-web/juminkanja/S2430/initialize?prefCd=30&kikanCd=3049100000&kikanKbn=3", "url2": null }, "geometry": { "type": "Point", "coordinates": [ 135.937175, 33.63149 ] } },
{ "type": "Feature", "properties": { "内容": "浦川歯科医院【3:歯科】和歌山県東牟婁郡那智勝浦町天満４４４－２", "url": "https://www.iryou.teikyouseido.mhlw.go.jp/znk-web/juminkanja/S2430/initialize?prefCd=30&kikanCd=3049300000&kikanKbn=3", "url2": "http://urakawa-dental-clinic.com" }, "geometry": { "type": "Point", "coordinates": [ 135.934731, 33.637879 ] } },
{ "type": "Feature", "properties": { "内容": "もみの木歯科医院【3:歯科】和歌山県東牟婁郡那智勝浦町天満１７３０－４３", "url": "https://www.iryou.teikyouseido.mhlw.go.jp/znk-web/juminkanja/S2430/initialize?prefCd=30&kikanCd=3049400000&kikanKbn=3", "url2": null }, "geometry": { "type": "Point", "coordinates": [ 135.931481, 33.639878 ] } },
{ "type": "Feature", "properties": { "内容": "岸歯科医院【3:歯科】和歌山県東牟婁郡那智勝浦町朝日２－１２９", "url": "https://www.iryou.teikyouseido.mhlw.go.jp/znk-web/juminkanja/S2430/initialize?prefCd=30&kikanCd=3049600000&kikanKbn=3", "url2": null }, "geometry": { "type": "Point", "coordinates": [ 135.93937, 33.62838 ] } },
{ "type": "Feature", "properties": { "内容": "和田歯科医院【3:歯科】和歌山県東牟婁郡那智勝浦町朝日２丁目３番の３", "url": "https://www.iryou.teikyouseido.mhlw.go.jp/znk-web/juminkanja/S2430/initialize?prefCd=30&kikanCd=3049700000&kikanKbn=3", "url2": null }, "geometry": { "type": "Point", "coordinates": [ 135.940897, 33.62713 ] } },
{ "type": "Feature", "properties": { "内容": "玉置歯科医院【3:歯科】和歌山県東牟婁郡那智勝浦町朝日４丁目８６番地", "url": "https://www.iryou.teikyouseido.mhlw.go.jp/znk-web/juminkanja/S2430/initialize?prefCd=30&kikanCd=3049800000&kikanKbn=3", "url2": null }, "geometry": { "type": "Point", "coordinates": [ 135.938953, 33.630768 ] } },
{ "type": "Feature", "properties": { "内容": "和中歯科医院【3:歯科】和歌山県東牟婁郡那智勝浦町朝日３－１７６", "url": "https://www.iryou.teikyouseido.mhlw.go.jp/znk-web/juminkanja/S2430/initialize?prefCd=30&kikanCd=3049900000&kikanKbn=3", "url2": null }, "geometry": { "type": "Point", "coordinates": [ 135.938509, 33.63024 ] } },
{ "type": "Feature", "properties": { "内容": "きし歯科【3:歯科】和歌山県東牟婁郡那智勝浦町北浜１－８", "url": "https://www.iryou.teikyouseido.mhlw.go.jp/znk-web/juminkanja/S2430/initialize?prefCd=30&kikanCd=3050000000&kikanKbn=3", "url2": null }, "geometry": { "type": "Point", "coordinates": [ 135.943397, 33.63024 ] } },
{ "type": "Feature", "properties": { "内容": "さとう歯科【3:歯科】和歌山県東牟婁郡那智勝浦町築地４－４－８", "url": "https://www.iryou.teikyouseido.mhlw.go.jp/znk-web/juminkanja/S2430/initialize?prefCd=30&kikanCd=3050100000&kikanKbn=3", "url2": null }, "geometry": { "type": "Point", "coordinates": [ 135.943814, 33.627408 ] } },
{ "type": "Feature", "properties": { "内容": "松本歯科医院【3:歯科】和歌山県紀の川市桃山町調月１６１", "url": "https://www.iryou.teikyouseido.mhlw.go.jp/znk-web/juminkanja/S2430/initialize?prefCd=30&kikanCd=3050200000&kikanKbn=3", "url2": null }, "geometry": { "type": "Point", "coordinates": [ 135.337864, 34.235637 ] } },
{ "type": "Feature", "properties": { "内容": "滝川歯科【3:歯科】和歌山県岩出市森２７３", "url": "https://www.iryou.teikyouseido.mhlw.go.jp/znk-web/juminkanja/S2430/initialize?prefCd=30&kikanCd=3050400000&kikanKbn=3", "url2": null }, "geometry": { "type": "Point", "coordinates": [ 135.30867, 34.274133 ] } },
{ "type": "Feature", "properties": { "内容": "えのき歯科【3:歯科】和歌山県岩出市西国分５２９－４", "url": "https://www.iryou.teikyouseido.mhlw.go.jp/znk-web/juminkanja/S2430/initialize?prefCd=30&kikanCd=3050500000&kikanKbn=3", "url2": null }, "geometry": { "type": "Point", "coordinates": [ 135.330891, 34.267745 ] } },
{ "type": "Feature", "properties": { "内容": "たかぎ歯科医院【3:歯科】和歌山県岩出市水栖１１－１０", "url": "https://www.iryou.teikyouseido.mhlw.go.jp/znk-web/juminkanja/S2430/initialize?prefCd=30&kikanCd=3050600000&kikanKbn=3", "url2": null }, "geometry": { "type": "Point", "coordinates": [ 135.326807, 34.267495 ] } },
{ "type": "Feature", "properties": { "内容": "もりもと歯科【3:歯科】和歌山県岩出市山田４－７", "url": "https://www.iryou.teikyouseido.mhlw.go.jp/znk-web/juminkanja/S2430/initialize?prefCd=30&kikanCd=3050700000&kikanKbn=3", "url2": null }, "geometry": { "type": "Point", "coordinates": [ 135.319558, 34.276743 ] } },
{ "type": "Feature", "properties": { "内容": "西野歯科医院【3:歯科】和歌山県岩出市北大池７８－７", "url": "https://www.iryou.teikyouseido.mhlw.go.jp/znk-web/juminkanja/S2430/initialize?prefCd=30&kikanCd=3050800000&kikanKbn=3", "url2": null }, "geometry": { "type": "Point", "coordinates": [ 135.327502, 34.276078 ] } },
{ "type": "Feature", "properties": { "内容": "水崎歯科医院【3:歯科】和歌山県岩出市宮６７－４", "url": "https://www.iryou.teikyouseido.mhlw.go.jp/znk-web/juminkanja/S2430/initialize?prefCd=30&kikanCd=3051100000&kikanKbn=3", "url2": null }, "geometry": { "type": "Point", "coordinates": [ 135.314532, 34.254858 ] } },
{ "type": "Feature", "properties": { "内容": "医療法人　井関歯科医院【3:歯科】和歌山県岩出市清水３２６－４", "url": "https://www.iryou.teikyouseido.mhlw.go.jp/znk-web/juminkanja/S2430/initialize?prefCd=30&kikanCd=3051200000&kikanKbn=3", "url2": "http://www.iseki-dental.jp" }, "geometry": { "type": "Point", "coordinates": [ 135.31592, 34.254719 ] } },
{ "type": "Feature", "properties": { "内容": "みやもと歯科医院【3:歯科】和歌山県岩出市川尻２２９－３", "url": "https://www.iryou.teikyouseido.mhlw.go.jp/znk-web/juminkanja/S2430/initialize?prefCd=30&kikanCd=3051400000&kikanKbn=3", "url2": null }, "geometry": { "type": "Point", "coordinates": [ 135.313919, 34.269356 ] } },
{ "type": "Feature", "properties": { "内容": "岩崎歯科医院【3:歯科】和歌山県岩出市川尻５６－３", "url": "https://www.iryou.teikyouseido.mhlw.go.jp/znk-web/juminkanja/S2430/initialize?prefCd=30&kikanCd=3051500000&kikanKbn=3", "url2": null }, "geometry": { "type": "Point", "coordinates": [ 135.31067, 34.267689 ] } },
{ "type": "Feature", "properties": { "内容": "西歯科医院【3:歯科】和歌山県岩出市畑毛２７４－９", "url": "https://www.iryou.teikyouseido.mhlw.go.jp/znk-web/juminkanja/S2430/initialize?prefCd=30&kikanCd=3051700000&kikanKbn=3", "url2": "https://www.nishidental.net" }, "geometry": { "type": "Point", "coordinates": [ 135.302838, 34.258607 ] } },
{ "type": "Feature", "properties": { "内容": "医療法人　越智会　　おち歯科【3:歯科】和歌山県岩出市中島６０１－４", "url": "https://www.iryou.teikyouseido.mhlw.go.jp/znk-web/juminkanja/S2430/initialize?prefCd=30&kikanCd=3051800000&kikanKbn=3", "url2": null }, "geometry": { "type": "Point", "coordinates": [ 135.2872, 34.263356 ] } },
{ "type": "Feature", "properties": { "内容": "青木歯科医院【3:歯科】和歌山県岩出市吉田２５７－１", "url": "https://www.iryou.teikyouseido.mhlw.go.jp/znk-web/juminkanja/S2430/initialize?prefCd=30&kikanCd=3051900000&kikanKbn=3", "url2": "https://www.aokishika-wakayama.jp/" }, "geometry": { "type": "Point", "coordinates": [ 135.28345, 34.266883 ] } },
{ "type": "Feature", "properties": { "内容": "林歯科医院【3:歯科】和歌山県岩出市金池４０１－８", "url": "https://www.iryou.teikyouseido.mhlw.go.jp/znk-web/juminkanja/S2430/initialize?prefCd=30&kikanCd=3052300000&kikanKbn=3", "url2": null }, "geometry": { "type": "Point", "coordinates": [ 135.288283, 34.275188 ] } },
{ "type": "Feature", "properties": { "内容": "笠原歯科医院【3:歯科】和歌山県和歌山市新庄４９０", "url": "https://www.iryou.teikyouseido.mhlw.go.jp/znk-web/juminkanja/S2430/initialize?prefCd=30&kikanCd=3052400000&kikanKbn=3", "url2": "https://r.goope.jp/kasahara-dent" }, "geometry": { "type": "Point", "coordinates": [ 135.286062, 34.247274 ] } },
{ "type": "Feature", "properties": { "内容": "明楽歯科医院【3:歯科】和歌山県和歌山市大垣内６９０－７", "url": "https://www.iryou.teikyouseido.mhlw.go.jp/znk-web/juminkanja/S2430/initialize?prefCd=30&kikanCd=3052500000&kikanKbn=3", "url2": null }, "geometry": { "type": "Point", "coordinates": [ 135.276693, 34.241484 ] } },
{ "type": "Feature", "properties": { "内容": "医療法人　良和会　仲河歯科医院【3:歯科】和歌山県和歌山市平岡２１７－１", "url": "https://www.iryou.teikyouseido.mhlw.go.jp/znk-web/juminkanja/S2430/initialize?prefCd=30&kikanCd=3052600000&kikanKbn=3", "url2": "https://nakagawadent.com/" }, "geometry": { "type": "Point", "coordinates": [ 135.273118, 34.265717 ] } },
{ "type": "Feature", "properties": { "内容": "白川歯科医院【3:歯科】和歌山県和歌山市楠本１－７２", "url": "https://www.iryou.teikyouseido.mhlw.go.jp/znk-web/juminkanja/S2430/initialize?prefCd=30&kikanCd=3052700000&kikanKbn=3", "url2": null }, "geometry": { "type": "Point", "coordinates": [ 135.253481, 34.2623 ] } },
{ "type": "Feature", "properties": { "内容": "橋本歯科医院【3:歯科】和歌山県和歌山市島２３３－３", "url": "https://www.iryou.teikyouseido.mhlw.go.jp/znk-web/juminkanja/S2430/initialize?prefCd=30&kikanCd=3052800000&kikanKbn=3", "url2": "http://www.eonet.ne.jp/~mast640/index.html" }, "geometry": { "type": "Point", "coordinates": [ 135.252759, 34.256856 ] } },
{ "type": "Feature", "properties": { "内容": "藤野歯科医院【3:歯科】和歌山県和歌山市布施屋５９０－１", "url": "https://www.iryou.teikyouseido.mhlw.go.jp/znk-web/juminkanja/S2430/initialize?prefCd=30&kikanCd=3052900000&kikanKbn=3", "url2": null }, "geometry": { "type": "Point", "coordinates": [ 135.262814, 34.245274 ] } },
{ "type": "Feature", "properties": { "内容": "岡歯科医院【3:歯科】和歌山県和歌山市布施屋１１１－１", "url": "https://www.iryou.teikyouseido.mhlw.go.jp/znk-web/juminkanja/S2430/initialize?prefCd=30&kikanCd=3053000000&kikanKbn=3", "url2": null }, "geometry": { "type": "Point", "coordinates": [ 135.262064, 34.240996 ] } },
{ "type": "Feature", "properties": { "内容": "前田歯科医院【3:歯科】和歌山県和歌山市北野２８２－６", "url": "https://www.iryou.teikyouseido.mhlw.go.jp/znk-web/juminkanja/S2430/initialize?prefCd=30&kikanCd=3053100000&kikanKbn=3", "url2": null }, "geometry": { "type": "Point", "coordinates": [ 135.247033, 34.268876 ] } },
{ "type": "Feature", "properties": { "内容": "みやお歯科医院【3:歯科】和歌山県和歌山市北野１５４－５", "url": "https://www.iryou.teikyouseido.mhlw.go.jp/znk-web/juminkanja/S2430/initialize?prefCd=30&kikanCd=3053200000&kikanKbn=3", "url2": "https://www.miyao-dental.net" }, "geometry": { "type": "Point", "coordinates": [ 135.249787, 34.26891 ] } },
{ "type": "Feature", "properties": { "内容": "谷口歯科医院【3:歯科】和歌山県和歌山市北野４４２", "url": "https://www.iryou.teikyouseido.mhlw.go.jp/znk-web/juminkanja/S2430/initialize?prefCd=30&kikanCd=3053300000&kikanKbn=3", "url2": null }, "geometry": { "type": "Point", "coordinates": [ 135.245814, 34.268271 ] } },
{ "type": "Feature", "properties": { "内容": "小谷歯科医院【3:歯科】和歌山県和歌山市宇田森１８－４", "url": "https://www.iryou.teikyouseido.mhlw.go.jp/znk-web/juminkanja/S2430/initialize?prefCd=30&kikanCd=3053400000&kikanKbn=3", "url2": null }, "geometry": { "type": "Point", "coordinates": [ 135.249009, 34.2583 ] } },
{ "type": "Feature", "properties": { "内容": "中西歯科医院【3:歯科】和歌山県紀の川市打田１６９番地２", "url": "https://www.iryou.teikyouseido.mhlw.go.jp/znk-web/juminkanja/S2430/initialize?prefCd=30&kikanCd=3053700000&kikanKbn=3", "url2": null }, "geometry": { "type": "Point", "coordinates": [ 135.371277, 34.258663 ] } },
{ "type": "Feature", "properties": { "内容": "辻本歯科医院【3:歯科】和歌山県紀の川市打田１４７８－１", "url": "https://www.iryou.teikyouseido.mhlw.go.jp/znk-web/juminkanja/S2430/initialize?prefCd=30&kikanCd=3053900000&kikanKbn=3", "url2": "https://tsujimoto-dental-clinic.com/" }, "geometry": { "type": "Point", "coordinates": [ 135.365278, 34.25858 ] } },
{ "type": "Feature", "properties": { "内容": "加山歯科医院【3:歯科】和歌山県紀の川市西大井９３－２", "url": "https://www.iryou.teikyouseido.mhlw.go.jp/znk-web/juminkanja/S2430/initialize?prefCd=30&kikanCd=3054000000&kikanKbn=3", "url2": null }, "geometry": { "type": "Point", "coordinates": [ 135.362832, 34.265884 ] } },
{ "type": "Feature", "properties": { "内容": "清瀧歯科医院【3:歯科】和歌山県紀の川市花野１１７", "url": "https://www.iryou.teikyouseido.mhlw.go.jp/znk-web/juminkanja/S2430/initialize?prefCd=30&kikanCd=3054100000&kikanKbn=3", "url2": null }, "geometry": { "type": "Point", "coordinates": [ 135.358333, 34.258302 ] } },
{ "type": "Feature", "properties": { "内容": "あい歯科医院【3:歯科】和歌山県紀の川市下井阪４５５", "url": "https://www.iryou.teikyouseido.mhlw.go.jp/znk-web/juminkanja/S2430/initialize?prefCd=30&kikanCd=3054200000&kikanKbn=3", "url2": null }, "geometry": { "type": "Point", "coordinates": [ 135.341067, 34.257707 ] } },
{ "type": "Feature", "properties": { "内容": "佐野歯科医院【3:歯科】和歌山県紀の川市豊田８５", "url": "https://www.iryou.teikyouseido.mhlw.go.jp/znk-web/juminkanja/S2430/initialize?prefCd=30&kikanCd=3054400000&kikanKbn=3", "url2": null }, "geometry": { "type": "Point", "coordinates": [ 135.353528, 34.279661 ] } },
{ "type": "Feature", "properties": { "内容": "医療法人朋歯会　　岡本歯科医院【3:歯科】和歌山県紀の川市粉河３８９－７", "url": "https://www.iryou.teikyouseido.mhlw.go.jp/znk-web/juminkanja/S2430/initialize?prefCd=30&kikanCd=3055000000&kikanKbn=3", "url2": "http://www.okamoto-shika.or.jp" }, "geometry": { "type": "Point", "coordinates": [ 135.406828, 34.272412 ] } },
{ "type": "Feature", "properties": { "内容": "神野歯科【3:歯科】和歌山県紀の川市粉河１７２４", "url": "https://www.iryou.teikyouseido.mhlw.go.jp/znk-web/juminkanja/S2430/initialize?prefCd=30&kikanCd=3055100000&kikanKbn=3", "url2": null }, "geometry": { "type": "Point", "coordinates": [ 135.402996, 34.274218 ] } },
{ "type": "Feature", "properties": { "内容": "安村歯科医院【3:歯科】和歌山県紀の川市名手市場１６１－２", "url": "https://www.iryou.teikyouseido.mhlw.go.jp/znk-web/juminkanja/S2430/initialize?prefCd=30&kikanCd=3055400000&kikanKbn=3", "url2": null }, "geometry": { "type": "Point", "coordinates": [ 135.436243, 34.273358 ] } },
{ "type": "Feature", "properties": { "内容": "中島歯科医院【3:歯科】和歌山県伊都郡かつらぎ町妙寺４６８", "url": "https://www.iryou.teikyouseido.mhlw.go.jp/znk-web/juminkanja/S2430/initialize?prefCd=30&kikanCd=3055500000&kikanKbn=3", "url2": "https://nakajimadc.jp" }, "geometry": { "type": "Point", "coordinates": [ 135.519401, 34.29769 ] } },
{ "type": "Feature", "properties": { "内容": "杉村歯科医院【3:歯科】和歌山県伊都郡かつらぎ町新田５３－２", "url": "https://www.iryou.teikyouseido.mhlw.go.jp/znk-web/juminkanja/S2430/initialize?prefCd=30&kikanCd=3055700000&kikanKbn=3", "url2": null }, "geometry": { "type": "Point", "coordinates": [ 135.511264, 34.298189 ] } },
{ "type": "Feature", "properties": { "内容": "うちた歯科【3:歯科】和歌山県伊都郡かつらぎ町笠田東１９６－１", "url": "https://www.iryou.teikyouseido.mhlw.go.jp/znk-web/juminkanja/S2430/initialize?prefCd=30&kikanCd=3055800000&kikanKbn=3", "url2": null }, "geometry": { "type": "Point", "coordinates": [ 135.482044, 34.286301 ] } },
{ "type": "Feature", "properties": { "内容": "中平歯科医院【3:歯科】和歌山県伊都郡かつらぎ町笠田東７１－５", "url": "https://www.iryou.teikyouseido.mhlw.go.jp/znk-web/juminkanja/S2430/initialize?prefCd=30&kikanCd=3055900000&kikanKbn=3", "url2": null }, "geometry": { "type": "Point", "coordinates": [ 135.480628, 34.289801 ] } },
{ "type": "Feature", "properties": { "内容": "ゆあさ歯科医院【3:歯科】和歌山県伊都郡かつらぎ町笠田東９８－８", "url": "https://www.iryou.teikyouseido.mhlw.go.jp/znk-web/juminkanja/S2430/initialize?prefCd=30&kikanCd=3056000000&kikanKbn=3", "url2": null }, "geometry": { "type": "Point", "coordinates": [ 135.482239, 34.287995 ] } },
{ "type": "Feature", "properties": { "内容": "椿井歯科医院【3:歯科】和歌山県伊都郡かつらぎ町笠田東４５７", "url": "https://www.iryou.teikyouseido.mhlw.go.jp/znk-web/juminkanja/S2430/initialize?prefCd=30&kikanCd=3056100000&kikanKbn=3", "url2": null }, "geometry": { "type": "Point", "coordinates": [ 135.476294, 34.287995 ] } },
{ "type": "Feature", "properties": { "内容": "田村歯科クリニック【3:歯科】和歌山県伊都郡かつらぎ町笠田東１０３－６", "url": "https://www.iryou.teikyouseido.mhlw.go.jp/znk-web/juminkanja/S2430/initialize?prefCd=30&kikanCd=3056200000&kikanKbn=3", "url2": null }, "geometry": { "type": "Point", "coordinates": [ 135.482016, 34.289162 ] } },
{ "type": "Feature", "properties": { "内容": "石川歯科医院【3:歯科】和歌山県橋本市高野口町伏原１７４－１", "url": "https://www.iryou.teikyouseido.mhlw.go.jp/znk-web/juminkanja/S2430/initialize?prefCd=30&kikanCd=3056400000&kikanKbn=3", "url2": null }, "geometry": { "type": "Point", "coordinates": [ 135.570369, 34.305079 ] } },
{ "type": "Feature", "properties": { "内容": "喜多歯科医院【3:歯科】和歌山県橋本市高野口町名古曽８０４－２", "url": "https://www.iryou.teikyouseido.mhlw.go.jp/znk-web/juminkanja/S2430/initialize?prefCd=30&kikanCd=3056500000&kikanKbn=3", "url2": null }, "geometry": { "type": "Point", "coordinates": [ 135.56112, 34.305523 ] } },
{ "type": "Feature", "properties": { "内容": "辻歯科医院【3:歯科】和歌山県橋本市高野口町名古曽１２", "url": "https://www.iryou.teikyouseido.mhlw.go.jp/znk-web/juminkanja/S2430/initialize?prefCd=30&kikanCd=3056600000&kikanKbn=3", "url2": null }, "geometry": { "type": "Point", "coordinates": [ 135.567453, 34.302912 ] } },
{ "type": "Feature", "properties": { "内容": "吉川歯科医院【3:歯科】和歌山県橋本市高野口町名古曽１０２０", "url": "https://www.iryou.teikyouseido.mhlw.go.jp/znk-web/juminkanja/S2430/initialize?prefCd=30&kikanCd=3056700000&kikanKbn=3", "url2": null }, "geometry": { "type": "Point", "coordinates": [ 135.557814, 34.305828 ] } },
{ "type": "Feature", "properties": { "内容": "五木田美浜町歯科医院【3:歯科】和歌山県日高郡美浜町吉原８９０", "url": "https://www.iryou.teikyouseido.mhlw.go.jp/znk-web/juminkanja/S2430/initialize?prefCd=30&kikanCd=3056900000&kikanKbn=3", "url2": null }, "geometry": { "type": "Point", "coordinates": [ 135.139618, 33.892115 ] } },
{ "type": "Feature", "properties": { "内容": "薗歯科クリニック【3:歯科】和歌山県御坊市湯川町財部９３１－５", "url": "https://www.iryou.teikyouseido.mhlw.go.jp/znk-web/juminkanja/S2430/initialize?prefCd=30&kikanCd=3057100000&kikanKbn=3", "url2": "http://www.citydo.com/sp/0738-22-9077" }, "geometry": { "type": "Point", "coordinates": [ 135.162255, 33.898893 ] } },
{ "type": "Feature", "properties": { "内容": "神野歯科医院【3:歯科】和歌山県和歌山市中之島３５６番２０", "url": "https://www.iryou.teikyouseido.mhlw.go.jp/znk-web/juminkanja/S2430/initialize?prefCd=30&kikanCd=3057200000&kikanKbn=3", "url2": null }, "geometry": { "type": "Point", "coordinates": [ 135.194681, 34.24194 ] } },
{ "type": "Feature", "properties": { "内容": "下田歯科クリニック【3:歯科】和歌山県橋本市清水１５９－６", "url": "https://www.iryou.teikyouseido.mhlw.go.jp/znk-web/juminkanja/S2430/initialize?prefCd=30&kikanCd=3057300000&kikanKbn=3", "url2": null }, "geometry": { "type": "Point", "coordinates": [ 135.603144, 34.307523 ] } },
{ "type": "Feature", "properties": { "内容": "医療法人清真会　海南歯科診療所【3:歯科】和歌山県海南市名高１４５", "url": "https://www.iryou.teikyouseido.mhlw.go.jp/znk-web/juminkanja/S2430/initialize?prefCd=30&kikanCd=3057500000&kikanKbn=3", "url2": null }, "geometry": { "type": "Point", "coordinates": [ 135.218683, 34.153089 ] } },
{ "type": "Feature", "properties": { "内容": "シカゴ歯科クリニック【3:歯科】和歌山県和歌山市加納２０２－１", "url": "https://www.iryou.teikyouseido.mhlw.go.jp/znk-web/juminkanja/S2430/initialize?prefCd=30&kikanCd=3057800000&kikanKbn=3", "url2": null }, "geometry": { "type": "Point", "coordinates": [ 135.205985, 34.245329 ] } },
{ "type": "Feature", "properties": { "内容": "はたなか歯科クリニック【3:歯科】和歌山県岩出市清水３５４－１", "url": "https://www.iryou.teikyouseido.mhlw.go.jp/znk-web/juminkanja/S2430/initialize?prefCd=30&kikanCd=3058000000&kikanKbn=3", "url2": "http://www.hatanakashika.jp" }, "geometry": { "type": "Point", "coordinates": [ 135.317282, 34.25608 ] } },
{ "type": "Feature", "properties": { "内容": "こじま歯科医院【3:歯科】和歌山県橋本市古佐田１－１０００", "url": "https://www.iryou.teikyouseido.mhlw.go.jp/znk-web/juminkanja/S2430/initialize?prefCd=30&kikanCd=3058200000&kikanKbn=3", "url2": null }, "geometry": { "type": "Point", "coordinates": [ 135.611587, 34.317244 ] } },
{ "type": "Feature", "properties": { "内容": "高畑歯科医院【3:歯科】和歌山県和歌山市本町５丁目２３番地", "url": "https://www.iryou.teikyouseido.mhlw.go.jp/znk-web/juminkanja/S2430/initialize?prefCd=30&kikanCd=3058300000&kikanKbn=3", "url2": null }, "geometry": { "type": "Point", "coordinates": [ 135.174627, 34.238551 ] } },
{ "type": "Feature", "properties": { "内容": "太田歯科医院【3:歯科】和歌山県和歌山市柳丁４８番地", "url": "https://www.iryou.teikyouseido.mhlw.go.jp/znk-web/juminkanja/S2430/initialize?prefCd=30&kikanCd=3058400000&kikanKbn=3", "url2": null }, "geometry": { "type": "Point", "coordinates": [ 135.183099, 34.229608 ] } },
{ "type": "Feature", "properties": { "内容": "ゆかり歯科【3:歯科】和歌山県田辺市末広町１３番１０号", "url": "https://www.iryou.teikyouseido.mhlw.go.jp/znk-web/juminkanja/S2430/initialize?prefCd=30&kikanCd=3058600000&kikanKbn=3", "url2": null }, "geometry": { "type": "Point", "coordinates": [ 135.380023, 33.723832 ] } },
{ "type": "Feature", "properties": { "内容": "なかにし歯科医院【3:歯科】和歌山県和歌山市弘西１２６２－３", "url": "https://www.iryou.teikyouseido.mhlw.go.jp/znk-web/juminkanja/S2430/initialize?prefCd=30&kikanCd=3058800000&kikanKbn=3", "url2": "https://www.nakanisi-dental.jp/" }, "geometry": { "type": "Point", "coordinates": [ 135.235038, 34.260244 ] } },
{ "type": "Feature", "properties": { "内容": "岡本歯科医院【3:歯科】和歌山県紀の川市名手市場１２５", "url": "https://www.iryou.teikyouseido.mhlw.go.jp/znk-web/juminkanja/S2430/initialize?prefCd=30&kikanCd=3058900000&kikanKbn=3", "url2": null }, "geometry": { "type": "Point", "coordinates": [ 135.435715, 34.272885 ] } },
{ "type": "Feature", "properties": { "内容": "上西歯科医院【3:歯科】和歌山県和歌山市南中間町８１", "url": "https://www.iryou.teikyouseido.mhlw.go.jp/znk-web/juminkanja/S2430/initialize?prefCd=30&kikanCd=3059000000&kikanKbn=3", "url2": "http://www.uenishi-dc.com/pc/" }, "geometry": { "type": "Point", "coordinates": [ 135.164268, 34.225302 ] } },
{ "type": "Feature", "properties": { "内容": "ひだか歯科【3:歯科】和歌山県日高郡日高町小中４９３－１", "url": "https://www.iryou.teikyouseido.mhlw.go.jp/znk-web/juminkanja/S2430/initialize?prefCd=30&kikanCd=3059200000&kikanKbn=3", "url2": null }, "geometry": { "type": "Point", "coordinates": [ 135.127396, 33.920973 ] } },
{ "type": "Feature", "properties": { "内容": "まさご歯科口腔外科クリニック【3:歯科】和歌山県田辺市南新町２１５", "url": "https://www.iryou.teikyouseido.mhlw.go.jp/znk-web/juminkanja/S2430/initialize?prefCd=30&kikanCd=3059400000&kikanKbn=3", "url2": "http://www.masago-dentalclinic.com/" }, "geometry": { "type": "Point", "coordinates": [ 135.379773, 33.732081 ] } },
{ "type": "Feature", "properties": { "内容": "医療法人　良桜会　小柳歯科クリニック【3:歯科】和歌山県橋本市岸上５６３－１", "url": "https://www.iryou.teikyouseido.mhlw.go.jp/znk-web/juminkanja/S2430/initialize?prefCd=30&kikanCd=3059500000&kikanKbn=3", "url2": "http://www.koyanagi-dc.com" }, "geometry": { "type": "Point", "coordinates": [ 135.58959, 34.311578 ] } },
{ "type": "Feature", "properties": { "内容": "後藤歯科【3:歯科】和歌山県橋本市市脇４－３－２７", "url": "https://www.iryou.teikyouseido.mhlw.go.jp/znk-web/juminkanja/S2430/initialize?prefCd=30&kikanCd=3059600000&kikanKbn=3", "url2": "https://510-dc.com/" }, "geometry": { "type": "Point", "coordinates": [ 135.601755, 34.31194 ] } },
{ "type": "Feature", "properties": { "内容": "西村歯科医院【3:歯科】和歌山県和歌山市西高松１丁目１３－１４", "url": "https://www.iryou.teikyouseido.mhlw.go.jp/znk-web/juminkanja/S2430/initialize?prefCd=30&kikanCd=3059700000&kikanKbn=3", "url2": null }, "geometry": { "type": "Point", "coordinates": [ 135.168407, 34.207943 ] } },
{ "type": "Feature", "properties": { "内容": "岩橋歯科医院【3:歯科】和歌山県和歌山市橋向丁３９", "url": "https://www.iryou.teikyouseido.mhlw.go.jp/znk-web/juminkanja/S2430/initialize?prefCd=30&kikanCd=3059900000&kikanKbn=3", "url2": "iwahashi-shika.com" }, "geometry": { "type": "Point", "coordinates": [ 135.184849, 34.227385 ] } },
{ "type": "Feature", "properties": { "内容": "谷地歯科クリニック【3:歯科】和歌山県新宮市新宮５５４番１　大橋通りＴビル２Ｆ", "url": "https://www.iryou.teikyouseido.mhlw.go.jp/znk-web/juminkanja/S2430/initialize?prefCd=30&kikanCd=3060000000&kikanKbn=3", "url2": null }, "geometry": { "type": "Point", "coordinates": [ 135.9865, 33.727509 ] } },
{ "type": "Feature", "properties": { "内容": "千代歯科【3:歯科】和歌山県和歌山市松江北４－７－２０", "url": "https://www.iryou.teikyouseido.mhlw.go.jp/znk-web/juminkanja/S2430/initialize?prefCd=30&kikanCd=3060200000&kikanKbn=3", "url2": null }, "geometry": { "type": "Point", "coordinates": [ 135.131213, 34.252938 ] } },
{ "type": "Feature", "properties": { "内容": "ささや歯科医院【3:歯科】和歌山県新宮市橋本２－１－６", "url": "https://www.iryou.teikyouseido.mhlw.go.jp/znk-web/juminkanja/S2430/initialize?prefCd=30&kikanCd=3060300000&kikanKbn=3", "url2": "2" }, "geometry": { "type": "Point", "coordinates": [ 135.987667, 33.717732 ] } },
{ "type": "Feature", "properties": { "内容": "榎阪歯科医院【3:歯科】和歌山県田辺市龍神村宮代６５５－１", "url": "https://www.iryou.teikyouseido.mhlw.go.jp/znk-web/juminkanja/S2430/initialize?prefCd=30&kikanCd=3060400000&kikanKbn=3", "url2": null }, "geometry": { "type": "Point", "coordinates": [ 135.505309, 33.916147 ] } },
{ "type": "Feature", "properties": { "内容": "ひまわり歯科医院【3:歯科】和歌山県橋本市小峰台２丁目１２－４９", "url": "https://www.iryou.teikyouseido.mhlw.go.jp/znk-web/juminkanja/S2430/initialize?prefCd=30&kikanCd=3060600000&kikanKbn=3", "url2": null }, "geometry": { "type": "Point", "coordinates": [ 135.632854, 34.352578 ] } },
{ "type": "Feature", "properties": { "内容": "いわかみ歯科医院【3:歯科】和歌山県橋本市隅田町下兵庫６２６－３", "url": "https://www.iryou.teikyouseido.mhlw.go.jp/znk-web/juminkanja/S2430/initialize?prefCd=30&kikanCd=3060700000&kikanKbn=3", "url2": null }, "geometry": { "type": "Point", "coordinates": [ 135.629697, 34.323522 ] } },
{ "type": "Feature", "properties": { "内容": "医療法人　吉田歯科クリニック【3:歯科】和歌山県岩出市根来１６０－１", "url": "https://www.iryou.teikyouseido.mhlw.go.jp/znk-web/juminkanja/S2430/initialize?prefCd=30&kikanCd=3060800000&kikanKbn=3", "url2": "http://www.yoshida1182.com" }, "geometry": { "type": "Point", "coordinates": [ 135.314031, 34.277716 ] } },
{ "type": "Feature", "properties": { "内容": "ひらた歯科クリニック【3:歯科】和歌山県海南市築地１－８０", "url": "https://www.iryou.teikyouseido.mhlw.go.jp/znk-web/juminkanja/S2430/initialize?prefCd=30&kikanCd=3060900000&kikanKbn=3", "url2": "http://www.hirata-shika.net/pc/" }, "geometry": { "type": "Point", "coordinates": [ 135.210822, 34.153255 ] } },
{ "type": "Feature", "properties": { "内容": "宮本歯科クリニック【3:歯科】和歌山県和歌山市十一番丁３７", "url": "https://www.iryou.teikyouseido.mhlw.go.jp/znk-web/juminkanja/S2430/initialize?prefCd=30&kikanCd=3061000000&kikanKbn=3", "url2": "https://miyamoto-d-clinic.jp/" }, "geometry": { "type": "Point", "coordinates": [ 135.175501, 34.231996 ] } },
{ "type": "Feature", "properties": { "内容": "にし歯科クリニック【3:歯科】和歌山県和歌山市向６－９", "url": "https://www.iryou.teikyouseido.mhlw.go.jp/znk-web/juminkanja/S2430/initialize?prefCd=30&kikanCd=3061200000&kikanKbn=3", "url2": "http://www.nishi-shika.net" }, "geometry": { "type": "Point", "coordinates": [ 135.151461, 34.258076 ] } },
{ "type": "Feature", "properties": { "内容": "巴歯科医院【3:歯科】和歌山県田辺市新屋敷町３５－９", "url": "https://www.iryou.teikyouseido.mhlw.go.jp/znk-web/juminkanja/S2430/initialize?prefCd=30&kikanCd=3061600000&kikanKbn=3", "url2": null }, "geometry": { "type": "Point", "coordinates": [ 135.380689, 33.727915 ] } },
{ "type": "Feature", "properties": { "内容": "たけ歯科クリニック【3:歯科】和歌山県和歌山市黒田１丁目４－２　松浦ビル１Ｆ", "url": "https://www.iryou.teikyouseido.mhlw.go.jp/znk-web/juminkanja/S2430/initialize?prefCd=30&kikanCd=3061700000&kikanKbn=3", "url2": "http://www.take-dental.jp/" }, "geometry": { "type": "Point", "coordinates": [ 135.191681, 34.233385 ] } },
{ "type": "Feature", "properties": { "内容": "まえだ歯科【3:歯科】和歌山県和歌山市米屋町１０", "url": "https://www.iryou.teikyouseido.mhlw.go.jp/znk-web/juminkanja/S2430/initialize?prefCd=30&kikanCd=3061800000&kikanKbn=3", "url2": "http://www.maedadental.jp" }, "geometry": { "type": "Point", "coordinates": [ 135.175461, 34.233274 ] } },
{ "type": "Feature", "properties": { "内容": "恩地歯科医院【3:歯科】和歌山県伊都郡かつらぎ町大谷１４６", "url": "https://www.iryou.teikyouseido.mhlw.go.jp/znk-web/juminkanja/S2430/initialize?prefCd=30&kikanCd=3061900000&kikanKbn=3", "url2": null }, "geometry": { "type": "Point", "coordinates": [ 135.495542, 34.295606 ] } },
{ "type": "Feature", "properties": { "内容": "医療法人うらら会　ふぁみりー歯科クリニック【3:歯科】和歌山県和歌山市西庄４０９番１", "url": "https://www.iryou.teikyouseido.mhlw.go.jp/znk-web/juminkanja/S2430/initialize?prefCd=30&kikanCd=3062100000&kikanKbn=3", "url2": "http://www.family-dento.com" }, "geometry": { "type": "Point", "coordinates": [ 135.111044, 34.260155 ] } },
{ "type": "Feature", "properties": { "内容": "おぐり歯科クリニック【3:歯科】和歌山県和歌山市里９３－１", "url": "https://www.iryou.teikyouseido.mhlw.go.jp/znk-web/juminkanja/S2430/initialize?prefCd=30&kikanCd=3062300000&kikanKbn=3", "url2": "http://www.oguri-dentalclinic.com" }, "geometry": { "type": "Point", "coordinates": [ 135.26473, 34.264439 ] } },
{ "type": "Feature", "properties": { "内容": "くすの木デンタルクリニック【3:歯科】和歌山県和歌山市島崎町５丁目３２－７", "url": "https://www.iryou.teikyouseido.mhlw.go.jp/znk-web/juminkanja/S2430/initialize?prefCd=30&kikanCd=3062400000&kikanKbn=3", "url2": null }, "geometry": { "type": "Point", "coordinates": [ 135.180045, 34.219609 ] } },
{ "type": "Feature", "properties": { "内容": "尾崎歯科医院【3:歯科】和歌山県西牟婁郡すさみ町周参見４０２６－８", "url": "https://www.iryou.teikyouseido.mhlw.go.jp/znk-web/juminkanja/S2430/initialize?prefCd=30&kikanCd=3062500000&kikanKbn=3", "url2": null }, "geometry": { "type": "Point", "coordinates": [ 135.497002, 33.550522 ] } },
{ "type": "Feature", "properties": { "内容": "ふじやま歯科クリニック【3:歯科】和歌山県海南市野上中３７１－１", "url": "https://www.iryou.teikyouseido.mhlw.go.jp/znk-web/juminkanja/S2430/initialize?prefCd=30&kikanCd=3062600000&kikanKbn=3", "url2": null }, "geometry": { "type": "Point", "coordinates": [ 135.285205, 34.162755 ] } },
{ "type": "Feature", "properties": { "内容": "佐々木デンタルクリニック【3:歯科】和歌山県和歌山市井ノ口３２５", "url": "https://www.iryou.teikyouseido.mhlw.go.jp/znk-web/juminkanja/S2430/initialize?prefCd=30&kikanCd=3062700000&kikanKbn=3", "url2": "http://www.sasakidentalclinic.jp" }, "geometry": { "type": "Point", "coordinates": [ 135.244344, 34.239052 ] } },
{ "type": "Feature", "properties": { "内容": "紀和歯科医院【3:歯科】和歌山県和歌山市和歌浦東３丁目１番２１号", "url": "https://www.iryou.teikyouseido.mhlw.go.jp/znk-web/juminkanja/S2430/initialize?prefCd=30&kikanCd=3062900000&kikanKbn=3", "url2": null }, "geometry": { "type": "Point", "coordinates": [ 135.17549, 34.190278 ] } },
{ "type": "Feature", "properties": { "内容": "ふぁみりあ歯科【3:歯科】和歌山県御坊市藤田町藤井２１９７", "url": "https://www.iryou.teikyouseido.mhlw.go.jp/znk-web/juminkanja/S2430/initialize?prefCd=30&kikanCd=3063000000&kikanKbn=3", "url2": null }, "geometry": { "type": "Point", "coordinates": [ 135.175306, 33.90517 ] } },
{ "type": "Feature", "properties": { "内容": "小西歯科クリニック【3:歯科】和歌山県和歌山市東長町７丁目１２番地", "url": "https://www.iryou.teikyouseido.mhlw.go.jp/znk-web/juminkanja/S2430/initialize?prefCd=30&kikanCd=3063200000&kikanKbn=3", "url2": "http://www.konishi-dc.net/" }, "geometry": { "type": "Point", "coordinates": [ 135.166101, 34.223302 ] } },
{ "type": "Feature", "properties": { "内容": "おかだ歯科クリニック【3:歯科】和歌山県橋本市市脇一丁目４６－３", "url": "https://www.iryou.teikyouseido.mhlw.go.jp/znk-web/juminkanja/S2430/initialize?prefCd=30&kikanCd=3063300000&kikanKbn=3", "url2": null }, "geometry": { "type": "Point", "coordinates": [ 135.601088, 34.314856 ] } },
{ "type": "Feature", "properties": { "内容": "はたの歯科クリニック【3:歯科】和歌山県橋本市学文路２２１", "url": "https://www.iryou.teikyouseido.mhlw.go.jp/znk-web/juminkanja/S2430/initialize?prefCd=30&kikanCd=3063400000&kikanKbn=3", "url2": null }, "geometry": { "type": "Point", "coordinates": [ 135.578508, 34.297052 ] } },
{ "type": "Feature", "properties": { "内容": "藤田歯科医院【3:歯科】和歌山県紀の川市中三谷１７－２０", "url": "https://www.iryou.teikyouseido.mhlw.go.jp/znk-web/juminkanja/S2430/initialize?prefCd=30&kikanCd=3063600000&kikanKbn=3", "url2": null }, "geometry": { "type": "Point", "coordinates": [ 135.343112, 34.27205 ] } },
{ "type": "Feature", "properties": { "内容": "医療法人　あなはら歯科クリニック【3:歯科】和歌山県和歌山市布引５３０－２", "url": "https://www.iryou.teikyouseido.mhlw.go.jp/znk-web/juminkanja/S2430/initialize?prefCd=30&kikanCd=3063700000&kikanKbn=3", "url2": "http://anahara-dc.com/" }, "geometry": { "type": "Point", "coordinates": [ 135.186768, 34.17503 ] } },
{ "type": "Feature", "properties": { "内容": "なかの歯科医院【3:歯科】和歌山県日高郡印南町印南２２７２－１", "url": "https://www.iryou.teikyouseido.mhlw.go.jp/znk-web/juminkanja/S2430/initialize?prefCd=30&kikanCd=3063900000&kikanKbn=3", "url2": "http://www.eonet.ne.jp/~nakano-dc/" }, "geometry": { "type": "Point", "coordinates": [ 135.219337, 33.815819 ] } },
{ "type": "Feature", "properties": { "内容": "太地歯科【3:歯科】和歌山県東牟婁郡太地町太地３２８０番地", "url": "https://www.iryou.teikyouseido.mhlw.go.jp/znk-web/juminkanja/S2430/initialize?prefCd=30&kikanCd=3064000000&kikanKbn=3", "url2": null }, "geometry": { "type": "Point", "coordinates": [ 135.944648, 33.590884 ] } },
{ "type": "Feature", "properties": { "内容": "磯野歯科医院【3:歯科】和歌山県紀の川市名手市場８２番１５", "url": "https://www.iryou.teikyouseido.mhlw.go.jp/znk-web/juminkanja/S2430/initialize?prefCd=30&kikanCd=3064400000&kikanKbn=3", "url2": null }, "geometry": { "type": "Point", "coordinates": [ 135.433874, 34.274236 ] } },
{ "type": "Feature", "properties": { "内容": "津守歯科クリニック【3:歯科】和歌山県和歌山市土入２１－２１", "url": "https://www.iryou.teikyouseido.mhlw.go.jp/znk-web/juminkanja/S2430/initialize?prefCd=30&kikanCd=3064500000&kikanKbn=3", "url2": "http://www.tsumori-dental.com" }, "geometry": { "type": "Point", "coordinates": [ 135.142184, 34.253577 ] } },
{ "type": "Feature", "properties": { "内容": "やま歯科診療所【3:歯科】和歌山県岩出市山５９４－２", "url": "https://www.iryou.teikyouseido.mhlw.go.jp/znk-web/juminkanja/S2430/initialize?prefCd=30&kikanCd=3064600000&kikanKbn=3", "url2": null }, "geometry": { "type": "Point", "coordinates": [ 135.284672, 34.272216 ] } },
{ "type": "Feature", "properties": { "内容": "川原河歯科診療所【3:歯科】和歌山県日高郡日高川町川原河１２２番地の１", "url": "https://www.iryou.teikyouseido.mhlw.go.jp/znk-web/juminkanja/S2430/initialize?prefCd=30&kikanCd=3064700000&kikanKbn=3", "url2": null }, "geometry": { "type": "Point", "coordinates": [ 135.366203, 33.981108 ] } },
{ "type": "Feature", "properties": { "内容": "たかだ歯科クリニック【3:歯科】和歌山県和歌山市太田２－２－１７　ＨＩＲＡＴＡ　ＳＯＵＴＨ　１Ｆ", "url": "https://www.iryou.teikyouseido.mhlw.go.jp/znk-web/juminkanja/S2430/initialize?prefCd=30&kikanCd=3064800000&kikanKbn=3", "url2": "http://www.takada-dentalclinic.com" }, "geometry": { "type": "Point", "coordinates": [ 135.196737, 34.22958 ] } },
{ "type": "Feature", "properties": { "内容": "辻本歯科クリニック【3:歯科】和歌山県橋本市高野口町大野２３５－１", "url": "https://www.iryou.teikyouseido.mhlw.go.jp/znk-web/juminkanja/S2430/initialize?prefCd=30&kikanCd=3064900000&kikanKbn=3", "url2": null }, "geometry": { "type": "Point", "coordinates": [ 135.548648, 34.304911 ] } },
{ "type": "Feature", "properties": { "内容": "たえなか歯科クリニック【3:歯科】和歌山県伊都郡かつらぎ町妙寺１５１－１", "url": "https://www.iryou.teikyouseido.mhlw.go.jp/znk-web/juminkanja/S2430/initialize?prefCd=30&kikanCd=3065000000&kikanKbn=3", "url2": null }, "geometry": { "type": "Point", "coordinates": [ 135.528373, 34.301244 ] } },
{ "type": "Feature", "properties": { "内容": "ほとみ歯科【3:歯科】和歌山県田辺市上秋津２０５６－３", "url": "https://www.iryou.teikyouseido.mhlw.go.jp/znk-web/juminkanja/S2430/initialize?prefCd=30&kikanCd=3065100000&kikanKbn=3", "url2": null }, "geometry": { "type": "Point", "coordinates": [ 135.406102, 33.755357 ] } },
{ "type": "Feature", "properties": { "内容": "医療法人　志学会　　ｏｋａ　ｄｅｎｔａｌ　ｃｌｉｎｉｃ【3:歯科】和歌山県岩出市野上野２４２－１１", "url": "https://www.iryou.teikyouseido.mhlw.go.jp/znk-web/juminkanja/S2430/initialize?prefCd=30&kikanCd=3065200000&kikanKbn=3", "url2": "http://www.ma-dental.com" }, "geometry": { "type": "Point", "coordinates": [ 135.317919, 34.271022 ] } },
{ "type": "Feature", "properties": { "内容": "ふじはら矯正歯科・小児歯科医院【3:歯科】和歌山県岩出市中黒５３４－８", "url": "https://www.iryou.teikyouseido.mhlw.go.jp/znk-web/juminkanja/S2430/initialize?prefCd=30&kikanCd=3065300000&kikanKbn=3", "url2": "http://www.dental-ortho.com" }, "geometry": { "type": "Point", "coordinates": [ 135.285895, 34.267744 ] } },
{ "type": "Feature", "properties": { "内容": "新宮小渕歯科・矯正歯科【3:歯科】和歌山県新宮市神倉四丁目６番４６号", "url": "https://www.iryou.teikyouseido.mhlw.go.jp/znk-web/juminkanja/S2430/initialize?prefCd=30&kikanCd=3065400000&kikanKbn=3", "url2": null }, "geometry": { "type": "Point", "coordinates": [ 135.986945, 33.720593 ] } },
{ "type": "Feature", "properties": { "内容": "医療法人隆美会　有本矯正歯科医院【3:歯科】和歌山県和歌山市黒田１丁目２番２０号", "url": "https://www.iryou.teikyouseido.mhlw.go.jp/znk-web/juminkanja/S2430/initialize?prefCd=30&kikanCd=3065600000&kikanKbn=3", "url2": "http://www.arimoto.or.jp" }, "geometry": { "type": "Point", "coordinates": [ 135.193459, 34.232635 ] } },
{ "type": "Feature", "properties": { "内容": "藤田歯科【3:歯科】和歌山県和歌山市北島４３３－１８", "url": "https://www.iryou.teikyouseido.mhlw.go.jp/znk-web/juminkanja/S2430/initialize?prefCd=30&kikanCd=3065900000&kikanKbn=3", "url2": null }, "geometry": { "type": "Point", "coordinates": [ 135.156714, 34.239293 ] } },
{ "type": "Feature", "properties": { "内容": "宇佐美歯科【3:歯科】和歌山県和歌山市梶取２４４－１２", "url": "https://www.iryou.teikyouseido.mhlw.go.jp/znk-web/juminkanja/S2430/initialize?prefCd=30&kikanCd=3066000000&kikanKbn=3", "url2": null }, "geometry": { "type": "Point", "coordinates": [ 135.157461, 34.2488 ] } },
{ "type": "Feature", "properties": { "内容": "けやき歯科クリニック【3:歯科】和歌山県和歌山市七番丁２６－１　ダイワロイネット２Ｆ", "url": "https://www.iryou.teikyouseido.mhlw.go.jp/znk-web/juminkanja/S2430/initialize?prefCd=30&kikanCd=3066100000&kikanKbn=3", "url2": "http://keyaki.dentalmall.jp/index.html" }, "geometry": { "type": "Point", "coordinates": [ 135.17335, 34.23033 ] } },
{ "type": "Feature", "properties": { "内容": "伊都地方休日急患歯科診療所【3:歯科】和歌山県橋本市東家１－３－１", "url": "https://www.iryou.teikyouseido.mhlw.go.jp/znk-web/juminkanja/S2430/initialize?prefCd=30&kikanCd=3066200000&kikanKbn=3", "url2": "http://www.hashimoto-kouiki.jp/" }, "geometry": { "type": "Point", "coordinates": [ 135.603727, 34.315772 ] } },
{ "type": "Feature", "properties": { "内容": "おがみ歯科クリニック【3:歯科】和歌山県和歌山市秋月４６８－８", "url": "https://www.iryou.teikyouseido.mhlw.go.jp/znk-web/juminkanja/S2430/initialize?prefCd=30&kikanCd=3066300000&kikanKbn=3", "url2": null }, "geometry": { "type": "Point", "coordinates": [ 135.206684, 34.227058 ] } },
{ "type": "Feature", "properties": { "内容": "藤田歯科【3:歯科】和歌山県和歌山市小雑賀７１０", "url": "https://www.iryou.teikyouseido.mhlw.go.jp/znk-web/juminkanja/S2430/initialize?prefCd=30&kikanCd=3066500000&kikanKbn=3", "url2": "http://www.fujita-d-e.net/" }, "geometry": { "type": "Point", "coordinates": [ 135.184795, 34.199861 ] } },
{ "type": "Feature", "properties": { "内容": "杉原歯科医院【3:歯科】和歌山県和歌山市小松原通４－２８－２９", "url": "https://www.iryou.teikyouseido.mhlw.go.jp/znk-web/juminkanja/S2430/initialize?prefCd=30&kikanCd=3066600000&kikanKbn=3", "url2": null }, "geometry": { "type": "Point", "coordinates": [ 135.169073, 34.21972 ] } },
{ "type": "Feature", "properties": { "内容": "とよざわ歯科クリニック【3:歯科】和歌山県橋本市橋本２丁目１５０８番地", "url": "https://www.iryou.teikyouseido.mhlw.go.jp/znk-web/juminkanja/S2430/initialize?prefCd=30&kikanCd=3066700000&kikanKbn=3", "url2": null }, "geometry": { "type": "Point", "coordinates": [ 135.614059, 34.315828 ] } },
{ "type": "Feature", "properties": { "内容": "かたおか歯科クリニック【3:歯科】和歌山県和歌山市黒田１００－６", "url": "https://www.iryou.teikyouseido.mhlw.go.jp/znk-web/juminkanja/S2430/initialize?prefCd=30&kikanCd=3066800000&kikanKbn=3", "url2": "http://www.kataoka-shikaclinic.com/" }, "geometry": { "type": "Point", "coordinates": [ 135.192876, 34.233746 ] } },
{ "type": "Feature", "properties": { "内容": "医療法人かわさきデンタルクリニック【3:歯科】和歌山県和歌山市中５７３－１９　エスタシオン４０３", "url": "https://www.iryou.teikyouseido.mhlw.go.jp/znk-web/juminkanja/S2430/initialize?prefCd=30&kikanCd=3067300000&kikanKbn=3", "url2": "http://www.kawasakidentalclinic.com" }, "geometry": { "type": "Point", "coordinates": [ 135.147433, 34.276435 ] } },
{ "type": "Feature", "properties": { "内容": "医療法人　雅心会　ホワイトエッセンスわかやま歯科【3:歯科】和歌山県和歌山市ふじと台２３番地イオンモール和歌山２階", "url": "https://www.iryou.teikyouseido.mhlw.go.jp/znk-web/juminkanja/S2430/initialize?prefCd=30&kikanCd=3067400000&kikanKbn=3", "url2": "http://www.whiteessence.com/shop/wakayama-aeon/" }, "geometry": { "type": "Point", "coordinates": [ 135.148933, 34.275658 ] } },
{ "type": "Feature", "properties": { "内容": "医療法人たんぽぽ会歯科和歌山院【3:歯科】和歌山県和歌山市里２７番１－３", "url": "https://www.iryou.teikyouseido.mhlw.go.jp/znk-web/juminkanja/S2430/initialize?prefCd=30&kikanCd=3067500000&kikanKbn=3", "url2": "http://www.tanpopo-wakayama.com" }, "geometry": { "type": "Point", "coordinates": [ 135.266101, 34.262505 ] } },
{ "type": "Feature", "properties": { "内容": "サンゴ台デンタルセンター　いわたに【3:歯科】和歌山県東牟婁郡串本町サンゴ台１０６０－２５２", "url": "https://www.iryou.teikyouseido.mhlw.go.jp/znk-web/juminkanja/S2430/initialize?prefCd=30&kikanCd=3067700000&kikanKbn=3", "url2": null }, "geometry": { "type": "Point", "coordinates": [ 135.782286, 33.482032 ] } },
{ "type": "Feature", "properties": { "内容": "オリーブ歯科【3:歯科】和歌山県紀の川市粉河８３７－２", "url": "https://www.iryou.teikyouseido.mhlw.go.jp/znk-web/juminkanja/S2430/initialize?prefCd=30&kikanCd=3067800000&kikanKbn=3", "url2": "http://www.olive-shika.jp/" }, "geometry": { "type": "Point", "coordinates": [ 135.40669, 34.270469 ] } },
{ "type": "Feature", "properties": { "内容": "シバデンタルクリニック【3:歯科】和歌山県御坊市湯川町小松原２４８－１０", "url": "https://www.iryou.teikyouseido.mhlw.go.jp/znk-web/juminkanja/S2430/initialize?prefCd=30&kikanCd=3067900000&kikanKbn=3", "url2": null }, "geometry": { "type": "Point", "coordinates": [ 135.164326, 33.901518 ] } },
{ "type": "Feature", "properties": { "内容": "阪中歯科【3:歯科】和歌山県伊都郡かつらぎ町妙寺２７－１", "url": "https://www.iryou.teikyouseido.mhlw.go.jp/znk-web/juminkanja/S2430/initialize?prefCd=30&kikanCd=3068000000&kikanKbn=3", "url2": null }, "geometry": { "type": "Point", "coordinates": [ 135.524817, 34.299051 ] } },
{ "type": "Feature", "properties": { "内容": "にしの歯科クリニック【3:歯科】和歌山県田辺市稲成町字新江原３２４６", "url": "https://www.iryou.teikyouseido.mhlw.go.jp/znk-web/juminkanja/S2430/initialize?prefCd=30&kikanCd=3068100000&kikanKbn=3", "url2": null }, "geometry": { "type": "Point", "coordinates": [ 135.3768, 33.743468 ] } },
{ "type": "Feature", "properties": { "内容": "こうざき西歯科クリニック【3:歯科】和歌山県和歌山市神前１０５－１", "url": "https://www.iryou.teikyouseido.mhlw.go.jp/znk-web/juminkanja/S2430/initialize?prefCd=30&kikanCd=3068200000&kikanKbn=3", "url2": "http://nishi-dent.com/" }, "geometry": { "type": "Point", "coordinates": [ 135.207098, 34.216332 ] } },
{ "type": "Feature", "properties": { "内容": "石原歯科クリニック【3:歯科】和歌山県和歌山市平井１２６－１", "url": "https://www.iryou.teikyouseido.mhlw.go.jp/znk-web/juminkanja/S2430/initialize?prefCd=30&kikanCd=3068600000&kikanKbn=3", "url2": null }, "geometry": { "type": "Point", "coordinates": [ 135.169334, 34.258639 ] } },
{ "type": "Feature", "properties": { "内容": "秋葉山デンタルオフィス【3:歯科】和歌山県和歌山市秋葉町３－２", "url": "https://www.iryou.teikyouseido.mhlw.go.jp/znk-web/juminkanja/S2430/initialize?prefCd=30&kikanCd=3068700000&kikanKbn=3", "url2": null }, "geometry": { "type": "Point", "coordinates": [ 135.169604, 34.199817 ] } },
{ "type": "Feature", "properties": { "内容": "オレンジ歯科【3:歯科】和歌山県和歌山市黒田１４３", "url": "https://www.iryou.teikyouseido.mhlw.go.jp/znk-web/juminkanja/S2430/initialize?prefCd=30&kikanCd=3068800000&kikanKbn=3", "url2": "http://we-love-orangeshika.com/" }, "geometry": { "type": "Point", "coordinates": [ 135.194043, 34.236219 ] } },
{ "type": "Feature", "properties": { "内容": "ちあき歯科【3:歯科】和歌山県東牟婁郡那智勝浦町天満１丁目３３", "url": "https://www.iryou.teikyouseido.mhlw.go.jp/znk-web/juminkanja/S2430/initialize?prefCd=30&kikanCd=3068900000&kikanKbn=3", "url2": "https://www.chiaki-dental-clinic.com" }, "geometry": { "type": "Point", "coordinates": [ 135.933036, 33.635351 ] } },
{ "type": "Feature", "properties": { "内容": "わだ歯科クリニック【3:歯科】和歌山県和歌山市中島５７６番１", "url": "https://www.iryou.teikyouseido.mhlw.go.jp/znk-web/juminkanja/S2430/initialize?prefCd=30&kikanCd=3069000000&kikanKbn=3", "url2": "http://www.wadadc.net/" }, "geometry": { "type": "Point", "coordinates": [ 135.194237, 34.214296 ] } },
{ "type": "Feature", "properties": { "内容": "医療法人しおり　ヒルデンタルクリニック【3:歯科】和歌山県西牟婁郡上富田町朝来２５８５", "url": "https://www.iryou.teikyouseido.mhlw.go.jp/znk-web/juminkanja/S2430/initialize?prefCd=30&kikanCd=3069200000&kikanKbn=3", "url2": null }, "geometry": { "type": "Point", "coordinates": [ 135.419363, 33.701222 ] } },
{ "type": "Feature", "properties": { "内容": "今村歯科医院【3:歯科】和歌山県海南市日方１２５－１", "url": "https://www.iryou.teikyouseido.mhlw.go.jp/znk-web/juminkanja/S2430/initialize?prefCd=30&kikanCd=3069400000&kikanKbn=3", "url2": "http://www.eonet.ne.jp/~imamura-shika/" }, "geometry": { "type": "Point", "coordinates": [ 135.207322, 34.160616 ] } },
{ "type": "Feature", "properties": { "内容": "やぶた歯科クリニック【3:歯科】和歌山県和歌山市森小手穂６８２－１４", "url": "https://www.iryou.teikyouseido.mhlw.go.jp/znk-web/juminkanja/S2430/initialize?prefCd=30&kikanCd=3069500000&kikanKbn=3", "url2": "https://www.yabutadentalclinic.com/" }, "geometry": { "type": "Point", "coordinates": [ 135.225073, 34.208765 ] } },
{ "type": "Feature", "properties": { "内容": "和歌山こまつ歯科【3:歯科】和歌山県和歌山市新中島６７－１", "url": "https://www.iryou.teikyouseido.mhlw.go.jp/znk-web/juminkanja/S2430/initialize?prefCd=30&kikanCd=3069600000&kikanKbn=3", "url2": "https://wakayama-shika.com/" }, "geometry": { "type": "Point", "coordinates": [ 135.199265, 34.215304 ] } },
{ "type": "Feature", "properties": { "内容": "味八木歯科医院【3:歯科】和歌山県新宮市神倉４丁目６－４０", "url": "https://www.iryou.teikyouseido.mhlw.go.jp/znk-web/juminkanja/S2430/initialize?prefCd=30&kikanCd=3069700000&kikanKbn=3", "url2": null }, "geometry": { "type": "Point", "coordinates": [ 135.987001, 33.720204 ] } },
{ "type": "Feature", "properties": { "内容": "カワシマ歯科クリニック【3:歯科】和歌山県和歌山市直川１－４", "url": "https://www.iryou.teikyouseido.mhlw.go.jp/znk-web/juminkanja/S2430/initialize?prefCd=30&kikanCd=3069800000&kikanKbn=3", "url2": null }, "geometry": { "type": "Point", "coordinates": [ 135.208595, 34.26116 ] } },
{ "type": "Feature", "properties": { "内容": "西嶋歯科クリニック【3:歯科】和歌山県新宮市千穂１丁目１番４８号", "url": "https://www.iryou.teikyouseido.mhlw.go.jp/znk-web/juminkanja/S2430/initialize?prefCd=30&kikanCd=3070100000&kikanKbn=3", "url2": null }, "geometry": { "type": "Point", "coordinates": [ 135.986417, 33.725203 ] } },
{ "type": "Feature", "properties": { "内容": "おかもと歯科クリニック【3:歯科】和歌山県橋本市小峰台１－３３－１０", "url": "https://www.iryou.teikyouseido.mhlw.go.jp/znk-web/juminkanja/S2430/initialize?prefCd=30&kikanCd=3070200000&kikanKbn=3", "url2": "https://www.okamotodentalclinic.net" }, "geometry": { "type": "Point", "coordinates": [ 135.623551, 34.348802 ] } },
{ "type": "Feature", "properties": { "内容": "すがわ歯科【3:歯科】和歌山県田辺市秋津町７４２", "url": "https://www.iryou.teikyouseido.mhlw.go.jp/znk-web/juminkanja/S2430/initialize?prefCd=30&kikanCd=3070300000&kikanKbn=3", "url2": null }, "geometry": { "type": "Point", "coordinates": [ 135.387576, 33.745329 ] } },
{ "type": "Feature", "properties": { "内容": "園部きらり歯科【3:歯科】和歌山県和歌山市園部８６５－１", "url": "https://www.iryou.teikyouseido.mhlw.go.jp/znk-web/juminkanja/S2430/initialize?prefCd=30&kikanCd=3070400000&kikanKbn=3", "url2": "http://www.sonobekirari-dc.com/" }, "geometry": { "type": "Point", "coordinates": [ 135.194347, 34.262355 ] } },
{ "type": "Feature", "properties": { "内容": "ありだ歯科クリニック【3:歯科】和歌山県有田市宮崎町４７１番２", "url": "https://www.iryou.teikyouseido.mhlw.go.jp/znk-web/juminkanja/S2430/initialize?prefCd=30&kikanCd=3070500000&kikanKbn=3", "url2": null }, "geometry": { "type": "Point", "coordinates": [ 135.108473, 34.079678 ] } },
{ "type": "Feature", "properties": { "内容": "山本歯科医院【3:歯科】和歌山県和歌山市古屋８６－３", "url": "https://www.iryou.teikyouseido.mhlw.go.jp/znk-web/juminkanja/S2430/initialize?prefCd=30&kikanCd=3070700000&kikanKbn=3", "url2": null }, "geometry": { "type": "Point", "coordinates": [ 135.11989, 34.254544 ] } },
{ "type": "Feature", "properties": { "内容": "医療法人誠友会ささの歯科クリニック【3:歯科】和歌山県有田郡有田川町下津野１１０６－３", "url": "https://www.iryou.teikyouseido.mhlw.go.jp/znk-web/juminkanja/S2430/initialize?prefCd=30&kikanCd=3070900000&kikanKbn=3", "url2": "http://www.sasano-dental.net/" }, "geometry": { "type": "Point", "coordinates": [ 135.209966, 34.06046 ] } },
{ "type": "Feature", "properties": { "内容": "医療法人ベルウェル　クレア歯科クリニック【3:歯科】和歌山県和歌山市平井１０８－７", "url": "https://www.iryou.teikyouseido.mhlw.go.jp/znk-web/juminkanja/S2430/initialize?prefCd=30&kikanCd=3071000000&kikanKbn=3", "url2": "http://crea.dental/" }, "geometry": { "type": "Point", "coordinates": [ 135.168044, 34.259966 ] } },
{ "type": "Feature", "properties": { "内容": "おおみち歯科クリニック【3:歯科】和歌山県和歌山市直川６１３－１７", "url": "https://www.iryou.teikyouseido.mhlw.go.jp/znk-web/juminkanja/S2430/initialize?prefCd=30&kikanCd=3071100000&kikanKbn=3", "url2": "https://www.oomichi-dental.com/" }, "geometry": { "type": "Point", "coordinates": [ 135.221253, 34.262555 ] } },
{ "type": "Feature", "properties": { "内容": "ねごろ歯科口腔外科クリニック【3:歯科】和歌山県和歌山市坂田４２２－２", "url": "https://www.iryou.teikyouseido.mhlw.go.jp/znk-web/juminkanja/S2430/initialize?prefCd=30&kikanCd=3071300000&kikanKbn=3", "url2": null }, "geometry": { "type": "Point", "coordinates": [ 135.203099, 34.201444 ] } },
{ "type": "Feature", "properties": { "内容": "ごう歯科クリニック【3:歯科】和歌山県和歌山市和田１６０－３", "url": "https://www.iryou.teikyouseido.mhlw.go.jp/znk-web/juminkanja/S2430/initialize?prefCd=30&kikanCd=3071600000&kikanKbn=3", "url2": "https://goshika-dental.com" }, "geometry": { "type": "Point", "coordinates": [ 135.21132, 34.198945 ] } },
{ "type": "Feature", "properties": { "内容": "川崎歯科クリニック【3:歯科】和歌山県和歌山市新生町２７８－３", "url": "https://www.iryou.teikyouseido.mhlw.go.jp/znk-web/juminkanja/S2430/initialize?prefCd=30&kikanCd=3071700000&kikanKbn=3", "url2": "https://www.kawasaki-dent.jp" }, "geometry": { "type": "Point", "coordinates": [ 135.18696, 34.222886 ] } },
{ "type": "Feature", "properties": { "内容": "山中歯科こども歯科クリニック【3:歯科】和歌山県和歌山市市小路９１－６", "url": "https://www.iryou.teikyouseido.mhlw.go.jp/znk-web/juminkanja/S2430/initialize?prefCd=30&kikanCd=3071800000&kikanKbn=3", "url2": "https://www.yamanaka-dc.net/" }, "geometry": { "type": "Point", "coordinates": [ 135.164766, 34.257049 ] } },
{ "type": "Feature", "properties": { "内容": "Ｍａｓｕｄａ　Ｄｅｎｔａｌ　Ｃｌｉｎｉｃ【3:歯科】和歌山県岩出市西安上９４－１", "url": "https://www.iryou.teikyouseido.mhlw.go.jp/znk-web/juminkanja/S2430/initialize?prefCd=30&kikanCd=3071900000&kikanKbn=3", "url2": null }, "geometry": { "type": "Point", "coordinates": [ 135.291366, 34.277438 ] } },
{ "type": "Feature", "properties": { "内容": "こたに歯科【3:歯科】和歌山県和歌山市手平１－７－３１", "url": "https://www.iryou.teikyouseido.mhlw.go.jp/znk-web/juminkanja/S2430/initialize?prefCd=30&kikanCd=3072000000&kikanKbn=3", "url2": "https://kotani-shika.com" }, "geometry": { "type": "Point", "coordinates": [ 135.186405, 34.219303 ] } },
{ "type": "Feature", "properties": { "内容": "Ｄｅｎｔａｌ　ｏｆｆｉｃｅ　Ｗ．Ｉ．Ｃ．【3:歯科】和歌山県和歌山市美園町４－８１－１　ＳＯＰＨＩＡ和歌山イーストプラザ１号館４階", "url": "https://www.iryou.teikyouseido.mhlw.go.jp/znk-web/juminkanja/S2430/initialize?prefCd=30&kikanCd=3072200000&kikanKbn=3", "url2": null }, "geometry": { "type": "Point", "coordinates": [ 135.189237, 34.23083 ] } },
{ "type": "Feature", "properties": { "内容": "木下歯科クリニック【3:歯科】和歌山県和歌山市西小二里２丁目４番８７　フェリキタス西浜１０１号", "url": "https://www.iryou.teikyouseido.mhlw.go.jp/znk-web/juminkanja/S2430/initialize?prefCd=30&kikanCd=3072300000&kikanKbn=3", "url2": "http://kinoshita-shika-clinic.com" }, "geometry": { "type": "Point", "coordinates": [ 135.159491, 34.204526 ] } },
{ "type": "Feature", "properties": { "内容": "みなみで歯科クリニック【3:歯科】和歌山県和歌山市舟津町３丁目１６－３", "url": "https://www.iryou.teikyouseido.mhlw.go.jp/znk-web/juminkanja/S2430/initialize?prefCd=30&kikanCd=3072400000&kikanKbn=3", "url2": "http://minamide-dc.com" }, "geometry": { "type": "Point", "coordinates": [ 135.159268, 34.22022 ] } },
{ "type": "Feature", "properties": { "内容": "タブチ歯科クリニック【3:歯科】和歌山県海南市日方１２７２－５３", "url": "https://www.iryou.teikyouseido.mhlw.go.jp/znk-web/juminkanja/S2430/initialize?prefCd=30&kikanCd=3072500000&kikanKbn=3", "url2": "www.tabuchi-dental.com" }, "geometry": { "type": "Point", "coordinates": [ 135.208683, 34.155616 ] } },
{ "type": "Feature", "properties": { "内容": "あっそ歯科クリニック【3:歯科】和歌山県海南市多田１３４－２", "url": "https://www.iryou.teikyouseido.mhlw.go.jp/znk-web/juminkanja/S2430/initialize?prefCd=30&kikanCd=3072600000&kikanKbn=3", "url2": "https://www.asso-dental.jp" }, "geometry": { "type": "Point", "coordinates": [ 135.231904, 34.174865 ] } },
{ "type": "Feature", "properties": { "内容": "もり歯科クリニック【3:歯科】和歌山県和歌山市木ノ本５５５－７", "url": "https://www.iryou.teikyouseido.mhlw.go.jp/znk-web/juminkanja/S2430/initialize?prefCd=30&kikanCd=3072700000&kikanKbn=3", "url2": "https://morishikaclinic.com/" }, "geometry": { "type": "Point", "coordinates": [ 135.132047, 34.261854 ] } },
{ "type": "Feature", "properties": { "内容": "さくら歯科【3:歯科】和歌山県紀の川市桃山町最上１５３－１", "url": "https://www.iryou.teikyouseido.mhlw.go.jp/znk-web/juminkanja/S2430/initialize?prefCd=30&kikanCd=3072900000&kikanKbn=3", "url2": "https://sakura-dental-cl.jp" }, "geometry": { "type": "Point", "coordinates": [ 135.343375, 34.239322 ] } },
{ "type": "Feature", "properties": { "内容": "堀切歯科診療所【3:歯科】和歌山県橋本市御幸辻２５１－２", "url": "https://www.iryou.teikyouseido.mhlw.go.jp/znk-web/juminkanja/S2430/initialize?prefCd=30&kikanCd=3073000000&kikanKbn=3", "url2": null }, "geometry": { "type": "Point", "coordinates": [ 135.60567, 34.340909 ] } },
{ "type": "Feature", "properties": { "内容": "Ｗａｋａｙａｍａ　Ｐｒｉｖａｔｅ　Ｄｅｎｔａｌ　Ｏｆｆｉｃｅ【3:歯科】和歌山県和歌山市美園町５丁目１－３　池村ビル５０１", "url": "https://www.iryou.teikyouseido.mhlw.go.jp/znk-web/juminkanja/S2430/initialize?prefCd=30&kikanCd=3073100000&kikanKbn=3", "url2": "https://www.w-private-do.com" }, "geometry": { "type": "Point", "coordinates": [ 135.190154, 34.231913 ] } },
{ "type": "Feature", "properties": { "内容": "医療法人慶栄会　きもと歯科クリニック【3:歯科】和歌山県和歌山市木ノ本３１０－１", "url": "https://www.iryou.teikyouseido.mhlw.go.jp/znk-web/juminkanja/S2430/initialize?prefCd=30&kikanCd=3073200000&kikanKbn=3", "url2": "https://kimoto-dentalclinic.com" }, "geometry": { "type": "Point", "coordinates": [ 135.126987, 34.258728 ] } },
{ "type": "Feature", "properties": { "内容": "愛須デンタルクリニック【3:歯科】和歌山県西牟婁郡上富田町朝来字沖之芝７９８－３", "url": "https://www.iryou.teikyouseido.mhlw.go.jp/znk-web/juminkanja/S2430/initialize?prefCd=30&kikanCd=3073300000&kikanKbn=3", "url2": null }, "geometry": { "type": "Point", "coordinates": [ 135.428242, 33.695364 ] } },
{ "type": "Feature", "properties": { "内容": "たにもと歯科クリニック【3:歯科】和歌山県御坊市薗２６６－１５", "url": "https://www.iryou.teikyouseido.mhlw.go.jp/znk-web/juminkanja/S2430/initialize?prefCd=30&kikanCd=3073400000&kikanKbn=3", "url2": "http://www.ninjahp.com/hp/292_dental/" }, "geometry": { "type": "Point", "coordinates": [ 135.155784, 33.893032 ] } },
{ "type": "Feature", "properties": { "内容": "ゆあさ歯科クリニック【3:歯科】和歌山県和歌山市鷹匠町２丁目６０", "url": "https://www.iryou.teikyouseido.mhlw.go.jp/znk-web/juminkanja/S2430/initialize?prefCd=30&kikanCd=3073500000&kikanKbn=3", "url2": "http://wakayama-yuasa.com" }, "geometry": { "type": "Point", "coordinates": [ 135.176295, 34.221775 ] } },
{ "type": "Feature", "properties": { "内容": "上野山歯科・こども歯科【3:歯科】和歌山県有田郡有田川町水尻６９９－５", "url": "https://www.iryou.teikyouseido.mhlw.go.jp/znk-web/juminkanja/S2430/initialize?prefCd=30&kikanCd=3073600000&kikanKbn=3", "url2": "https://uenoyama-dental.com" }, "geometry": { "type": "Point", "coordinates": [ 135.19069, 34.049904 ] } },
{ "type": "Feature", "properties": { "内容": "しもつ歯科クリニック【3:歯科】和歌山県海南市下津町丁９２－６", "url": "https://www.iryou.teikyouseido.mhlw.go.jp/znk-web/juminkanja/S2430/initialize?prefCd=30&kikanCd=3073700000&kikanKbn=3", "url2": "https://shimotsu.dental" }, "geometry": { "type": "Point", "coordinates": [ 135.155217, 34.121202 ] } },
{ "type": "Feature", "properties": { "内容": "きのかわ歯科クリニック【3:歯科】和歌山県紀の川市久留壁２１－２", "url": "https://www.iryou.teikyouseido.mhlw.go.jp/znk-web/juminkanja/S2430/initialize?prefCd=30&kikanCd=3074000000&kikanKbn=3", "url2": "https://kinokawa-dc.com/" }, "geometry": { "type": "Point", "coordinates": [ 135.363974, 34.266213 ] } },
{ "type": "Feature", "properties": { "内容": "あじさい歯科【3:歯科】和歌山県伊都郡かつらぎ町妙寺４３９番９２", "url": "https://www.iryou.teikyouseido.mhlw.go.jp/znk-web/juminkanja/S2430/initialize?prefCd=30&kikanCd=3074100000&kikanKbn=3", "url2": null }, "geometry": { "type": "Point", "coordinates": [ 135.519763, 34.296412 ] } },
{ "type": "Feature", "properties": { "内容": "みなかた歯科クリニック【3:歯科】和歌山県和歌山市梶取２３９－１", "url": "https://www.iryou.teikyouseido.mhlw.go.jp/znk-web/juminkanja/S2430/initialize?prefCd=30&kikanCd=3074200000&kikanKbn=3", "url2": "https://www.minakata-dc.com/" }, "geometry": { "type": "Point", "coordinates": [ 135.160025, 34.250227 ] } },
{ "type": "Feature", "properties": { "内容": "やまもと歯科【3:歯科】和歌山県和歌山市口須佐１番１", "url": "https://www.iryou.teikyouseido.mhlw.go.jp/znk-web/juminkanja/S2430/initialize?prefCd=30&kikanCd=3074300000&kikanKbn=3", "url2": "https://www.yamamotodc.info/" }, "geometry": { "type": "Point", "coordinates": [ 135.251372, 34.205834 ] } },
{ "type": "Feature", "properties": { "内容": "たなか歯科クリニック【3:歯科】和歌山県田辺市たきない町２１－３３", "url": "https://www.iryou.teikyouseido.mhlw.go.jp/znk-web/juminkanja/S2430/initialize?prefCd=30&kikanCd=3074400000&kikanKbn=3", "url2": "https://dc-tanaka.net/" }, "geometry": { "type": "Point", "coordinates": [ 135.401258, 33.700687 ] } },
{ "type": "Feature", "properties": { "内容": "医療法人　千尋会　アリス歯科クリニック【3:歯科】和歌山県和歌山市鳴神７５５－１", "url": "https://www.iryou.teikyouseido.mhlw.go.jp/znk-web/juminkanja/S2430/initialize?prefCd=30&kikanCd=3074700000&kikanKbn=3", "url2": "https://alice-shika.com/" }, "geometry": { "type": "Point", "coordinates": [ 135.209541, 34.237691 ] } },
{ "type": "Feature", "properties": { "内容": "フクロウのもり　こども歯科クリニック【3:歯科】和歌山県和歌山市西高松２丁目７－８", "url": "https://www.iryou.teikyouseido.mhlw.go.jp/znk-web/juminkanja/S2430/initialize?prefCd=30&kikanCd=3074800000&kikanKbn=3", "url2": null }, "geometry": { "type": "Point", "coordinates": [ 135.170907, 34.205776 ] } },
{ "type": "Feature", "properties": { "内容": "なかにし歯科医院【3:歯科】和歌山県有田郡有田川町下津野８５４－１", "url": "https://www.iryou.teikyouseido.mhlw.go.jp/znk-web/juminkanja/S2430/initialize?prefCd=30&kikanCd=3074900000&kikanKbn=3", "url2": null }, "geometry": { "type": "Point", "coordinates": [ 135.20928, 34.064417 ] } },
{ "type": "Feature", "properties": { "内容": "小島ホワイト歯科クリニック【3:歯科】和歌山県和歌山市栄谷４４７－１", "url": "https://www.iryou.teikyouseido.mhlw.go.jp/znk-web/juminkanja/S2430/initialize?prefCd=30&kikanCd=3075000000&kikanKbn=3", "url2": null }, "geometry": { "type": "Point", "coordinates": [ 135.161321, 34.259631 ] } },
{ "type": "Feature", "properties": { "内容": "日高歯科医院【3:歯科】和歌山県東牟婁郡串本町西向１９４－１", "url": "https://www.iryou.teikyouseido.mhlw.go.jp/znk-web/juminkanja/S2430/initialize?prefCd=30&kikanCd=3075100000&kikanKbn=3", "url2": null }, "geometry": { "type": "Point", "coordinates": [ 135.821024, 33.520445 ] } },
{ "type": "Feature", "properties": { "内容": "中嶋歯科医院【3:歯科】和歌山県岩出市高塚２２５番地の１", "url": "https://www.iryou.teikyouseido.mhlw.go.jp/znk-web/juminkanja/S2430/initialize?prefCd=30&kikanCd=3075200000&kikanKbn=3", "url2": "http://www.nakashima-dentaloffice.jp" }, "geometry": { "type": "Point", "coordinates": [ 135.322725, 34.257608 ] } },
{ "type": "Feature", "properties": { "内容": "医療法人有真会やまにし歯科医院【3:歯科】和歌山県和歌山市西庄２３５番地の１４", "url": "https://www.iryou.teikyouseido.mhlw.go.jp/znk-web/juminkanja/S2430/initialize?prefCd=30&kikanCd=3075300000&kikanKbn=3", "url2": "https://www.yamanishi-dental.net/" }, "geometry": { "type": "Point", "coordinates": [ 135.120431, 34.261986 ] } },
{ "type": "Feature", "properties": { "内容": "木田歯科医院【3:歯科】和歌山県橋本市あやの台１－４４－３", "url": "https://www.iryou.teikyouseido.mhlw.go.jp/znk-web/juminkanja/S2430/initialize?prefCd=30&kikanCd=3075400000&kikanKbn=3", "url2": null }, "geometry": { "type": "Point", "coordinates": [ 135.654935, 34.338276 ] } },
{ "type": "Feature", "properties": { "内容": "岩出根来デンタルオフィス【3:歯科】和歌山県岩出市中黒２６６－１", "url": "https://www.iryou.teikyouseido.mhlw.go.jp/znk-web/juminkanja/S2430/initialize?prefCd=30&kikanCd=3305200001&kikanKbn=3", "url2": null }, "geometry": { "type": "Point", "coordinates": [ 135.293538, 34.271475 ] } },
{ "type": "Feature", "properties": { "内容": "紀の川こもれび歯科医院【3:歯科】和歌山県紀の川市下井阪４６６－１", "url": "https://www.iryou.teikyouseido.mhlw.go.jp/znk-web/juminkanja/S2430/initialize?prefCd=30&kikanCd=3305200002&kikanKbn=3", "url2": "https://k-komorebi.com/" }, "geometry": { "type": "Point", "coordinates": [ 135.340278, 34.258657 ] } }
]
}
