{
"type": "FeatureCollection",
"name": "geo_30_2",
"crs": { "type": "name", "properties": { "name": "urn:ogc:def:crs:OGC:1.3:CRS84" } },
"features": [
{ "type": "Feature", "properties": { "内容": "国保北山村診療所【2:診療所】【診療科目:内科】和歌山県東牟婁郡北山村大沼３１２", "url": "https://www.iryou.teikyouseido.mhlw.go.jp/znk-web/juminkanja/S2430/initialize?prefCd=30&kikanCd=2000100000&kikanKbn=2", "url2": null }, "geometry": { "type": "Point", "coordinates": [ 135.966577, 33.929743 ] } },
{ "type": "Feature", "properties": { "内容": "医療法人　鶴寿会　酒井内科【2:診療所】【診療科目:内科_代謝内科_内分泌内科_糖尿病・代謝内科_呼吸器内科_循環器内科_消化器内科_漢方内科】和歌山県和歌山市加太９３９－１０", "url": "https://www.iryou.teikyouseido.mhlw.go.jp/znk-web/juminkanja/S2430/initialize?prefCd=30&kikanCd=2000200000&kikanKbn=2", "url2": "https://kakujyukai.or.jp/" }, "geometry": { "type": "Point", "coordinates": [ 135.08255, 34.274878 ] } },
{ "type": "Feature", "properties": { "内容": "佐谷医院【2:診療所】【診療科目:内科_循環器内科】和歌山県和歌山市加太１１７５－１１", "url": "https://www.iryou.teikyouseido.mhlw.go.jp/znk-web/juminkanja/S2430/initialize?prefCd=30&kikanCd=2000400000&kikanKbn=2", "url2": "https://website2.infomity.net/8400000040/" }, "geometry": { "type": "Point", "coordinates": [ 135.077662, 34.274378 ] } },
{ "type": "Feature", "properties": { "内容": "ファミリークリニックしんか【2:診療所】【診療科目:内科_呼吸器内科_循環器内科_消化器内科_放射線科】和歌山県和歌山市西庄８６２－５", "url": "https://www.iryou.teikyouseido.mhlw.go.jp/znk-web/juminkanja/S2430/initialize?prefCd=30&kikanCd=2000600000&kikanKbn=2", "url2": null }, "geometry": { "type": "Point", "coordinates": [ 135.110049, 34.255881 ] } },
{ "type": "Feature", "properties": { "内容": "北山健医院【2:診療所】【診療科目:内科_呼吸器内科_外科_整形外科_放射線科】和歌山県和歌山市西庄１８７－５", "url": "https://www.iryou.teikyouseido.mhlw.go.jp/znk-web/juminkanja/S2430/initialize?prefCd=30&kikanCd=2000800000&kikanKbn=2", "url2": null }, "geometry": { "type": "Point", "coordinates": [ 135.114548, 34.259965 ] } },
{ "type": "Feature", "properties": { "内容": "竹の里園診療所【2:診療所】【診療科目:内科】和歌山県和歌山市明王寺六ノ坪３－１", "url": "https://www.iryou.teikyouseido.mhlw.go.jp/znk-web/juminkanja/S2430/initialize?prefCd=30&kikanCd=2001300000&kikanKbn=2", "url2": null }, "geometry": { "type": "Point", "coordinates": [ 135.254261, 34.213249 ] } },
{ "type": "Feature", "properties": { "内容": "寒川内科医院【2:診療所】【診療科目:内科_循環器内科_皮膚科】和歌山県和歌山市桑山１６４－３", "url": "https://www.iryou.teikyouseido.mhlw.go.jp/znk-web/juminkanja/S2430/initialize?prefCd=30&kikanCd=2001700000&kikanKbn=2", "url2": null }, "geometry": { "type": "Point", "coordinates": [ 135.224736, 34.198223 ] } },
{ "type": "Feature", "properties": { "内容": "高尾内科医院【2:診療所】【診療科目:内科_呼吸器内科_循環器内科_消化器内科_リハビリテーション科_放射線科】和歌山県紀の川市貴志川町丸栖５－４", "url": "https://www.iryou.teikyouseido.mhlw.go.jp/znk-web/juminkanja/S2430/initialize?prefCd=30&kikanCd=2002400000&kikanKbn=2", "url2": null }, "geometry": { "type": "Point", "coordinates": [ 135.323087, 34.230304 ] } },
{ "type": "Feature", "properties": { "内容": "北山眼科クリニック【2:診療所】【診療科目:眼科】和歌山県紀の川市貴志川町丸栖６４９", "url": "https://www.iryou.teikyouseido.mhlw.go.jp/znk-web/juminkanja/S2430/initialize?prefCd=30&kikanCd=2002500000&kikanKbn=2", "url2": null }, "geometry": { "type": "Point", "coordinates": [ 135.323754, 34.231998 ] } },
{ "type": "Feature", "properties": { "内容": "久保外科【2:診療所】【診療科目:内科_外科_脳神経外科_整形外科】和歌山県紀の川市貴志川町神戸２１２―２", "url": "https://www.iryou.teikyouseido.mhlw.go.jp/znk-web/juminkanja/S2430/initialize?prefCd=30&kikanCd=2002800000&kikanKbn=2", "url2": "kubo-geka.com" }, "geometry": { "type": "Point", "coordinates": [ 135.315172, 34.216945 ] } },
{ "type": "Feature", "properties": { "内容": "神戸坂口クリニック【2:診療所】【診療科目:内科_消化器内科_外科_肛門外科_リハビリテーション科_放射線科】和歌山県紀の川市貴志川町神戸６４４", "url": "https://www.iryou.teikyouseido.mhlw.go.jp/znk-web/juminkanja/S2430/initialize?prefCd=30&kikanCd=2002900000&kikanKbn=2", "url2": null }, "geometry": { "type": "Point", "coordinates": [ 135.314172, 34.211389 ] } },
{ "type": "Feature", "properties": { "内容": "竹内医院【2:診療所】【診療科目:内科_外科_小児科_放射線科】和歌山県紀の川市貴志川町神戸１００５番地の５", "url": "https://www.iryou.teikyouseido.mhlw.go.jp/znk-web/juminkanja/S2430/initialize?prefCd=30&kikanCd=2003000000&kikanKbn=2", "url2": null }, "geometry": { "type": "Point", "coordinates": [ 135.309228, 34.214612 ] } },
{ "type": "Feature", "properties": { "内容": "阪上診療所【2:診療所】【診療科目:内科】和歌山県紀の川市貴志川町長原４７１", "url": "https://www.iryou.teikyouseido.mhlw.go.jp/znk-web/juminkanja/S2430/initialize?prefCd=30&kikanCd=2003100000&kikanKbn=2", "url2": null }, "geometry": { "type": "Point", "coordinates": [ 135.307311, 34.216334 ] } },
{ "type": "Feature", "properties": { "内容": "井畑内科医院【2:診療所】【診療科目:内科_循環器内科_消化器内科_放射線科】和歌山県紀の川市貴志川町長原４３６―１", "url": "https://www.iryou.teikyouseido.mhlw.go.jp/znk-web/juminkanja/S2430/initialize?prefCd=30&kikanCd=2003200000&kikanKbn=2", "url2": null }, "geometry": { "type": "Point", "coordinates": [ 135.305423, 34.215834 ] } },
{ "type": "Feature", "properties": { "内容": "たね耳鼻咽喉科【2:診療所】【診療科目:耳鼻いんこう科】和歌山県紀の川市貴志川町長山１８０－２", "url": "https://www.iryou.teikyouseido.mhlw.go.jp/znk-web/juminkanja/S2430/initialize?prefCd=30&kikanCd=2003300000&kikanKbn=2", "url2": null }, "geometry": { "type": "Point", "coordinates": [ 135.292869, 34.211278 ] } },
{ "type": "Feature", "properties": { "内容": "浅江胃腸科【2:診療所】【診療科目:内科_消化器内科_胃腸内科_外科_放射線科】和歌山県紀の川市貴志川町長山２７７－２１４", "url": "https://www.iryou.teikyouseido.mhlw.go.jp/znk-web/juminkanja/S2430/initialize?prefCd=30&kikanCd=2003400000&kikanKbn=2", "url2": null }, "geometry": { "type": "Point", "coordinates": [ 135.289091, 34.208695 ] } },
{ "type": "Feature", "properties": { "内容": "岩橋医院　きみのファミリークリニック【2:診療所】【診療科目:内科_循環器内科_緩和ケア内科_小児科_産婦人科_アレルギー科】和歌山県海草郡紀美野町下佐々２６８", "url": "https://www.iryou.teikyouseido.mhlw.go.jp/znk-web/juminkanja/S2430/initialize?prefCd=30&kikanCd=2004300000&kikanKbn=2", "url2": null }, "geometry": { "type": "Point", "coordinates": [ 135.315924, 34.157618 ] } },
{ "type": "Feature", "properties": { "内容": "谷田クリニック【2:診療所】【診療科目:内科_呼吸器内科_循環器内科_消化器内科_小児科_アレルギー科】和歌山県海草郡紀美野町小畑６６８－１", "url": "https://www.iryou.teikyouseido.mhlw.go.jp/znk-web/juminkanja/S2430/initialize?prefCd=30&kikanCd=2004700000&kikanKbn=2", "url2": null }, "geometry": { "type": "Point", "coordinates": [ 135.291565, 34.164228 ] } },
{ "type": "Feature", "properties": { "内容": "木村医院【2:診療所】【診療科目:内科_消化器内科】和歌山県海南市沖野々２６０", "url": "https://www.iryou.teikyouseido.mhlw.go.jp/znk-web/juminkanja/S2430/initialize?prefCd=30&kikanCd=2005000000&kikanKbn=2", "url2": null }, "geometry": { "type": "Point", "coordinates": [ 135.275151, 34.162255 ] } },
{ "type": "Feature", "properties": { "内容": "紀美野町国民健康保険　真国診療所【2:診療所】【診療科目:内科】和歌山県海草郡紀美野町真国宮３２－２", "url": "https://www.iryou.teikyouseido.mhlw.go.jp/znk-web/juminkanja/S2430/initialize?prefCd=30&kikanCd=2005100000&kikanKbn=2", "url2": null }, "geometry": { "type": "Point", "coordinates": [ 135.374614, 34.169572 ] } },
{ "type": "Feature", "properties": { "内容": "紀の川市国民健康保険直営細野診療所【2:診療所】【診療科目:内科】和歌山県紀の川市桃山町中畑１０８－１", "url": "https://www.iryou.teikyouseido.mhlw.go.jp/znk-web/juminkanja/S2430/initialize?prefCd=30&kikanCd=2005600000&kikanKbn=2", "url2": null }, "geometry": { "type": "Point", "coordinates": [ 135.422303, 34.188755 ] } },
{ "type": "Feature", "properties": { "内容": "紀美野町　国民健康保険　細野診療所【2:診療所】【診療科目:内科】和歌山県海草郡紀美野町円明寺２２１番地２", "url": "https://www.iryou.teikyouseido.mhlw.go.jp/znk-web/juminkanja/S2430/initialize?prefCd=30&kikanCd=2005700000&kikanKbn=2", "url2": null }, "geometry": { "type": "Point", "coordinates": [ 135.414295, 34.168484 ] } },
{ "type": "Feature", "properties": { "内容": "紀美野町国民健康保険国吉診療所【2:診療所】【診療科目:内科_外科】和歌山県海草郡紀美野町田６３", "url": "https://www.iryou.teikyouseido.mhlw.go.jp/znk-web/juminkanja/S2430/initialize?prefCd=30&kikanCd=2005800000&kikanKbn=2", "url2": "https://www.town.kimino.wakayama.jp" }, "geometry": { "type": "Point", "coordinates": [ 135.415486, 34.139576 ] } },
{ "type": "Feature", "properties": { "内容": "紀美野町国民健康保険長谷毛原診療所【2:診療所】【診療科目:内科_外科】和歌山県海草郡紀美野町毛原宮２５４番地５", "url": "https://www.iryou.teikyouseido.mhlw.go.jp/znk-web/juminkanja/S2430/initialize?prefCd=30&kikanCd=2006000000&kikanKbn=2", "url2": "https://www.town.kimino.wakayama.jp" }, "geometry": { "type": "Point", "coordinates": [ 135.461365, 34.162323 ] } },
{ "type": "Feature", "properties": { "内容": "ナカムラメディカルクリニック【2:診療所】【診療科目:内科_呼吸器内科_循環器内科_消化器内科_胃腸内科_リウマチ科_リハビリテーション科_放射線科】和歌山県和歌山市元寺町南ノ丁５０", "url": "https://www.iryou.teikyouseido.mhlw.go.jp/znk-web/juminkanja/S2430/initialize?prefCd=30&kikanCd=2006200000&kikanKbn=2", "url2": null }, "geometry": { "type": "Point", "coordinates": [ 135.175794, 34.238079 ] } },
{ "type": "Feature", "properties": { "内容": "こやま皮膚科【2:診療所】【診療科目:皮膚科_アレルギー科】和歌山県和歌山市匠町２９番地　小山ビル２Ｆ", "url": "https://www.iryou.teikyouseido.mhlw.go.jp/znk-web/juminkanja/S2430/initialize?prefCd=30&kikanCd=2006500000&kikanKbn=2", "url2": "http://www.koyama-hifuka.jp/" }, "geometry": { "type": "Point", "coordinates": [ 135.175211, 34.234051 ] } },
{ "type": "Feature", "properties": { "内容": "こやま小児科【2:診療所】【診療科目:小児科】和歌山県和歌山市匠町２９番地　小山ビル３Ｆ", "url": "https://www.iryou.teikyouseido.mhlw.go.jp/znk-web/juminkanja/S2430/initialize?prefCd=30&kikanCd=2006600000&kikanKbn=2", "url2": "http://www.koyama-shounika.jp/" }, "geometry": { "type": "Point", "coordinates": [ 135.175211, 34.233995 ] } },
{ "type": "Feature", "properties": { "内容": "医療法人　マイクリニック【2:診療所】【診療科目:小児科_新生児小児科_産婦人科】和歌山県和歌山市本町６丁目５５番地", "url": "https://www.iryou.teikyouseido.mhlw.go.jp/znk-web/juminkanja/S2430/initialize?prefCd=30&kikanCd=2006900000&kikanKbn=2", "url2": "http://www.myclinic.or.jp/" }, "geometry": { "type": "Point", "coordinates": [ 135.174544, 34.239079 ] } },
{ "type": "Feature", "properties": { "内容": "医療法人　伊奈胃腸科【2:診療所】【診療科目:内科_消化器内科_外科_肛門外科_放射線科】和歌山県和歌山市本町２丁目４２番地", "url": "https://www.iryou.teikyouseido.mhlw.go.jp/znk-web/juminkanja/S2430/initialize?prefCd=30&kikanCd=2007400000&kikanKbn=2", "url2": "http://www.eonet.ne.jp/~inaichyouka/yi_nai_wei_chang_ke/youkoso.html" }, "geometry": { "type": "Point", "coordinates": [ 135.174628, 34.234134 ] } },
{ "type": "Feature", "properties": { "内容": "さかぐち医院【2:診療所】【診療科目:内科_呼吸器内科_循環器内科_消化器内科_リハビリテーション科】和歌山県和歌山市宇治袋町１３番地", "url": "https://www.iryou.teikyouseido.mhlw.go.jp/znk-web/juminkanja/S2430/initialize?prefCd=30&kikanCd=2007800000&kikanKbn=2", "url2": null }, "geometry": { "type": "Point", "coordinates": [ 135.173239, 34.236579 ] } },
{ "type": "Feature", "properties": { "内容": "山路小児科【2:診療所】【診療科目:内科_小児科】和歌山県和歌山市九家ノ丁１７", "url": "https://www.iryou.teikyouseido.mhlw.go.jp/znk-web/juminkanja/S2430/initialize?prefCd=30&kikanCd=2008100000&kikanKbn=2", "url2": null }, "geometry": { "type": "Point", "coordinates": [ 135.169767, 34.235468 ] } },
{ "type": "Feature", "properties": { "内容": "太田内科医院【2:診療所】【診療科目:内科_消化器内科】和歌山県和歌山市山吹丁３４番地", "url": "https://www.iryou.teikyouseido.mhlw.go.jp/znk-web/juminkanja/S2430/initialize?prefCd=30&kikanCd=2008400000&kikanKbn=2", "url2": null }, "geometry": { "type": "Point", "coordinates": [ 135.173877, 34.237079 ] } },
{ "type": "Feature", "properties": { "内容": "寺下整形外科・内科【2:診療所】【診療科目:内科_外科_脳神経外科_整形外科_リウマチ科_リハビリテーション科_放射線科】和歌山県和歌山市三木町南ノ丁３５", "url": "https://www.iryou.teikyouseido.mhlw.go.jp/znk-web/juminkanja/S2430/initialize?prefCd=30&kikanCd=2008700000&kikanKbn=2", "url2": "http://terashita-seikeigeka.com/" }, "geometry": { "type": "Point", "coordinates": [ 135.179151, 34.229736 ] } },
{ "type": "Feature", "properties": { "内容": "吉村眼科医院【2:診療所】【診療科目:眼科】和歌山県和歌山市三木町中ノ丁１７　ＬＥＴＯプラザ３－Ａ", "url": "https://www.iryou.teikyouseido.mhlw.go.jp/znk-web/juminkanja/S2430/initialize?prefCd=30&kikanCd=2008800000&kikanKbn=2", "url2": null }, "geometry": { "type": "Point", "coordinates": [ 135.178058, 34.230953 ] } },
{ "type": "Feature", "properties": { "内容": "瀧本クリニック【2:診療所】【診療科目:内科_呼吸器内科_循環器内科_外科_心臓血管外科_胸部外科_リハビリテーション科_放射線科】和歌山県和歌山市広瀬通丁２－３", "url": "https://www.iryou.teikyouseido.mhlw.go.jp/znk-web/juminkanja/S2430/initialize?prefCd=30&kikanCd=2009100000&kikanKbn=2", "url2": null }, "geometry": { "type": "Point", "coordinates": [ 135.181071, 34.226552 ] } },
{ "type": "Feature", "properties": { "内容": "生協芦原診療所【2:診療所】【診療科目:内科_外科】和歌山県和歌山市雄松町２丁目５５", "url": "https://www.iryou.teikyouseido.mhlw.go.jp/znk-web/juminkanja/S2430/initialize?prefCd=30&kikanCd=2009600000&kikanKbn=2", "url2": "http://www2.odn.ne.jp/~cba316301/asisin.htm" }, "geometry": { "type": "Point", "coordinates": [ 135.18271, 34.221803 ] } },
{ "type": "Feature", "properties": { "内容": "新谷医院【2:診療所】【診療科目:内科_小児科】和歌山県和歌山市島崎町７－１４", "url": "https://www.iryou.teikyouseido.mhlw.go.jp/znk-web/juminkanja/S2430/initialize?prefCd=30&kikanCd=2009700000&kikanKbn=2", "url2": null }, "geometry": { "type": "Point", "coordinates": [ 135.178099, 34.215782 ] } },
{ "type": "Feature", "properties": { "内容": "江本内科【2:診療所】【診療科目:内科】和歌山県和歌山市芦辺丁１０", "url": "https://www.iryou.teikyouseido.mhlw.go.jp/znk-web/juminkanja/S2430/initialize?prefCd=30&kikanCd=2010100000&kikanKbn=2", "url2": null }, "geometry": { "type": "Point", "coordinates": [ 135.175933, 34.223886 ] } },
{ "type": "Feature", "properties": { "内容": "多田内科【2:診療所】【診療科目:内科_内分泌内科_糖尿病・代謝内科】和歌山県和歌山市吹上２ー２－３２", "url": "https://www.iryou.teikyouseido.mhlw.go.jp/znk-web/juminkanja/S2430/initialize?prefCd=30&kikanCd=2010600000&kikanKbn=2", "url2": null }, "geometry": { "type": "Point", "coordinates": [ 135.169461, 34.222914 ] } },
{ "type": "Feature", "properties": { "内容": "吹上クリニック【2:診療所】【診療科目:内科_消化器内科_外科_肛門外科_整形外科_小児科_リハビリテーション科】和歌山県和歌山市吹上２－５－２８", "url": "https://www.iryou.teikyouseido.mhlw.go.jp/znk-web/juminkanja/S2430/initialize?prefCd=30&kikanCd=2010800000&kikanKbn=2", "url2": "https://www.fukiageclinic.com" }, "geometry": { "type": "Point", "coordinates": [ 135.170518, 34.220247 ] } },
{ "type": "Feature", "properties": { "内容": "和歌山市夜間・休日応急診療センター【2:診療所】【診療科目:内科_小児科_耳鼻いんこう科_歯科】和歌山県和歌山市吹上５－２－１５", "url": "https://www.iryou.teikyouseido.mhlw.go.jp/znk-web/juminkanja/S2430/initialize?prefCd=30&kikanCd=2011200000&kikanKbn=2", "url2": "http://wakayama-oukyu.or.jp/" }, "geometry": { "type": "Point", "coordinates": [ 135.175183, 34.220747 ] } },
{ "type": "Feature", "properties": { "内容": "楠本健夫耳鼻咽喉科院【2:診療所】【診療科目:耳鼻いんこう科】和歌山県和歌山市五番丁３", "url": "https://www.iryou.teikyouseido.mhlw.go.jp/znk-web/juminkanja/S2430/initialize?prefCd=30&kikanCd=2011300000&kikanKbn=2", "url2": null }, "geometry": { "type": "Point", "coordinates": [ 135.176541, 34.229304 ] } },
{ "type": "Feature", "properties": { "内容": "宮本眼科クリニック【2:診療所】【診療科目:眼科】和歌山県和歌山市十三番丁２８－２", "url": "https://www.iryou.teikyouseido.mhlw.go.jp/znk-web/juminkanja/S2430/initialize?prefCd=30&kikanCd=2011700000&kikanKbn=2", "url2": "http://m-ec.jp" }, "geometry": { "type": "Point", "coordinates": [ 135.171044, 34.232135 ] } },
{ "type": "Feature", "properties": { "内容": "さかつじ内科【2:診療所】【診療科目:内科_呼吸器内科_循環器内科_消化器内科_放射線科】和歌山県和歌山市十三番丁６２", "url": "https://www.iryou.teikyouseido.mhlw.go.jp/znk-web/juminkanja/S2430/initialize?prefCd=30&kikanCd=2011900000&kikanKbn=2", "url2": null }, "geometry": { "type": "Point", "coordinates": [ 135.168267, 34.231941 ] } },
{ "type": "Feature", "properties": { "内容": "有田内科【2:診療所】【診療科目:内科_呼吸器内科_循環器内科_消化器内科_アレルギー疾患内科_心療内科_アレルギー科】和歌山県和歌山市十一番丁５１", "url": "https://www.iryou.teikyouseido.mhlw.go.jp/znk-web/juminkanja/S2430/initialize?prefCd=30&kikanCd=2013300000&kikanKbn=2", "url2": "http://www.aritanaika.net" }, "geometry": { "type": "Point", "coordinates": [ 135.175406, 34.231663 ] } },
{ "type": "Feature", "properties": { "内容": "メンタルクリニック岩井【2:診療所】【診療科目:精神科_心療内科】和歌山県和歌山市東蔵前丁４番地　ファーストビル３階", "url": "https://www.iryou.teikyouseido.mhlw.go.jp/znk-web/juminkanja/S2430/initialize?prefCd=30&kikanCd=2013900000&kikanKbn=2", "url2": null }, "geometry": { "type": "Point", "coordinates": [ 135.166961, 34.235495 ] } },
{ "type": "Feature", "properties": { "内容": "中山レディースクリニック【2:診療所】【診療科目:婦人科】和歌山県和歌山市東蔵前丁４番地　ファーストビル２階", "url": "https://www.iryou.teikyouseido.mhlw.go.jp/znk-web/juminkanja/S2430/initialize?prefCd=30&kikanCd=2014000000&kikanKbn=2", "url2": "http://www.nakayama-ladies-clinic.com" }, "geometry": { "type": "Point", "coordinates": [ 135.166961, 34.235495 ] } },
{ "type": "Feature", "properties": { "内容": "上西内科【2:診療所】【診療科目:内科_呼吸器内科_消化器内科_アレルギー疾患内科_小児科】和歌山県和歌山市徒町２８番地", "url": "https://www.iryou.teikyouseido.mhlw.go.jp/znk-web/juminkanja/S2430/initialize?prefCd=30&kikanCd=2015100000&kikanKbn=2", "url2": null }, "geometry": { "type": "Point", "coordinates": [ 135.166184, 34.226052 ] } },
{ "type": "Feature", "properties": { "内容": "滋野医院【2:診療所】【診療科目:小児皮膚科_皮膚科_アレルギー科】和歌山県和歌山市真砂丁１－１", "url": "https://www.iryou.teikyouseido.mhlw.go.jp/znk-web/juminkanja/S2430/initialize?prefCd=30&kikanCd=2015300000&kikanKbn=2", "url2": "http://www.shigenoiin.com" }, "geometry": { "type": "Point", "coordinates": [ 135.169628, 34.224996 ] } },
{ "type": "Feature", "properties": { "内容": "医療法人　恒生会　菱川クリニック【2:診療所】【診療科目:内科_整形外科_リハビリテーション科_放射線科】和歌山県和歌山市茶屋ノ丁１－３", "url": "https://www.iryou.teikyouseido.mhlw.go.jp/znk-web/juminkanja/S2430/initialize?prefCd=30&kikanCd=2015400000&kikanKbn=2", "url2": null }, "geometry": { "type": "Point", "coordinates": [ 135.168573, 34.223247 ] } },
{ "type": "Feature", "properties": { "内容": "眼科松本クリニック【2:診療所】【診療科目:形成外科_美容外科_眼科_皮膚科】和歌山県和歌山市湊桶屋町１１", "url": "https://www.iryou.teikyouseido.mhlw.go.jp/znk-web/juminkanja/S2430/initialize?prefCd=30&kikanCd=2015500000&kikanKbn=2", "url2": "https://ganka-matsumoto.com/" }, "geometry": { "type": "Point", "coordinates": [ 135.167379, 34.219914 ] } },
{ "type": "Feature", "properties": { "内容": "みつばクリニック【2:診療所】【診療科目:内科_呼吸器内科_循環器内科_外科_心臓血管外科_リハビリテーション科_放射線科】和歌山県和歌山市広道３８", "url": "https://www.iryou.teikyouseido.mhlw.go.jp/znk-web/juminkanja/S2430/initialize?prefCd=30&kikanCd=2015700000&kikanKbn=2", "url2": "http://www.mitsuba-c.net" }, "geometry": { "type": "Point", "coordinates": [ 135.16624, 34.22433 ] } },
{ "type": "Feature", "properties": { "内容": "喜多クリニック和歌山診療所【2:診療所】【診療科目:内科_放射線科】和歌山県和歌山市小松原通１－１－１１　大岩ビル３階", "url": "https://www.iryou.teikyouseido.mhlw.go.jp/znk-web/juminkanja/S2430/initialize?prefCd=30&kikanCd=2015800000&kikanKbn=2", "url2": null }, "geometry": { "type": "Point", "coordinates": [ 135.168628, 34.225163 ] } },
{ "type": "Feature", "properties": { "内容": "楊消化器クリニック【2:診療所】【診療科目:内科_循環器内科_消化器内科_肝臓内科_外科_肛門外科】和歌山県和歌山市小松原通５－２０", "url": "https://www.iryou.teikyouseido.mhlw.go.jp/znk-web/juminkanja/S2430/initialize?prefCd=30&kikanCd=2015900000&kikanKbn=2", "url2": null }, "geometry": { "type": "Point", "coordinates": [ 135.16674, 34.219136 ] } },
{ "type": "Feature", "properties": { "内容": "楽クリニック【2:診療所】【診療科目:外科_心臓血管外科_肛門外科】和歌山県和歌山市築港３－２１－２", "url": "https://www.iryou.teikyouseido.mhlw.go.jp/znk-web/juminkanja/S2430/initialize?prefCd=30&kikanCd=2016400000&kikanKbn=2", "url2": "http://www.rakuc.com" }, "geometry": { "type": "Point", "coordinates": [ 135.15413, 34.222496 ] } },
{ "type": "Feature", "properties": { "内容": "宮野眼科【2:診療所】【診療科目:眼科】和歌山県和歌山市北中間町２８", "url": "https://www.iryou.teikyouseido.mhlw.go.jp/znk-web/juminkanja/S2430/initialize?prefCd=30&kikanCd=2016700000&kikanKbn=2", "url2": null }, "geometry": { "type": "Point", "coordinates": [ 135.16449, 34.225413 ] } },
{ "type": "Feature", "properties": { "内容": "舩橋クリニック【2:診療所】【診療科目:内科_循環器内科_外科_心臓血管外科_放射線科】和歌山県和歌山市岩橋３１６", "url": "https://www.iryou.teikyouseido.mhlw.go.jp/znk-web/juminkanja/S2430/initialize?prefCd=30&kikanCd=2017000000&kikanKbn=2", "url2": "http://www.funahashi-cl.com/" }, "geometry": { "type": "Point", "coordinates": [ 135.231762, 34.238274 ] } },
{ "type": "Feature", "properties": { "内容": "医療法人裕紫会　オリオン【2:診療所】【診療科目:内科_腎臓内科_人工透析内科】和歌山県和歌山市鳴神１２９番地の５", "url": "https://www.iryou.teikyouseido.mhlw.go.jp/znk-web/juminkanja/S2430/initialize?prefCd=30&kikanCd=2017400000&kikanKbn=2", "url2": "http://www.kikyokai.or.jp/dialysis/orion/index.html" }, "geometry": { "type": "Point", "coordinates": [ 135.212653, 34.226081 ] } },
{ "type": "Feature", "properties": { "内容": "医療法人　一穂会　武用整形外科【2:診療所】【診療科目:整形外科_リハビリテーション科_放射線科】和歌山県和歌山市鳴神１００５", "url": "https://www.iryou.teikyouseido.mhlw.go.jp/znk-web/juminkanja/S2430/initialize?prefCd=30&kikanCd=2017500000&kikanKbn=2", "url2": "https://buyo.jp/" }, "geometry": { "type": "Point", "coordinates": [ 135.208125, 34.230663 ] } },
{ "type": "Feature", "properties": { "内容": "まつもとクリニック【2:診療所】【診療科目:内科_消化器内科_小児科_放射線科】和歌山県和歌山市松島３４７－５", "url": "https://www.iryou.teikyouseido.mhlw.go.jp/znk-web/juminkanja/S2430/initialize?prefCd=30&kikanCd=2017700000&kikanKbn=2", "url2": null }, "geometry": { "type": "Point", "coordinates": [ 135.213068, 34.244884 ] } },
{ "type": "Feature", "properties": { "内容": "中村クリニック【2:診療所】【診療科目:内科_消化器内科_外科_小児科_皮膚科】和歌山県和歌山市森小手穂７２０－５", "url": "https://www.iryou.teikyouseido.mhlw.go.jp/znk-web/juminkanja/S2430/initialize?prefCd=30&kikanCd=2017900000&kikanKbn=2", "url2": null }, "geometry": { "type": "Point", "coordinates": [ 135.221069, 34.209055 ] } },
{ "type": "Feature", "properties": { "内容": "なかい眼科【2:診療所】【診療科目:眼科】和歌山県和歌山市神前１４６－１メゾンローズ１Ｆ", "url": "https://www.iryou.teikyouseido.mhlw.go.jp/znk-web/juminkanja/S2430/initialize?prefCd=30&kikanCd=2018000000&kikanKbn=2", "url2": null }, "geometry": { "type": "Point", "coordinates": [ 135.204987, 34.216693 ] } },
{ "type": "Feature", "properties": { "内容": "かさの医院【2:診療所】【診療科目:内科_産婦人科】和歌山県和歌山市神前３７２－１", "url": "https://www.iryou.teikyouseido.mhlw.go.jp/znk-web/juminkanja/S2430/initialize?prefCd=30&kikanCd=2018100000&kikanKbn=2", "url2": "http://kasanoiin.com" }, "geometry": { "type": "Point", "coordinates": [ 135.206293, 34.210777 ] } },
{ "type": "Feature", "properties": { "内容": "岩本脳神経外科【2:診療所】【診療科目:神経内科_脳神経外科_リハビリテーション科_放射線科】和歌山県和歌山市神前３９５－２", "url": "https://www.iryou.teikyouseido.mhlw.go.jp/znk-web/juminkanja/S2430/initialize?prefCd=30&kikanCd=2018200000&kikanKbn=2", "url2": null }, "geometry": { "type": "Point", "coordinates": [ 135.204959, 34.212998 ] } },
{ "type": "Feature", "properties": { "内容": "道浦クリニック【2:診療所】【診療科目:内科_消化器内科_胃腸内科_外科_肛門外科_放射線科】和歌山県和歌山市津秦１１３－５", "url": "https://www.iryou.teikyouseido.mhlw.go.jp/znk-web/juminkanja/S2430/initialize?prefCd=30&kikanCd=2018800000&kikanKbn=2", "url2": "http://www.jtw.zaq.ne.jp/michiura-clinic/framepage1.htm" }, "geometry": { "type": "Point", "coordinates": [ 135.202765, 34.219415 ] } },
{ "type": "Feature", "properties": { "内容": "土井内科胃腸科【2:診療所】【診療科目:内科_循環器内科_消化器内科】和歌山県和歌山市有家２４９－１６", "url": "https://www.iryou.teikyouseido.mhlw.go.jp/znk-web/juminkanja/S2430/initialize?prefCd=30&kikanCd=2019000000&kikanKbn=2", "url2": null }, "geometry": { "type": "Point", "coordinates": [ 135.197293, 34.224497 ] } },
{ "type": "Feature", "properties": { "内容": "公益財団法人和歌山県民総合健診センター【2:診療所】【診療科目:内科_婦人科】和歌山県和歌山市手平２丁目１－２", "url": "https://www.iryou.teikyouseido.mhlw.go.jp/znk-web/juminkanja/S2430/initialize?prefCd=30&kikanCd=2019100000&kikanKbn=2", "url2": "http://www.kensin-wakayama.or.jp" }, "geometry": { "type": "Point", "coordinates": [ 135.190294, 34.218414 ] } },
{ "type": "Feature", "properties": { "内容": "山本眼科医院【2:診療所】【診療科目:眼科】和歌山県和歌山市手平１－５－２９", "url": "https://www.iryou.teikyouseido.mhlw.go.jp/znk-web/juminkanja/S2430/initialize?prefCd=30&kikanCd=2019400000&kikanKbn=2", "url2": "yamamoto-kampo.com" }, "geometry": { "type": "Point", "coordinates": [ 135.187599, 34.217692 ] } },
{ "type": "Feature", "properties": { "内容": "一般社団法人和歌山市医師会成人病センター【2:診療所】【診療科目:内科_循環器内科_消化器内科_神経内科_外科_婦人科_眼科_耳鼻いんこう科_皮膚科_放射線科】和歌山県和歌山市手平２－１－２", "url": "https://www.iryou.teikyouseido.mhlw.go.jp/znk-web/juminkanja/S2430/initialize?prefCd=30&kikanCd=2019500000&kikanKbn=2", "url2": "https://washii-unet.jp/" }, "geometry": { "type": "Point", "coordinates": [ 135.190294, 34.218414 ] } },
{ "type": "Feature", "properties": { "内容": "森内科小児科【2:診療所】【診療科目:内科_小児科】和歌山県和歌山市手平４－２－２１", "url": "https://www.iryou.teikyouseido.mhlw.go.jp/znk-web/juminkanja/S2430/initialize?prefCd=30&kikanCd=2019600000&kikanKbn=2", "url2": null }, "geometry": { "type": "Point", "coordinates": [ 135.186461, 34.218082 ] } },
{ "type": "Feature", "properties": { "内容": "医療法人甃友会　やまもとクリニック【2:診療所】【診療科目:内科_小児科_泌尿器科】和歌山県和歌山市秋月５７０", "url": "https://www.iryou.teikyouseido.mhlw.go.jp/znk-web/juminkanja/S2430/initialize?prefCd=30&kikanCd=2019700000&kikanKbn=2", "url2": "http://www.syuyukai.com/" }, "geometry": { "type": "Point", "coordinates": [ 135.202765, 34.226331 ] } },
{ "type": "Feature", "properties": { "内容": "太田医院【2:診療所】【診療科目:内科_循環器内科_消化器内科_放射線科】和歌山県和歌山市太田１丁目１３－１０", "url": "https://www.iryou.teikyouseido.mhlw.go.jp/znk-web/juminkanja/S2430/initialize?prefCd=30&kikanCd=2019900000&kikanKbn=2", "url2": "https://oota-iin.jp/" }, "geometry": { "type": "Point", "coordinates": [ 135.193543, 34.232135 ] } },
{ "type": "Feature", "properties": { "内容": "ひらいし小児科【2:診療所】【診療科目:小児科】和歌山県和歌山市太田２丁目１３－２５ヒロメディカルセンター１Ｆ", "url": "https://www.iryou.teikyouseido.mhlw.go.jp/znk-web/juminkanja/S2430/initialize?prefCd=30&kikanCd=2020200000&kikanKbn=2", "url2": "https://www.4748600.com/" }, "geometry": { "type": "Point", "coordinates": [ 135.194626, 34.231941 ] } },
{ "type": "Feature", "properties": { "内容": "和田胃腸科医院【2:診療所】【診療科目:内科_消化器内科_内視鏡内科】和歌山県和歌山市太田１丁目４－２１", "url": "https://www.iryou.teikyouseido.mhlw.go.jp/znk-web/juminkanja/S2430/initialize?prefCd=30&kikanCd=2020400000&kikanKbn=2", "url2": "http://wadaichokaiin.com/" }, "geometry": { "type": "Point", "coordinates": [ 135.193931, 34.230246 ] } },
{ "type": "Feature", "properties": { "内容": "木下胃腸科内科医院【2:診療所】【診療科目:内科_呼吸器内科_循環器内科_消化器内科_放射線科】和歌山県和歌山市太田５５４－５", "url": "https://www.iryou.teikyouseido.mhlw.go.jp/znk-web/juminkanja/S2430/initialize?prefCd=30&kikanCd=2020500000&kikanKbn=2", "url2": "https://www.kinoshita-ichoukanaika.com" }, "geometry": { "type": "Point", "coordinates": [ 135.198459, 34.230163 ] } },
{ "type": "Feature", "properties": { "内容": "小池クリニック【2:診療所】【診療科目:内科_糖尿病内科_代謝内科_消化器内科】和歌山県和歌山市太田２丁目１３－２５", "url": "https://www.iryou.teikyouseido.mhlw.go.jp/znk-web/juminkanja/S2430/initialize?prefCd=30&kikanCd=2020600000&kikanKbn=2", "url2": "http://www.hiro-medical.com/" }, "geometry": { "type": "Point", "coordinates": [ 135.194598, 34.231941 ] } },
{ "type": "Feature", "properties": { "内容": "秋月レディースクリニック【2:診療所】【診療科目:内科_産婦人科】和歌山県和歌山市木広町５－４－４", "url": "https://www.iryou.teikyouseido.mhlw.go.jp/znk-web/juminkanja/S2430/initialize?prefCd=30&kikanCd=2021400000&kikanKbn=2", "url2": "http://akizuki-ladies.com/" }, "geometry": { "type": "Point", "coordinates": [ 135.191793, 34.227691 ] } },
{ "type": "Feature", "properties": { "内容": "木広町クリニック【2:診療所】【診療科目:内科_リハビリテーション科】和歌山県和歌山市木広町５－１－１２", "url": "https://www.iryou.teikyouseido.mhlw.go.jp/znk-web/juminkanja/S2430/initialize?prefCd=30&kikanCd=2021500000&kikanKbn=2", "url2": null }, "geometry": { "type": "Point", "coordinates": [ 135.190155, 34.226609 ] } },
{ "type": "Feature", "properties": { "内容": "ももたにクリニック【2:診療所】【診療科目:内科_精神科_心療内科】和歌山県和歌山市美園町５丁目６番７", "url": "https://www.iryou.teikyouseido.mhlw.go.jp/znk-web/juminkanja/S2430/initialize?prefCd=30&kikanCd=2022200000&kikanKbn=2", "url2": "http://momotani.jp" }, "geometry": { "type": "Point", "coordinates": [ 135.190313, 34.230862 ] } },
{ "type": "Feature", "properties": { "内容": "眼科田中クリニック【2:診療所】【診療科目:眼科】和歌山県和歌山市美園町５－１－８　山榮ビル３階", "url": "https://www.iryou.teikyouseido.mhlw.go.jp/znk-web/juminkanja/S2430/initialize?prefCd=30&kikanCd=2022900000&kikanKbn=2", "url2": "http://www.tanakaclinic.jp/" }, "geometry": { "type": "Point", "coordinates": [ 135.190237, 34.23158 ] } },
{ "type": "Feature", "properties": { "内容": "あさひ美容外科【2:診療所】【診療科目:美容外科】和歌山県和歌山市美園町５丁目１－７　新ヰゲタビル２Ｆ", "url": "https://www.iryou.teikyouseido.mhlw.go.jp/znk-web/juminkanja/S2430/initialize?prefCd=30&kikanCd=2023000000&kikanKbn=2", "url2": "http://www.asahi-biyou.or.jp" }, "geometry": { "type": "Point", "coordinates": [ 135.190209, 34.231746 ] } },
{ "type": "Feature", "properties": { "内容": "田村眼科【2:診療所】【診療科目:眼科】和歌山県和歌山市黒田１２０　アソートクロダ３Ｆ", "url": "https://www.iryou.teikyouseido.mhlw.go.jp/znk-web/juminkanja/S2430/initialize?prefCd=30&kikanCd=2023800000&kikanKbn=2", "url2": null }, "geometry": { "type": "Point", "coordinates": [ 135.192848, 34.236108 ] } },
{ "type": "Feature", "properties": { "内容": "橘医院【2:診療所】【診療科目:内科】和歌山県和歌山市黒田１１７", "url": "https://www.iryou.teikyouseido.mhlw.go.jp/znk-web/juminkanja/S2430/initialize?prefCd=30&kikanCd=2024200000&kikanKbn=2", "url2": null }, "geometry": { "type": "Point", "coordinates": [ 135.191709, 34.235966 ] } },
{ "type": "Feature", "properties": { "内容": "きみこ・クリニック　胃腸肛門科【2:診療所】【診療科目:内科_消化器内科_外科_肛門外科】和歌山県和歌山市黒田１丁目１－１０", "url": "https://www.iryou.teikyouseido.mhlw.go.jp/znk-web/juminkanja/S2430/initialize?prefCd=30&kikanCd=2024600000&kikanKbn=2", "url2": null }, "geometry": { "type": "Point", "coordinates": [ 135.192348, 34.233135 ] } },
{ "type": "Feature", "properties": { "内容": "坂井医院【2:診療所】【診療科目:内科_整形外科_リハビリテーション科】和歌山県和歌山市黒田１丁目４－８", "url": "https://www.iryou.teikyouseido.mhlw.go.jp/znk-web/juminkanja/S2430/initialize?prefCd=30&kikanCd=2024700000&kikanKbn=2", "url2": "http://atatameyou.com" }, "geometry": { "type": "Point", "coordinates": [ 135.192265, 34.233441 ] } },
{ "type": "Feature", "properties": { "内容": "くろだ耳鼻咽喉科【2:診療所】【診療科目:耳鼻いんこう科_頭頸部・耳鼻いんこう科】和歌山県和歌山市黒田２５４－３", "url": "https://www.iryou.teikyouseido.mhlw.go.jp/znk-web/juminkanja/S2430/initialize?prefCd=30&kikanCd=2024800000&kikanKbn=2", "url2": "http://www.eonet.ne.jp/~jibika/" }, "geometry": { "type": "Point", "coordinates": [ 135.196015, 34.236135 ] } },
{ "type": "Feature", "properties": { "内容": "米満内科【2:診療所】【診療科目:内科_呼吸器内科_循環器内科_消化器内科_心療内科_アレルギー科】和歌山県和歌山市黒田１０９番地の１", "url": "https://www.iryou.teikyouseido.mhlw.go.jp/znk-web/juminkanja/S2430/initialize?prefCd=30&kikanCd=2025000000&kikanKbn=2", "url2": null }, "geometry": { "type": "Point", "coordinates": [ 135.192421, 34.235646 ] } },
{ "type": "Feature", "properties": { "内容": "医療法人殿最会　みながクリニック【2:診療所】【診療科目:内科_糖尿病・代謝内科_呼吸器内科_循環器内科】和歌山県和歌山市友田町４－１８", "url": "https://www.iryou.teikyouseido.mhlw.go.jp/znk-web/juminkanja/S2430/initialize?prefCd=30&kikanCd=2025400000&kikanKbn=2", "url2": "https://minagaclinic.wixsite.com/tonomokai" }, "geometry": { "type": "Point", "coordinates": [ 135.188876, 34.233774 ] } },
{ "type": "Feature", "properties": { "内容": "星野クリニック【2:診療所】【診療科目:内科_血液内科_糖尿病・代謝内科_呼吸器内科_循環器内科_消化器内科_腎臓内科_神経内科_外科_消化器外科_乳腺外科_肛門外科_整形外科_精神科_心療内科_リハビリテーション科_放射線科】和歌山県和歌山市友田町５－３２", "url": "https://www.iryou.teikyouseido.mhlw.go.jp/znk-web/juminkanja/S2430/initialize?prefCd=30&kikanCd=2025500000&kikanKbn=2", "url2": "http://www.hoshino-cl.com" }, "geometry": { "type": "Point", "coordinates": [ 135.189931, 34.233885 ] } },
{ "type": "Feature", "properties": { "内容": "ひうらクリニック【2:診療所】【診療科目:内科_泌尿器科】和歌山県和歌山市友田町５－４３　山植ビル２Ｆ", "url": "https://www.iryou.teikyouseido.mhlw.go.jp/znk-web/juminkanja/S2430/initialize?prefCd=30&kikanCd=2025600000&kikanKbn=2", "url2": "http://www.hiuraclinic.com" }, "geometry": { "type": "Point", "coordinates": [ 135.189459, 34.233191 ] } },
{ "type": "Feature", "properties": { "内容": "生馬医院【2:診療所】【診療科目:内科_呼吸器内科_循環器内科_小児科_児童精神科_心療内科_アレルギー科】和歌山県和歌山市吉田４３６", "url": "https://www.iryou.teikyouseido.mhlw.go.jp/znk-web/juminkanja/S2430/initialize?prefCd=30&kikanCd=2025800000&kikanKbn=2", "url2": "http://www.ikomaiin.com" }, "geometry": { "type": "Point", "coordinates": [ 135.189959, 34.23483 ] } },
{ "type": "Feature", "properties": { "内容": "医療法人　耳鼻咽喉科池田クリニック【2:診療所】【診療科目:小児耳鼻いんこう科_耳鼻いんこう科_アレルギー科】和歌山県和歌山市吉田５８８", "url": "https://www.iryou.teikyouseido.mhlw.go.jp/znk-web/juminkanja/S2430/initialize?prefCd=30&kikanCd=2025900000&kikanKbn=2", "url2": "https://www.ent-ikeda-clinic.jp/" }, "geometry": { "type": "Point", "coordinates": [ 135.187178, 34.235522 ] } },
{ "type": "Feature", "properties": { "内容": "瀬川皮膚科泌尿器科性病科医院【2:診療所】【診療科目:感染症内科_皮膚科_泌尿器科】和歌山県和歌山市吉田３４７", "url": "https://www.iryou.teikyouseido.mhlw.go.jp/znk-web/juminkanja/S2430/initialize?prefCd=30&kikanCd=2026000000&kikanKbn=2", "url2": null }, "geometry": { "type": "Point", "coordinates": [ 135.190376, 34.236384 ] } },
{ "type": "Feature", "properties": { "内容": "得津医院【2:診療所】【診療科目:内科_循環器内科_消化器内科_外科】和歌山県和歌山市新大工町７", "url": "https://www.iryou.teikyouseido.mhlw.go.jp/znk-web/juminkanja/S2430/initialize?prefCd=30&kikanCd=2026800000&kikanKbn=2", "url2": "tokutsu.clinic" }, "geometry": { "type": "Point", "coordinates": [ 135.180405, 34.233719 ] } },
{ "type": "Feature", "properties": { "内容": "森内科クリニック【2:診療所】【診療科目:内科_糖尿病・代謝内科_呼吸器内科_循環器内科_腎臓内科_神経内科_漢方内科_老年内科_アレルギー疾患内科_アレルギー科】和歌山県和歌山市有本２２６－１２", "url": "https://www.iryou.teikyouseido.mhlw.go.jp/znk-web/juminkanja/S2430/initialize?prefCd=30&kikanCd=2027000000&kikanKbn=2", "url2": null }, "geometry": { "type": "Point", "coordinates": [ 135.197264, 34.247217 ] } },
{ "type": "Feature", "properties": { "内容": "和歌山生協病院附属診療所【2:診療所】【診療科目:内科_糖尿病内科_糖尿病・代謝内科_呼吸器内科_循環器内科_消化器内科_腎臓内科_神経内科_外科_消化器外科_肛門外科_整形外科_小児科_皮膚科_アレルギー科_リウマチ科_リハビリテーション科_放射線科_麻酔科】和歌山県和歌山市有本１４１－１", "url": "https://www.iryou.teikyouseido.mhlw.go.jp/znk-web/juminkanja/S2430/initialize?prefCd=30&kikanCd=2027300000&kikanKbn=2", "url2": "https://www.wakayama-coop-h.com/" }, "geometry": { "type": "Point", "coordinates": [ 135.196819, 34.245079 ] } },
{ "type": "Feature", "properties": { "内容": "まえだ内科クリニック【2:診療所】【診療科目:内科_消化器内科_放射線科】和歌山県和歌山市加納１２２－１２", "url": "https://www.iryou.teikyouseido.mhlw.go.jp/znk-web/juminkanja/S2430/initialize?prefCd=30&kikanCd=2027500000&kikanKbn=2", "url2": "http://maeda-naika-cl.com" }, "geometry": { "type": "Point", "coordinates": [ 135.207541, 34.247273 ] } },
{ "type": "Feature", "properties": { "内容": "野村内科医院【2:診療所】【診療科目:内科_消化器内科】和歌山県和歌山市中之島６８８－１", "url": "https://www.iryou.teikyouseido.mhlw.go.jp/znk-web/juminkanja/S2430/initialize?prefCd=30&kikanCd=2028200000&kikanKbn=2", "url2": "https://www.nomuranaika1996.com/" }, "geometry": { "type": "Point", "coordinates": [ 135.18171, 34.240273 ] } },
{ "type": "Feature", "properties": { "内容": "こばやし小児科【2:診療所】【診療科目:内科_小児科_アレルギー科】和歌山県和歌山市畑屋敷端ノ丁３７", "url": "https://www.iryou.teikyouseido.mhlw.go.jp/znk-web/juminkanja/S2430/initialize?prefCd=30&kikanCd=2028300000&kikanKbn=2", "url2": "http://www.kobayashi-med.com" }, "geometry": { "type": "Point", "coordinates": [ 135.184127, 34.236662 ] } },
{ "type": "Feature", "properties": { "内容": "医療法人　雅会　みやび内科クリニック【2:診療所】【診療科目:内科_呼吸器内科_循環器内科_消化器内科_ペインクリニック内科_リハビリテーション科_麻酔科】和歌山県和歌山市野崎１３３番地の１", "url": "https://www.iryou.teikyouseido.mhlw.go.jp/znk-web/juminkanja/S2430/initialize?prefCd=30&kikanCd=2028600000&kikanKbn=2", "url2": "https://miyabi-cl.net" }, "geometry": { "type": "Point", "coordinates": [ 135.158906, 34.243189 ] } },
{ "type": "Feature", "properties": { "内容": "淀澤医院【2:診療所】【診療科目:内科_糖尿病・代謝内科_呼吸器内科_循環器内科_消化器内科】和歌山県和歌山市野崎１８－１", "url": "https://www.iryou.teikyouseido.mhlw.go.jp/znk-web/juminkanja/S2430/initialize?prefCd=30&kikanCd=2028700000&kikanKbn=2", "url2": null }, "geometry": { "type": "Point", "coordinates": [ 135.153768, 34.244606 ] } },
{ "type": "Feature", "properties": { "内容": "北島橋クリニック【2:診療所】【診療科目:内科_呼吸器内科_循環器内科_消化器内科_外科_肛門外科_リハビリテーション科】和歌山県和歌山市北島５５８－１", "url": "https://www.iryou.teikyouseido.mhlw.go.jp/znk-web/juminkanja/S2430/initialize?prefCd=30&kikanCd=2028800000&kikanKbn=2", "url2": null }, "geometry": { "type": "Point", "coordinates": [ 135.162795, 34.244022 ] } },
{ "type": "Feature", "properties": { "内容": "松本医院【2:診療所】【診療科目:内科_糖尿病内科_肝臓内科_リウマチ科_リハビリテーション科】和歌山県和歌山市北島１００－２", "url": "https://www.iryou.teikyouseido.mhlw.go.jp/znk-web/juminkanja/S2430/initialize?prefCd=30&kikanCd=2028900000&kikanKbn=2", "url2": null }, "geometry": { "type": "Point", "coordinates": [ 135.15885, 34.241967 ] } },
{ "type": "Feature", "properties": { "内容": "一般財団法人　ＮＳ　メディカル・ヘルスケアサービス　和歌山診療所【2:診療所】【診療科目:内科_糖尿病・代謝内科_循環器内科_消化器内科_外科_婦人科_精神科_歯科_歯科口腔外科】和歌山県和歌山市湊１８５０", "url": "https://www.iryou.teikyouseido.mhlw.go.jp/znk-web/juminkanja/S2430/initialize?prefCd=30&kikanCd=2029300000&kikanKbn=2", "url2": "http://ns-med.or.jp/" }, "geometry": { "type": "Point", "coordinates": [ 135.150629, 34.238273 ] } },
{ "type": "Feature", "properties": { "内容": "かわしま眼科クリニック【2:診療所】【診療科目:眼科】和歌山県和歌山市狐島３７０－１", "url": "https://www.iryou.teikyouseido.mhlw.go.jp/znk-web/juminkanja/S2430/initialize?prefCd=30&kikanCd=2029600000&kikanKbn=2", "url2": "http://www.kawashimaganka.or.jp/" }, "geometry": { "type": "Point", "coordinates": [ 135.152462, 34.244106 ] } },
{ "type": "Feature", "properties": { "内容": "こむく整形外科【2:診療所】【診療科目:外科_整形外科_リハビリテーション科】和歌山県和歌山市狐島３７３－１", "url": "https://www.iryou.teikyouseido.mhlw.go.jp/znk-web/juminkanja/S2430/initialize?prefCd=30&kikanCd=2029700000&kikanKbn=2", "url2": null }, "geometry": { "type": "Point", "coordinates": [ 135.151796, 34.244272 ] } },
{ "type": "Feature", "properties": { "内容": "しおじやすひさクリニック【2:診療所】【診療科目:内科_消化器内科_胃腸内科】和歌山県和歌山市松江北７－６－６", "url": "https://www.iryou.teikyouseido.mhlw.go.jp/znk-web/juminkanja/S2430/initialize?prefCd=30&kikanCd=2030300000&kikanKbn=2", "url2": null }, "geometry": { "type": "Point", "coordinates": [ 135.127798, 34.251549 ] } },
{ "type": "Feature", "properties": { "内容": "宮崎泌尿器科内科クリニック【2:診療所】【診療科目:内科_泌尿器科】和歌山県和歌山市松江北６丁目２番２２号", "url": "https://www.iryou.teikyouseido.mhlw.go.jp/znk-web/juminkanja/S2430/initialize?prefCd=30&kikanCd=2030600000&kikanKbn=2", "url2": null }, "geometry": { "type": "Point", "coordinates": [ 135.128409, 34.25091 ] } },
{ "type": "Feature", "properties": { "内容": "オレンジクリニック木村耳鼻咽喉科【2:診療所】【診療科目:耳鼻いんこう科_アレルギー科】和歌山県和歌山市向１５１－４", "url": "https://www.iryou.teikyouseido.mhlw.go.jp/znk-web/juminkanja/S2430/initialize?prefCd=30&kikanCd=2031100000&kikanKbn=2", "url2": "orangeclinicwakayama.com" }, "geometry": { "type": "Point", "coordinates": [ 135.143907, 34.258604 ] } },
{ "type": "Feature", "properties": { "内容": "平井診療所【2:診療所】【診療科目:内科_消化器内科_外科_整形外科_リハビリテーション科】和歌山県和歌山市土入２９１－８６", "url": "https://www.iryou.teikyouseido.mhlw.go.jp/znk-web/juminkanja/S2430/initialize?prefCd=30&kikanCd=2031200000&kikanKbn=2", "url2": null }, "geometry": { "type": "Point", "coordinates": [ 135.139741, 34.250827 ] } },
{ "type": "Feature", "properties": { "内容": "太田皮フ科【2:診療所】【診療科目:皮膚科】和歌山県和歌山市土入２０－８", "url": "https://www.iryou.teikyouseido.mhlw.go.jp/znk-web/juminkanja/S2430/initialize?prefCd=30&kikanCd=2031300000&kikanKbn=2", "url2": "http://plaza.umin.ac.jp/~otaderma/" }, "geometry": { "type": "Point", "coordinates": [ 135.141934, 34.253716 ] } },
{ "type": "Feature", "properties": { "内容": "かわばた産婦人科【2:診療所】【診療科目:小児科_産婦人科】和歌山県和歌山市土入２５－１", "url": "https://www.iryou.teikyouseido.mhlw.go.jp/znk-web/juminkanja/S2430/initialize?prefCd=30&kikanCd=2031400000&kikanKbn=2", "url2": "http://kawagyne.sakura.ne.jp" }, "geometry": { "type": "Point", "coordinates": [ 135.142379, 34.253632 ] } },
{ "type": "Feature", "properties": { "内容": "しま内科胃腸科クリニック【2:診療所】【診療科目:内科_消化器内科_精神科_心療内科_リハビリテーション科】和歌山県和歌山市土入１６８－５２", "url": "https://www.iryou.teikyouseido.mhlw.go.jp/znk-web/juminkanja/S2430/initialize?prefCd=30&kikanCd=2031500000&kikanKbn=2", "url2": null }, "geometry": { "type": "Point", "coordinates": [ 135.141768, 34.252549 ] } },
{ "type": "Feature", "properties": { "内容": "夏見整形外科【2:診療所】【診療科目:外科_整形外科_リウマチ科_リハビリテーション科】和歌山県和歌山市榎原７３－２", "url": "https://www.iryou.teikyouseido.mhlw.go.jp/znk-web/juminkanja/S2430/initialize?prefCd=30&kikanCd=2031600000&kikanKbn=2", "url2": null }, "geometry": { "type": "Point", "coordinates": [ 135.133602, 34.255354 ] } },
{ "type": "Feature", "properties": { "内容": "榎原内科医院【2:診療所】【診療科目:内科_呼吸器内科_放射線科】和歌山県和歌山市榎原２７２－２７", "url": "https://www.iryou.teikyouseido.mhlw.go.jp/znk-web/juminkanja/S2430/initialize?prefCd=30&kikanCd=2031700000&kikanKbn=2", "url2": null }, "geometry": { "type": "Point", "coordinates": [ 135.131136, 34.25584 ] } },
{ "type": "Feature", "properties": { "内容": "医療法人弘愛会　黒田医院【2:診療所】【診療科目:内科_呼吸器内科_循環器内科_消化器内科_胃腸内科_小児科_放射線科】和歌山県和歌山市古屋６４", "url": "https://www.iryou.teikyouseido.mhlw.go.jp/znk-web/juminkanja/S2430/initialize?prefCd=30&kikanCd=2032000000&kikanKbn=2", "url2": "http://gokidoc.net/kansai/wakayama/30201/3701-00000000-006/clinic_top/" }, "geometry": { "type": "Point", "coordinates": [ 135.12052, 34.256465 ] } },
{ "type": "Feature", "properties": { "内容": "武田医院【2:診療所】【診療科目:内科_呼吸器内科_循環器内科_消化器内科_皮膚科】和歌山県和歌山市栄谷１９９－１", "url": "https://www.iryou.teikyouseido.mhlw.go.jp/znk-web/juminkanja/S2430/initialize?prefCd=30&kikanCd=2032800000&kikanKbn=2", "url2": null }, "geometry": { "type": "Point", "coordinates": [ 135.152461, 34.258492 ] } },
{ "type": "Feature", "properties": { "内容": "長谷川内科医院【2:診療所】【診療科目:内科_呼吸器内科_循環器内科_消化器内科_放射線科】和歌山県和歌山市栄谷２－３", "url": "https://www.iryou.teikyouseido.mhlw.go.jp/znk-web/juminkanja/S2430/initialize?prefCd=30&kikanCd=2032900000&kikanKbn=2", "url2": "https://hasegawacl.jp" }, "geometry": { "type": "Point", "coordinates": [ 135.154433, 34.255021 ] } },
{ "type": "Feature", "properties": { "内容": "河西診療所【2:診療所】【診療科目:内科_小児科】和歌山県和歌山市平井６６－１", "url": "https://www.iryou.teikyouseido.mhlw.go.jp/znk-web/juminkanja/S2430/initialize?prefCd=30&kikanCd=2033300000&kikanKbn=2", "url2": "htttp://www2.odn.ne.jp/wakayamamin-iren/kaseisin.htm" }, "geometry": { "type": "Point", "coordinates": [ 135.165988, 34.259882 ] } },
{ "type": "Feature", "properties": { "内容": "医療法人　北医会　北山クリニック【2:診療所】【診療科目:内科_呼吸器内科_循環器内科_消化器内科_放射線科】和歌山県和歌山市次郎丸７８－３", "url": "https://www.iryou.teikyouseido.mhlw.go.jp/znk-web/juminkanja/S2430/initialize?prefCd=30&kikanCd=2033500000&kikanKbn=2", "url2": null }, "geometry": { "type": "Point", "coordinates": [ 135.148073, 34.254771 ] } },
{ "type": "Feature", "properties": { "内容": "たかたクリニック【2:診療所】【診療科目:内科_ペインクリニック内科_整形外科_リハビリテーション科_麻酔科】和歌山県和歌山市木ノ本１１９－５", "url": "https://www.iryou.teikyouseido.mhlw.go.jp/znk-web/juminkanja/S2430/initialize?prefCd=30&kikanCd=2033900000&kikanKbn=2", "url2": null }, "geometry": { "type": "Point", "coordinates": [ 135.124825, 34.257076 ] } },
{ "type": "Feature", "properties": { "内容": "ひまわりこどもクリニック【2:診療所】【診療科目:小児科】和歌山県和歌山市木ノ本３０９－３", "url": "https://www.iryou.teikyouseido.mhlw.go.jp/znk-web/juminkanja/S2430/initialize?prefCd=30&kikanCd=2034200000&kikanKbn=2", "url2": null }, "geometry": { "type": "Point", "coordinates": [ 135.127158, 34.258881 ] } },
{ "type": "Feature", "properties": { "内容": "クリニック三木【2:診療所】【診療科目:外科_整形外科_リハビリテーション科_放射線科】和歌山県和歌山市粟２５０－３", "url": "https://www.iryou.teikyouseido.mhlw.go.jp/znk-web/juminkanja/S2430/initialize?prefCd=30&kikanCd=2034300000&kikanKbn=2", "url2": "http://www.sankoukai-ym.jp" }, "geometry": { "type": "Point", "coordinates": [ 135.173655, 34.252799 ] } },
{ "type": "Feature", "properties": { "内容": "三木内科【2:診療所】【診療科目:内科_呼吸器内科_循環器内科】和歌山県和歌山市楠見中１６９番地の１　ワッセナー２１", "url": "https://www.iryou.teikyouseido.mhlw.go.jp/znk-web/juminkanja/S2430/initialize?prefCd=30&kikanCd=2034400000&kikanKbn=2", "url2": null }, "geometry": { "type": "Point", "coordinates": [ 135.177431, 34.25366 ] } },
{ "type": "Feature", "properties": { "内容": "クリニックジョイ耳鼻咽喉科アレルギー科【2:診療所】【診療科目:頭頸部・耳鼻いんこう科_アレルギー科】和歌山県和歌山市楠見中１６９－１　ワッセナー２１", "url": "https://www.iryou.teikyouseido.mhlw.go.jp/znk-web/juminkanja/S2430/initialize?prefCd=30&kikanCd=2034500000&kikanKbn=2", "url2": "https://clinicjoy.p-kit.com/" }, "geometry": { "type": "Point", "coordinates": [ 135.177431, 34.253632 ] } },
{ "type": "Feature", "properties": { "内容": "下間クリニック【2:診療所】【診療科目:内科_消化器内科_外科_肛門外科_小児科】和歌山県和歌山市市小路４０２", "url": "https://www.iryou.teikyouseido.mhlw.go.jp/znk-web/juminkanja/S2430/initialize?prefCd=30&kikanCd=2034700000&kikanKbn=2", "url2": null }, "geometry": { "type": "Point", "coordinates": [ 135.16745, 34.255335 ] } },
{ "type": "Feature", "properties": { "内容": "松谷内科【2:診療所】【診療科目:内科_糖尿病内科_内分泌内科_呼吸器内科_循環器内科_消化器内科】和歌山県和歌山市善明寺７５５－８１", "url": "https://www.iryou.teikyouseido.mhlw.go.jp/znk-web/juminkanja/S2430/initialize?prefCd=30&kikanCd=2034800000&kikanKbn=2", "url2": "https://www.matsutaninaika-wakayama.com" }, "geometry": { "type": "Point", "coordinates": [ 135.179904, 34.261271 ] } },
{ "type": "Feature", "properties": { "内容": "山口整形外科【2:診療所】【診療科目:整形外科_リハビリテーション科_放射線科】和歌山県和歌山市大谷４０５－１", "url": "https://www.iryou.teikyouseido.mhlw.go.jp/znk-web/juminkanja/S2430/initialize?prefCd=30&kikanCd=2035100000&kikanKbn=2", "url2": "http://yamaguchiseikeigeka.com" }, "geometry": { "type": "Point", "coordinates": [ 135.179376, 34.260799 ] } },
{ "type": "Feature", "properties": { "内容": "クリニック宮本【2:診療所】【診療科目:内科_泌尿器科】和歌山県和歌山市大谷１０６－１", "url": "https://www.iryou.teikyouseido.mhlw.go.jp/znk-web/juminkanja/S2430/initialize?prefCd=30&kikanCd=2035200000&kikanKbn=2", "url2": null }, "geometry": { "type": "Point", "coordinates": [ 135.176737, 34.259605 ] } },
{ "type": "Feature", "properties": { "内容": "菖蒲医院【2:診療所】【診療科目:内科_外科_肛門外科_整形外科_リハビリテーション科】和歌山県和歌山市直川１９０５－１", "url": "https://www.iryou.teikyouseido.mhlw.go.jp/znk-web/juminkanja/S2430/initialize?prefCd=30&kikanCd=2035400000&kikanKbn=2", "url2": null }, "geometry": { "type": "Point", "coordinates": [ 135.209817, 34.264577 ] } },
{ "type": "Feature", "properties": { "内容": "にしたに内科【2:診療所】【診療科目:内科_糖尿病・代謝内科_呼吸器内科_循環器内科_消化器内科_腎臓内科_皮膚科】和歌山県和歌山市直川９６０－３", "url": "https://www.iryou.teikyouseido.mhlw.go.jp/znk-web/juminkanja/S2430/initialize?prefCd=30&kikanCd=2035600000&kikanKbn=2", "url2": "https://www.nishitani-naika.com/" }, "geometry": { "type": "Point", "coordinates": [ 135.22015, 34.262549 ] } },
{ "type": "Feature", "properties": { "内容": "医療法人　塩崎医院【2:診療所】【診療科目:内科_消化器内科_外科_肛門外科_放射線科_麻酔科】和歌山県和歌山市六十谷３６３－３", "url": "https://www.iryou.teikyouseido.mhlw.go.jp/znk-web/juminkanja/S2430/initialize?prefCd=30&kikanCd=2035700000&kikanKbn=2", "url2": "https://www.shiozaki-clinic.jp/" }, "geometry": { "type": "Point", "coordinates": [ 135.206568, 34.262355 ] } },
{ "type": "Feature", "properties": { "内容": "医療法人　小西眼科【2:診療所】【診療科目:眼科】和歌山県和歌山市六十谷２２２番地の３９", "url": "https://www.iryou.teikyouseido.mhlw.go.jp/znk-web/juminkanja/S2430/initialize?prefCd=30&kikanCd=2035800000&kikanKbn=2", "url2": null }, "geometry": { "type": "Point", "coordinates": [ 135.203263, 34.261132 ] } },
{ "type": "Feature", "properties": { "内容": "医療法人粉川レディスクリニック【2:診療所】【診療科目:産科_婦人科】和歌山県和歌山市六十谷３６６－４", "url": "https://www.iryou.teikyouseido.mhlw.go.jp/znk-web/juminkanja/S2430/initialize?prefCd=30&kikanCd=2035900000&kikanKbn=2", "url2": "http://www.kokawa-lc.jp/" }, "geometry": { "type": "Point", "coordinates": [ 135.206013, 34.261993 ] } },
{ "type": "Feature", "properties": { "内容": "津田小児科【2:診療所】【診療科目:小児科】和歌山県和歌山市六十谷３７４－１", "url": "https://www.iryou.teikyouseido.mhlw.go.jp/znk-web/juminkanja/S2430/initialize?prefCd=30&kikanCd=2036200000&kikanKbn=2", "url2": "https://tuda-shonika.com" }, "geometry": { "type": "Point", "coordinates": [ 135.204957, 34.262105 ] } },
{ "type": "Feature", "properties": { "内容": "土井脳神経外科クリニック【2:診療所】【診療科目:内科_神経内科_脳神経外科_リハビリテーション科】和歌山県和歌山市六十谷３５－１", "url": "https://www.iryou.teikyouseido.mhlw.go.jp/znk-web/juminkanja/S2430/initialize?prefCd=30&kikanCd=2036400000&kikanKbn=2", "url2": null }, "geometry": { "type": "Point", "coordinates": [ 135.200652, 34.260743 ] } },
{ "type": "Feature", "properties": { "内容": "吉田皮膚科【2:診療所】【診療科目:皮膚科】和歌山県和歌山市六十谷２２２－２６", "url": "https://www.iryou.teikyouseido.mhlw.go.jp/znk-web/juminkanja/S2430/initialize?prefCd=30&kikanCd=2036500000&kikanKbn=2", "url2": null }, "geometry": { "type": "Point", "coordinates": [ 135.203346, 34.261549 ] } },
{ "type": "Feature", "properties": { "内容": "なんぶ胃腸科内科【2:診療所】【診療科目:内科_呼吸器内科_循環器内科_消化器内科】和歌山県和歌山市六十谷１０２２－１", "url": "https://www.iryou.teikyouseido.mhlw.go.jp/znk-web/juminkanja/S2430/initialize?prefCd=30&kikanCd=2036600000&kikanKbn=2", "url2": "https://nambuichyouka.com/" }, "geometry": { "type": "Point", "coordinates": [ 135.201649, 34.262408 ] } },
{ "type": "Feature", "properties": { "内容": "岡本医院【2:診療所】【診療科目:内科_小児科】和歌山県和歌山市園部５９６－１５６", "url": "https://www.iryou.teikyouseido.mhlw.go.jp/znk-web/juminkanja/S2430/initialize?prefCd=30&kikanCd=2037000000&kikanKbn=2", "url2": null }, "geometry": { "type": "Point", "coordinates": [ 135.189014, 34.265326 ] } },
{ "type": "Feature", "properties": { "内容": "前田外科【2:診療所】【診療科目:内科_消化器内科_肛門外科_皮膚科】和歌山県和歌山市園部９６９－２", "url": "https://www.iryou.teikyouseido.mhlw.go.jp/znk-web/juminkanja/S2430/initialize?prefCd=30&kikanCd=2037200000&kikanKbn=2", "url2": null }, "geometry": { "type": "Point", "coordinates": [ 135.190042, 34.261466 ] } },
{ "type": "Feature", "properties": { "内容": "坂田内科【2:診療所】【診療科目:内科_呼吸器内科_循環器内科_消化器内科_リハビリテーション科_放射線科】和歌山県和歌山市坂田４５３", "url": "https://www.iryou.teikyouseido.mhlw.go.jp/znk-web/juminkanja/S2430/initialize?prefCd=30&kikanCd=2037800000&kikanKbn=2", "url2": null }, "geometry": { "type": "Point", "coordinates": [ 135.202071, 34.199862 ] } },
{ "type": "Feature", "properties": { "内容": "山東整形外科肛門科医院【2:診療所】【診療科目:内科_肛門外科_整形外科_リウマチ科_リハビリテーション科】和歌山県和歌山市和田１２０２－５", "url": "https://www.iryou.teikyouseido.mhlw.go.jp/znk-web/juminkanja/S2430/initialize?prefCd=30&kikanCd=2037900000&kikanKbn=2", "url2": "https://www.santoh-seikei.com" }, "geometry": { "type": "Point", "coordinates": [ 135.209043, 34.207333 ] } },
{ "type": "Feature", "properties": { "内容": "大河内医院【2:診療所】【診療科目:内科_循環器内科_消化器内科】和歌山県和歌山市中島４２９―１", "url": "https://www.iryou.teikyouseido.mhlw.go.jp/znk-web/juminkanja/S2430/initialize?prefCd=30&kikanCd=2038100000&kikanKbn=2", "url2": "okochiclinic.byoinnavi.jp" }, "geometry": { "type": "Point", "coordinates": [ 135.187406, 34.204944 ] } },
{ "type": "Feature", "properties": { "内容": "岡本内科【2:診療所】【診療科目:内科】和歌山県和歌山市小雑賀１５８", "url": "https://www.iryou.teikyouseido.mhlw.go.jp/znk-web/juminkanja/S2430/initialize?prefCd=30&kikanCd=2038200000&kikanKbn=2", "url2": null }, "geometry": { "type": "Point", "coordinates": [ 135.183767, 34.204944 ] } },
{ "type": "Feature", "properties": { "内容": "医療法人真正会　龍神整形外科【2:診療所】【診療科目:外科_整形外科_リハビリテーション科】和歌山県和歌山市北中島１－５－１", "url": "https://www.iryou.teikyouseido.mhlw.go.jp/znk-web/juminkanja/S2430/initialize?prefCd=30&kikanCd=2038500000&kikanKbn=2", "url2": "http://www.ryujin-cl.jp" }, "geometry": { "type": "Point", "coordinates": [ 135.187321, 34.213665 ] } },
{ "type": "Feature", "properties": { "内容": "岩橋内科【2:診療所】【診療科目:内科_循環器内科_消化器内科】和歌山県和歌山市北中島１－７－１２", "url": "https://www.iryou.teikyouseido.mhlw.go.jp/znk-web/juminkanja/S2430/initialize?prefCd=30&kikanCd=2038600000&kikanKbn=2", "url2": null }, "geometry": { "type": "Point", "coordinates": [ 135.187321, 34.212332 ] } },
{ "type": "Feature", "properties": { "内容": "きたクリニック【2:診療所】【診療科目:内科_外科】和歌山県和歌山市北中島１－５－１　クリニックビルりゅうじん３Ｆ", "url": "https://www.iryou.teikyouseido.mhlw.go.jp/znk-web/juminkanja/S2430/initialize?prefCd=30&kikanCd=2038700000&kikanKbn=2", "url2": "kita-cl.com" }, "geometry": { "type": "Point", "coordinates": [ 135.187294, 34.213665 ] } },
{ "type": "Feature", "properties": { "内容": "医療法人桜照会　さくらい乳腺外科クリニック【2:診療所】【診療科目:外科_乳腺外科】和歌山県和歌山市三葛２７９－５", "url": "https://www.iryou.teikyouseido.mhlw.go.jp/znk-web/juminkanja/S2430/initialize?prefCd=30&kikanCd=2039000000&kikanKbn=2", "url2": "https://www.sakurai-clinic.jp/" }, "geometry": { "type": "Point", "coordinates": [ 135.184796, 34.191389 ] } },
{ "type": "Feature", "properties": { "内容": "川崎医院【2:診療所】【診療科目:内科_呼吸器内科_循環器内科_消化器内科_小児科_放射線科】和歌山県和歌山市紀三井寺１０９９", "url": "https://www.iryou.teikyouseido.mhlw.go.jp/znk-web/juminkanja/S2430/initialize?prefCd=30&kikanCd=2039200000&kikanKbn=2", "url2": null }, "geometry": { "type": "Point", "coordinates": [ 135.188684, 34.18389 ] } },
{ "type": "Feature", "properties": { "内容": "大谷医院【2:診療所】【診療科目:内科_循環器内科_小児科_リハビリテーション科】和歌山県和歌山市紀三井寺１００６", "url": "https://www.iryou.teikyouseido.mhlw.go.jp/znk-web/juminkanja/S2430/initialize?prefCd=30&kikanCd=2039500000&kikanKbn=2", "url2": null }, "geometry": { "type": "Point", "coordinates": [ 135.18874, 34.181946 ] } },
{ "type": "Feature", "properties": { "内容": "宮本内科【2:診療所】【診療科目:内科_呼吸器内科_循環器内科_消化器内科】和歌山県和歌山市紀三井寺１－５３", "url": "https://www.iryou.teikyouseido.mhlw.go.jp/znk-web/juminkanja/S2430/initialize?prefCd=30&kikanCd=2039700000&kikanKbn=2", "url2": "http://www.miyamoto-clinic.jp" }, "geometry": { "type": "Point", "coordinates": [ 135.199045, 34.170226 ] } },
{ "type": "Feature", "properties": { "内容": "山本内科・消化器科【2:診療所】【診療科目:内科_呼吸器内科_消化器内科_放射線科】和歌山県和歌山市内原９３７－２８", "url": "https://www.iryou.teikyouseido.mhlw.go.jp/znk-web/juminkanja/S2430/initialize?prefCd=30&kikanCd=2039900000&kikanKbn=2", "url2": null }, "geometry": { "type": "Point", "coordinates": [ 135.191268, 34.171141 ] } },
{ "type": "Feature", "properties": { "内容": "吉田メンタルクリニック【2:診療所】【診療科目:精神科_心療内科】和歌山県和歌山市内原９１５　グリーンフル北野", "url": "https://www.iryou.teikyouseido.mhlw.go.jp/znk-web/juminkanja/S2430/initialize?prefCd=30&kikanCd=2040100000&kikanKbn=2", "url2": "https://ymcwakayama.sakura.ne.jp" }, "geometry": { "type": "Point", "coordinates": [ 135.192462, 34.171586 ] } },
{ "type": "Feature", "properties": { "内容": "ＭＩＺ麻川クリニック【2:診療所】【診療科目:内科_呼吸器内科_循環器内科_精神科_心療内科_アレルギー科_リウマチ科】和歌山県和歌山市毛見１１０３－１", "url": "https://www.iryou.teikyouseido.mhlw.go.jp/znk-web/juminkanja/S2430/initialize?prefCd=30&kikanCd=2040200000&kikanKbn=2", "url2": null }, "geometry": { "type": "Point", "coordinates": [ 135.186935, 34.166781 ] } },
{ "type": "Feature", "properties": { "内容": "山口医院【2:診療所】【診療科目:内科_糖尿病・代謝内科_小児科】和歌山県和歌山市毛見２９５－２１", "url": "https://www.iryou.teikyouseido.mhlw.go.jp/znk-web/juminkanja/S2430/initialize?prefCd=30&kikanCd=2040400000&kikanKbn=2", "url2": "http://yamaguchi-med.com" }, "geometry": { "type": "Point", "coordinates": [ 135.199406, 34.168837 ] } },
{ "type": "Feature", "properties": { "内容": "井関循環器科内科【2:診療所】【診療科目:内科_呼吸器内科_循環器内科_消化器内科】和歌山県和歌山市毛見１７３－４", "url": "https://www.iryou.teikyouseido.mhlw.go.jp/znk-web/juminkanja/S2430/initialize?prefCd=30&kikanCd=2040700000&kikanKbn=2", "url2": "http://support.myclinic.ne.jp/search/info/12513" }, "geometry": { "type": "Point", "coordinates": [ 135.187685, 34.165031 ] } },
{ "type": "Feature", "properties": { "内容": "医療法人　青木整形外科【2:診療所】【診療科目:整形外科_リウマチ科_リハビリテーション科_放射線科_麻酔科】和歌山県和歌山市布引７６３－８", "url": "https://www.iryou.teikyouseido.mhlw.go.jp/znk-web/juminkanja/S2430/initialize?prefCd=30&kikanCd=2040900000&kikanKbn=2", "url2": null }, "geometry": { "type": "Point", "coordinates": [ 135.188032, 34.170121 ] } },
{ "type": "Feature", "properties": { "内容": "神人クリニックなぐさ耳鼻咽喉科【2:診療所】【診療科目:耳鼻いんこう科_アレルギー科】和歌山県和歌山市布引９１４－１５", "url": "https://www.iryou.teikyouseido.mhlw.go.jp/znk-web/juminkanja/S2430/initialize?prefCd=30&kikanCd=2041000000&kikanKbn=2", "url2": "https://map.yahoo.co.jp/v3/place/O51I2ffL6Mw" }, "geometry": { "type": "Point", "coordinates": [ 135.187657, 34.174752 ] } },
{ "type": "Feature", "properties": { "内容": "嶋内科医院【2:診療所】【診療科目:内科_糖尿病・代謝内科_呼吸器内科_循環器内科_消化器内科_放射線科】和歌山県和歌山市布引６０７－１", "url": "https://www.iryou.teikyouseido.mhlw.go.jp/znk-web/juminkanja/S2430/initialize?prefCd=30&kikanCd=2041100000&kikanKbn=2", "url2": null }, "geometry": { "type": "Point", "coordinates": [ 135.18699, 34.173669 ] } },
{ "type": "Feature", "properties": { "内容": "上林神経内科クリニック【2:診療所】【診療科目:内科_神経内科_リハビリテーション科】和歌山県和歌山市布引６５２－６", "url": "https://www.iryou.teikyouseido.mhlw.go.jp/znk-web/juminkanja/S2430/initialize?prefCd=30&kikanCd=2041200000&kikanKbn=2", "url2": null }, "geometry": { "type": "Point", "coordinates": [ 135.187101, 34.172725 ] } },
{ "type": "Feature", "properties": { "内容": "村上内科【2:診療所】【診療科目:内科_呼吸器内科_循環器内科_消化器内科】和歌山県和歌山市松ケ丘１－８－１３", "url": "https://www.iryou.teikyouseido.mhlw.go.jp/znk-web/juminkanja/S2430/initialize?prefCd=30&kikanCd=2042500000&kikanKbn=2", "url2": null }, "geometry": { "type": "Point", "coordinates": [ 135.166297, 34.204443 ] } },
{ "type": "Feature", "properties": { "内容": "榎本耳鼻咽喉科【2:診療所】【診療科目:耳鼻いんこう科_アレルギー科】和歌山県和歌山市新高町３の１０", "url": "https://www.iryou.teikyouseido.mhlw.go.jp/znk-web/juminkanja/S2430/initialize?prefCd=30&kikanCd=2042600000&kikanKbn=2", "url2": null }, "geometry": { "type": "Point", "coordinates": [ 135.168879, 34.202083 ] } },
{ "type": "Feature", "properties": { "内容": "医療法人　圭泉会　三谷整形外科・内科【2:診療所】【診療科目:内科_整形外科_アレルギー科】和歌山県和歌山市新高町９－１０", "url": "https://www.iryou.teikyouseido.mhlw.go.jp/znk-web/juminkanja/S2430/initialize?prefCd=30&kikanCd=2042800000&kikanKbn=2", "url2": "http://www.nnc.or.jp/~mittang/" }, "geometry": { "type": "Point", "coordinates": [ 135.16688, 34.202388 ] } },
{ "type": "Feature", "properties": { "内容": "つの小児科【2:診療所】【診療科目:小児科_アレルギー科】和歌山県和歌山市関戸１丁目４－１０", "url": "https://www.iryou.teikyouseido.mhlw.go.jp/znk-web/juminkanja/S2430/initialize?prefCd=30&kikanCd=2043000000&kikanKbn=2", "url2": null }, "geometry": { "type": "Point", "coordinates": [ 135.167908, 34.201166 ] } },
{ "type": "Feature", "properties": { "内容": "秋田クリニック【2:診療所】【診療科目:内科_呼吸器内科_循環器内科_消化器内科_外科】和歌山県和歌山市関戸４丁目３－１０", "url": "https://www.iryou.teikyouseido.mhlw.go.jp/znk-web/juminkanja/S2430/initialize?prefCd=30&kikanCd=2043100000&kikanKbn=2", "url2": null }, "geometry": { "type": "Point", "coordinates": [ 135.159936, 34.196444 ] } },
{ "type": "Feature", "properties": { "内容": "医療法人新生会　岩橋産科婦人科【2:診療所】【診療科目:産婦人科_産科_婦人科_産婦人科（生殖医療）_産科、婦人科、産婦人科、産婦人科（生殖医療）、その他（産婦人科系）】和歌山県和歌山市関戸１－６－４４", "url": "https://www.iryou.teikyouseido.mhlw.go.jp/znk-web/juminkanja/S2430/initialize?prefCd=30&kikanCd=2043200000&kikanKbn=2", "url2": "https://iwahashi-sanfu.com/" }, "geometry": { "type": "Point", "coordinates": [ 135.168019, 34.199333 ] } },
{ "type": "Feature", "properties": { "内容": "竹内内科胃腸科【2:診療所】【診療科目:内科_循環器内科_消化器内科】和歌山県和歌山市西浜９７３－１２", "url": "https://www.iryou.teikyouseido.mhlw.go.jp/znk-web/juminkanja/S2430/initialize?prefCd=30&kikanCd=2043400000&kikanKbn=2", "url2": null }, "geometry": { "type": "Point", "coordinates": [ 135.158742, 34.198583 ] } },
{ "type": "Feature", "properties": { "内容": "嶋本脳神経外科・内科【2:診療所】【診療科目:内科_神経内科_脳神経外科_リハビリテーション科】和歌山県和歌山市西浜９２１－４", "url": "https://www.iryou.teikyouseido.mhlw.go.jp/znk-web/juminkanja/S2430/initialize?prefCd=30&kikanCd=2043600000&kikanKbn=2", "url2": null }, "geometry": { "type": "Point", "coordinates": [ 135.158435, 34.201472 ] } },
{ "type": "Feature", "properties": { "内容": "竹原外科内科医院【2:診療所】【診療科目:内科_呼吸器内科_循環器内科_消化器内科_神経内科_外科_脳神経外科_整形外科】和歌山県和歌山市西浜１００４－１", "url": "https://www.iryou.teikyouseido.mhlw.go.jp/znk-web/juminkanja/S2430/initialize?prefCd=30&kikanCd=2043700000&kikanKbn=2", "url2": null }, "geometry": { "type": "Point", "coordinates": [ 135.158464, 34.196694 ] } },
{ "type": "Feature", "properties": { "内容": "こうざき産婦人科【2:診療所】【診療科目:産婦人科】和歌山県和歌山市堀止南ノ丁３番地７", "url": "https://www.iryou.teikyouseido.mhlw.go.jp/znk-web/juminkanja/S2430/initialize?prefCd=30&kikanCd=2043900000&kikanKbn=2", "url2": "https://kouzaki.jp/" }, "geometry": { "type": "Point", "coordinates": [ 135.172184, 34.212665 ] } },
{ "type": "Feature", "properties": { "内容": "にしばた形成外科クリニック【2:診療所】【診療科目:外科_形成外科_耳鼻いんこう科_皮膚科】和歌山県和歌山市新堀東２丁目１－１５", "url": "https://www.iryou.teikyouseido.mhlw.go.jp/znk-web/juminkanja/S2430/initialize?prefCd=30&kikanCd=2044500000&kikanKbn=2", "url2": "http://cnishibata.com/" }, "geometry": { "type": "Point", "coordinates": [ 135.175045, 34.214887 ] } },
{ "type": "Feature", "properties": { "内容": "スガイ化学工業株式会社和歌山工場診療所【2:診療所】【診療科目:内科_皮膚科】和歌山県和歌山市宇須四丁目４番６号", "url": "https://www.iryou.teikyouseido.mhlw.go.jp/znk-web/juminkanja/S2430/initialize?prefCd=30&kikanCd=2044800000&kikanKbn=2", "url2": "toyama@sugai-chem.co.jp" }, "geometry": { "type": "Point", "coordinates": [ 135.178322, 34.207471 ] } },
{ "type": "Feature", "properties": { "内容": "横山内科【2:診療所】【診療科目:内科_呼吸器内科_循環器内科_消化器内科_胃腸内科_漢方内科_内視鏡内科_アレルギー疾患内科_小児科_アレルギー科_リウマチ科_リハビリテーション科_放射線科】和歌山県和歌山市宇須１－５－１５", "url": "https://www.iryou.teikyouseido.mhlw.go.jp/znk-web/juminkanja/S2430/initialize?prefCd=30&kikanCd=2044900000&kikanKbn=2", "url2": "http://www.yokoyama-naika.info/" }, "geometry": { "type": "Point", "coordinates": [ 135.173879, 34.210498 ] } },
{ "type": "Feature", "properties": { "内容": "こいけ内科糖尿病内科クリニック【2:診療所】【診療科目:内科_糖尿病・内分泌内科_消化器内科】和歌山県和歌山市今福２－１－５３", "url": "https://www.iryou.teikyouseido.mhlw.go.jp/znk-web/juminkanja/S2430/initialize?prefCd=30&kikanCd=2045000000&kikanKbn=2", "url2": "https://koike-dm-clinic.com" }, "geometry": { "type": "Point", "coordinates": [ 135.166101, 34.212471 ] } },
{ "type": "Feature", "properties": { "内容": "今福診療所【2:診療所】【診療科目:内科_小児科_放射線科】和歌山県和歌山市今福２丁目１番１６号", "url": "https://www.iryou.teikyouseido.mhlw.go.jp/znk-web/juminkanja/S2430/initialize?prefCd=30&kikanCd=2045300000&kikanKbn=2", "url2": "http://care-net.biz/30/kinokuniiryo" }, "geometry": { "type": "Point", "coordinates": [ 135.165851, 34.211776 ] } },
{ "type": "Feature", "properties": { "内容": "堀止西クリニック【2:診療所】【診療科目:泌尿器科】和歌山県和歌山市堀止西１丁目１－１２", "url": "https://www.iryou.teikyouseido.mhlw.go.jp/znk-web/juminkanja/S2430/initialize?prefCd=30&kikanCd=2045700000&kikanKbn=2", "url2": null }, "geometry": { "type": "Point", "coordinates": [ 135.169379, 34.214747 ] } },
{ "type": "Feature", "properties": { "内容": "いわはしクリニック【2:診療所】【診療科目:内科_外科_整形外科_眼科_リハビリテーション科_放射線科】和歌山県和歌山市西高松２－１３－２３", "url": "https://www.iryou.teikyouseido.mhlw.go.jp/znk-web/juminkanja/S2430/initialize?prefCd=30&kikanCd=2046000000&kikanKbn=2", "url2": null }, "geometry": { "type": "Point", "coordinates": [ 135.168712, 34.203777 ] } },
{ "type": "Feature", "properties": { "内容": "宮本医院【2:診療所】【診療科目:内科_消化器内科_小児科_リハビリテーション科】和歌山県和歌山市西高松１－５－３６", "url": "https://www.iryou.teikyouseido.mhlw.go.jp/znk-web/juminkanja/S2430/initialize?prefCd=30&kikanCd=2046400000&kikanKbn=2", "url2": "http://js-miyamoto-iin.jp/" }, "geometry": { "type": "Point", "coordinates": [ 135.171271, 34.208113 ] } },
{ "type": "Feature", "properties": { "内容": "虎谷医院【2:診療所】【診療科目:内科】和歌山県和歌山市東高松２－９－２０", "url": "https://www.iryou.teikyouseido.mhlw.go.jp/znk-web/juminkanja/S2430/initialize?prefCd=30&kikanCd=2046500000&kikanKbn=2", "url2": null }, "geometry": { "type": "Point", "coordinates": [ 135.172573, 34.206943 ] } },
{ "type": "Feature", "properties": { "内容": "松田眼科医院【2:診療所】【診療科目:眼科】和歌山県和歌山市東高松３－１－１９", "url": "https://www.iryou.teikyouseido.mhlw.go.jp/znk-web/juminkanja/S2430/initialize?prefCd=30&kikanCd=2046600000&kikanKbn=2", "url2": "https://matsuda-ganka.sakura.ne.jp/" }, "geometry": { "type": "Point", "coordinates": [ 135.17177, 34.20638 ] } },
{ "type": "Feature", "properties": { "内容": "浜田メディカルクリニック【2:診療所】【診療科目:内科_糖尿病内科_代謝・内分泌内科_腎臓内科_神経内科_脳神経外科_リハビリテーション科】和歌山県和歌山市東高松３－４－２５", "url": "https://www.iryou.teikyouseido.mhlw.go.jp/znk-web/juminkanja/S2430/initialize?prefCd=30&kikanCd=2046900000&kikanKbn=2", "url2": "http://www.ishinkai-med.com" }, "geometry": { "type": "Point", "coordinates": [ 135.171434, 34.205443 ] } },
{ "type": "Feature", "properties": { "内容": "社会福祉法人　わかうら会　診療所【2:診療所】【診療科目:内科_循環器内科】和歌山県和歌山市田野１７５", "url": "https://www.iryou.teikyouseido.mhlw.go.jp/znk-web/juminkanja/S2430/initialize?prefCd=30&kikanCd=2047700000&kikanKbn=2", "url2": "http://www.cypress.ne.jp/sha-waka/" }, "geometry": { "type": "Point", "coordinates": [ 135.150215, 34.185584 ] } },
{ "type": "Feature", "properties": { "内容": "平尾内科【2:診療所】【診療科目:内科】和歌山県海南市船尾２４１－６１", "url": "https://www.iryou.teikyouseido.mhlw.go.jp/znk-web/juminkanja/S2430/initialize?prefCd=30&kikanCd=2048300000&kikanKbn=2", "url2": null }, "geometry": { "type": "Point", "coordinates": [ 135.202823, 34.159004 ] } },
{ "type": "Feature", "properties": { "内容": "橋本胃腸科【2:診療所】【診療科目:内科_消化器内科_外科_肛門外科_放射線科】和歌山県海南市日方４３１", "url": "https://www.iryou.teikyouseido.mhlw.go.jp/znk-web/juminkanja/S2430/initialize?prefCd=30&kikanCd=2048900000&kikanKbn=2", "url2": null }, "geometry": { "type": "Point", "coordinates": [ 135.21235, 34.158532 ] } },
{ "type": "Feature", "properties": { "内容": "桐皮膚科医院【2:診療所】【診療科目:皮膚科】和歌山県海南市日方１５１２－６", "url": "https://www.iryou.teikyouseido.mhlw.go.jp/znk-web/juminkanja/S2430/initialize?prefCd=30&kikanCd=2049000000&kikanKbn=2", "url2": null }, "geometry": { "type": "Point", "coordinates": [ 135.212406, 34.155866 ] } },
{ "type": "Feature", "properties": { "内容": "中井内科医院【2:診療所】【診療科目:内科】和歌山県海南市黒江１－２８４", "url": "https://www.iryou.teikyouseido.mhlw.go.jp/znk-web/juminkanja/S2430/initialize?prefCd=30&kikanCd=2049400000&kikanKbn=2", "url2": null }, "geometry": { "type": "Point", "coordinates": [ 135.208239, 34.17217 ] } },
{ "type": "Feature", "properties": { "内容": "医療法人山友会　山本医院【2:診療所】【診療科目:内科_糖尿病内科_代謝内科_内分泌内科_消化器内科_老年内科_小児科_皮膚科_放射線科】和歌山県海南市且来６３２－１", "url": "https://www.iryou.teikyouseido.mhlw.go.jp/znk-web/juminkanja/S2430/initialize?prefCd=30&kikanCd=2049900000&kikanKbn=2", "url2": "https://sanyukai-yamamotoiin.com" }, "geometry": { "type": "Point", "coordinates": [ 135.240792, 34.171559 ] } },
{ "type": "Feature", "properties": { "内容": "しこねクリニック【2:診療所】【診療科目:内科_小児科_産科_婦人科】和歌山県海南市大野中４５２－１５", "url": "https://www.iryou.teikyouseido.mhlw.go.jp/znk-web/juminkanja/S2430/initialize?prefCd=30&kikanCd=2050000000&kikanKbn=2", "url2": null }, "geometry": { "type": "Point", "coordinates": [ 135.220682, 34.153172 ] } },
{ "type": "Feature", "properties": { "内容": "医療法人天竹会　竹中整形外科・内科【2:診療所】【診療科目:内科_循環器内科_神経内科_整形外科_リウマチ科_リハビリテーション科】和歌山県海南市重根１１－１", "url": "https://www.iryou.teikyouseido.mhlw.go.jp/znk-web/juminkanja/S2430/initialize?prefCd=30&kikanCd=2050200000&kikanKbn=2", "url2": "http://www.tenchikukai.jp/" }, "geometry": { "type": "Point", "coordinates": [ 135.23907, 34.153478 ] } },
{ "type": "Feature", "properties": { "内容": "たきもと内科クリニック【2:診療所】【診療科目:内科_循環器内科_消化器内科_胃腸内科_小児科_アレルギー科_リハビリテーション科】和歌山県海南市阪井１７９９－１", "url": "https://www.iryou.teikyouseido.mhlw.go.jp/znk-web/juminkanja/S2430/initialize?prefCd=30&kikanCd=2050300000&kikanKbn=2", "url2": null }, "geometry": { "type": "Point", "coordinates": [ 135.26143, 34.161674 ] } },
{ "type": "Feature", "properties": { "内容": "吉川内科循環器科【2:診療所】【診療科目:内科_循環器内科】和歌山県海南市幡川１８５－１", "url": "https://www.iryou.teikyouseido.mhlw.go.jp/znk-web/juminkanja/S2430/initialize?prefCd=30&kikanCd=2050400000&kikanKbn=2", "url2": "http://www.cypress.ne.jp/ymc/ymc.htm" }, "geometry": { "type": "Point", "coordinates": [ 135.231207, 34.15309 ] } },
{ "type": "Feature", "properties": { "内容": "辻整形外科【2:診療所】【診療科目:脳神経外科_整形外科_形成外科_リハビリテーション科_放射線科】和歌山県海南市築地１－５０", "url": "https://www.iryou.teikyouseido.mhlw.go.jp/znk-web/juminkanja/S2430/initialize?prefCd=30&kikanCd=2050600000&kikanKbn=2", "url2": "https://www.doujin-kai.or.jp/ortho-tsuji/" }, "geometry": { "type": "Point", "coordinates": [ 135.210406, 34.152589 ] } },
{ "type": "Feature", "properties": { "内容": "あらい耳鼻咽喉科【2:診療所】【診療科目:耳鼻いんこう科】和歌山県海南市名高５５５番地の３タナカビル２階", "url": "https://www.iryou.teikyouseido.mhlw.go.jp/znk-web/juminkanja/S2430/initialize?prefCd=30&kikanCd=2050700000&kikanKbn=2", "url2": "https://www.araijibiinkouka.com/" }, "geometry": { "type": "Point", "coordinates": [ 135.213517, 34.154755 ] } },
{ "type": "Feature", "properties": { "内容": "魚谷メンタルクリニック【2:診療所】【診療科目:精神科_心療内科】和歌山県海南市名高５３１－１　タムラビル４Ｆ", "url": "https://www.iryou.teikyouseido.mhlw.go.jp/znk-web/juminkanja/S2430/initialize?prefCd=30&kikanCd=2050800000&kikanKbn=2", "url2": null }, "geometry": { "type": "Point", "coordinates": [ 135.2131, 34.154117 ] } },
{ "type": "Feature", "properties": { "内容": "さくらクリニック【2:診療所】【診療科目:内科_呼吸器内科_循環器内科_消化器内科_神経内科_小児科_精神科_心療内科_リハビリテーション科_放射線科】和歌山県海南市名高１４０ー１", "url": "https://www.iryou.teikyouseido.mhlw.go.jp/znk-web/juminkanja/S2430/initialize?prefCd=30&kikanCd=2050900000&kikanKbn=2", "url2": "http://www.sakuraclinic.org" }, "geometry": { "type": "Point", "coordinates": [ 135.220071, 34.153644 ] } },
{ "type": "Feature", "properties": { "内容": "金川眼科【2:診療所】【診療科目:眼科】和歌山県海南市名高７６－１６", "url": "https://www.iryou.teikyouseido.mhlw.go.jp/znk-web/juminkanja/S2430/initialize?prefCd=30&kikanCd=2051100000&kikanKbn=2", "url2": null }, "geometry": { "type": "Point", "coordinates": [ 135.216295, 34.155061 ] } },
{ "type": "Feature", "properties": { "内容": "辻秀輝整形外科【2:診療所】【診療科目:整形外科_リハビリテーション科_放射線科】和歌山県海南市名高１７８－１", "url": "https://www.iryou.teikyouseido.mhlw.go.jp/znk-web/juminkanja/S2430/initialize?prefCd=30&kikanCd=2051300000&kikanKbn=2", "url2": "http://tsujihideki.com" }, "geometry": { "type": "Point", "coordinates": [ 135.215795, 34.153617 ] } },
{ "type": "Feature", "properties": { "内容": "おくクリニック【2:診療所】【診療科目:内科_消化器内科_外科_肛門外科】和歌山県海南市名高２４３", "url": "https://www.iryou.teikyouseido.mhlw.go.jp/znk-web/juminkanja/S2430/initialize?prefCd=30&kikanCd=2051400000&kikanKbn=2", "url2": "http://www.okuclinic.com/" }, "geometry": { "type": "Point", "coordinates": [ 135.2156, 34.15245 ] } },
{ "type": "Feature", "properties": { "内容": "藤木医院【2:診療所】【診療科目:耳鼻いんこう科】和歌山県海南市名高５３９－１２", "url": "https://www.iryou.teikyouseido.mhlw.go.jp/znk-web/juminkanja/S2430/initialize?prefCd=30&kikanCd=2051600000&kikanKbn=2", "url2": null }, "geometry": { "type": "Point", "coordinates": [ 135.212045, 34.155033 ] } },
{ "type": "Feature", "properties": { "内容": "川村小児科【2:診療所】【診療科目:小児科】和歌山県海南市鳥居２３７", "url": "https://www.iryou.teikyouseido.mhlw.go.jp/znk-web/juminkanja/S2430/initialize?prefCd=30&kikanCd=2051800000&kikanKbn=2", "url2": null }, "geometry": { "type": "Point", "coordinates": [ 135.212767, 34.148644 ] } },
{ "type": "Feature", "properties": { "内容": "医療法人　明誠会　はしもとクリニック【2:診療所】【診療科目:内科_消化器内科_外科_乳腺外科_肛門外科_リハビリテーション科_放射線科】和歌山県有田郡湯浅町湯浅１７４９－３", "url": "https://www.iryou.teikyouseido.mhlw.go.jp/znk-web/juminkanja/S2430/initialize?prefCd=30&kikanCd=2051900000&kikanKbn=2", "url2": "http://www.hashimotocl.com/" }, "geometry": { "type": "Point", "coordinates": [ 135.182303, 34.040766 ] } },
{ "type": "Feature", "properties": { "内容": "平山内科皮膚泌尿科【2:診療所】【診療科目:内科_糖尿病内科_消化器内科_皮膚科_泌尿器科_アレルギー科】和歌山県有田郡湯浅町湯浅４５９", "url": "https://www.iryou.teikyouseido.mhlw.go.jp/znk-web/juminkanja/S2430/initialize?prefCd=30&kikanCd=2052000000&kikanKbn=2", "url2": "http://www.hirayama-n.com/" }, "geometry": { "type": "Point", "coordinates": [ 135.175137, 34.035073 ] } },
{ "type": "Feature", "properties": { "内容": "ごとうクリニック【2:診療所】【診療科目:内科_外科_呼吸器外科_心臓血管外科_リハビリテーション科】和歌山県有田郡湯浅町湯浅３１６３", "url": "https://www.iryou.teikyouseido.mhlw.go.jp/znk-web/juminkanja/S2430/initialize?prefCd=30&kikanCd=2052200000&kikanKbn=2", "url2": "http://www.arida.wakayama.med.or.jp/gun/index.html" }, "geometry": { "type": "Point", "coordinates": [ 135.173081, 34.034656 ] } },
{ "type": "Feature", "properties": { "内容": "芝﨑眼科【2:診療所】【診療科目:眼科】和歌山県有田郡湯浅町湯浅１６３３－１", "url": "https://www.iryou.teikyouseido.mhlw.go.jp/znk-web/juminkanja/S2430/initialize?prefCd=30&kikanCd=2052400000&kikanKbn=2", "url2": null }, "geometry": { "type": "Point", "coordinates": [ 135.180636, 34.037212 ] } },
{ "type": "Feature", "properties": { "内容": "小野田クリニック【2:診療所】【診療科目:内科_呼吸器内科_循環器内科_心臓内科_ペインクリニック内科_脳神経外科_ペインクリニック外科_整形外科_リハビリテーション科_麻酔科】和歌山県有田郡湯浅町湯浅１９１７－１", "url": "https://www.iryou.teikyouseido.mhlw.go.jp/znk-web/juminkanja/S2430/initialize?prefCd=30&kikanCd=2052500000&kikanKbn=2", "url2": null }, "geometry": { "type": "Point", "coordinates": [ 135.185469, 34.038434 ] } },
{ "type": "Feature", "properties": { "内容": "児島医院【2:診療所】【診療科目:内科_消化器内科_胃腸内科_小児科】和歌山県有田郡湯浅町湯浅６８６", "url": "https://www.iryou.teikyouseido.mhlw.go.jp/znk-web/juminkanja/S2430/initialize?prefCd=30&kikanCd=2052600000&kikanKbn=2", "url2": "http://www.kojimaiin.jp" }, "geometry": { "type": "Point", "coordinates": [ 135.176859, 34.035517 ] } },
{ "type": "Feature", "properties": { "内容": "澳内科医院【2:診療所】【診療科目:内科_糖尿病内科_小児科_放射線科】和歌山県有田郡湯浅町湯浅１０５４－１", "url": "https://www.iryou.teikyouseido.mhlw.go.jp/znk-web/juminkanja/S2430/initialize?prefCd=30&kikanCd=2052700000&kikanKbn=2", "url2": null }, "geometry": { "type": "Point", "coordinates": [ 135.179636, 34.032823 ] } },
{ "type": "Feature", "properties": { "内容": "外江眼科クリニック【2:診療所】【診療科目:眼科】和歌山県有田郡有田川町下津野１０３７－７", "url": "https://www.iryou.teikyouseido.mhlw.go.jp/znk-web/juminkanja/S2430/initialize?prefCd=30&kikanCd=2053800000&kikanKbn=2", "url2": null }, "geometry": { "type": "Point", "coordinates": [ 135.210022, 34.061071 ] } },
{ "type": "Feature", "properties": { "内容": "奥診療所【2:診療所】【診療科目:内科_外科_整形外科_皮膚科】和歌山県有田郡有田川町奥２２２番地の１", "url": "https://www.iryou.teikyouseido.mhlw.go.jp/znk-web/juminkanja/S2430/initialize?prefCd=30&kikanCd=2053900000&kikanKbn=2", "url2": null }, "geometry": { "type": "Point", "coordinates": [ 135.209638, 34.048395 ] } },
{ "type": "Feature", "properties": { "内容": "医療法人　亀寿会　亀井クリニック【2:診療所】【診療科目:内科_外科_脳神経外科_整形外科_皮膚科_アレルギー科_リハビリテーション科】和歌山県有田郡有田川町熊井４３９－１", "url": "https://www.iryou.teikyouseido.mhlw.go.jp/znk-web/juminkanja/S2430/initialize?prefCd=30&kikanCd=2054000000&kikanKbn=2", "url2": "https://kamecli.com/" }, "geometry": { "type": "Point", "coordinates": [ 135.194357, 34.043905 ] } },
{ "type": "Feature", "properties": { "内容": "赤ちゃんからの平山こどもクリニック【2:診療所】【診療科目:小児科_小児皮膚科_アレルギー科】和歌山県有田郡有田川町天満３０５－４", "url": "https://www.iryou.teikyouseido.mhlw.go.jp/znk-web/juminkanja/S2430/initialize?prefCd=30&kikanCd=2054400000&kikanKbn=2", "url2": "http://www.hirayama-kodomo.jp" }, "geometry": { "type": "Point", "coordinates": [ 135.204716, 34.058599 ] } },
{ "type": "Feature", "properties": { "内容": "吉信医院【2:診療所】【診療科目:内科_小児科】和歌山県有田郡有田川町天満３９７－１", "url": "https://www.iryou.teikyouseido.mhlw.go.jp/znk-web/juminkanja/S2430/initialize?prefCd=30&kikanCd=2054500000&kikanKbn=2", "url2": null }, "geometry": { "type": "Point", "coordinates": [ 135.208104, 34.060633 ] } },
{ "type": "Feature", "properties": { "内容": "有田地方休日急患診療所【2:診療所】【診療科目:内科_小児科】和歌山県有田郡有田川町小島３５２", "url": "https://www.iryou.teikyouseido.mhlw.go.jp/znk-web/juminkanja/S2430/initialize?prefCd=30&kikanCd=2054600000&kikanKbn=2", "url2": null }, "geometry": { "type": "Point", "coordinates": [ 135.194634, 34.065376 ] } },
{ "type": "Feature", "properties": { "内容": "森下整形外科【2:診療所】【診療科目:整形外科_リハビリテーション科】和歌山県有田郡広川町東中６４－１", "url": "https://www.iryou.teikyouseido.mhlw.go.jp/znk-web/juminkanja/S2430/initialize?prefCd=30&kikanCd=2054800000&kikanKbn=2", "url2": null }, "geometry": { "type": "Point", "coordinates": [ 135.182498, 34.018519 ] } },
{ "type": "Feature", "properties": { "内容": "横矢クリニック【2:診療所】【診療科目:内科_呼吸器内科_循環器内科_消化器内科_リハビリテーション科_放射線科】和歌山県有田郡広川町広１５１８", "url": "https://www.iryou.teikyouseido.mhlw.go.jp/znk-web/juminkanja/S2430/initialize?prefCd=30&kikanCd=2055100000&kikanKbn=2", "url2": null }, "geometry": { "type": "Point", "coordinates": [ 135.172355, 34.028822 ] } },
{ "type": "Feature", "properties": { "内容": "寿楽園診療所【2:診療所】【診療科目:内科】和歌山県有田郡有田川町小川９９２", "url": "https://www.iryou.teikyouseido.mhlw.go.jp/znk-web/juminkanja/S2430/initialize?prefCd=30&kikanCd=2055400000&kikanKbn=2", "url2": null }, "geometry": { "type": "Point", "coordinates": [ 135.26989, 34.073662 ] } },
{ "type": "Feature", "properties": { "内容": "くすばやし医院【2:診療所】【診療科目:内科_産婦人科】和歌山県有田郡有田川町金屋２５６－１", "url": "https://www.iryou.teikyouseido.mhlw.go.jp/znk-web/juminkanja/S2430/initialize?prefCd=30&kikanCd=2055600000&kikanKbn=2", "url2": null }, "geometry": { "type": "Point", "coordinates": [ 135.257546, 34.05535 ] } },
{ "type": "Feature", "properties": { "内容": "みのりクリニック【2:診療所】【診療科目:内科_外科_小児科_放射線科】和歌山県有田郡有田川町吉原９０８", "url": "https://www.iryou.teikyouseido.mhlw.go.jp/znk-web/juminkanja/S2430/initialize?prefCd=30&kikanCd=2055700000&kikanKbn=2", "url2": null }, "geometry": { "type": "Point", "coordinates": [ 135.252629, 34.054516 ] } },
{ "type": "Feature", "properties": { "内容": "笠松医院【2:診療所】【診療科目:内科_放射線科】和歌山県有田郡有田川町粟生５４７番地", "url": "https://www.iryou.teikyouseido.mhlw.go.jp/znk-web/juminkanja/S2430/initialize?prefCd=30&kikanCd=2056000000&kikanKbn=2", "url2": null }, "geometry": { "type": "Point", "coordinates": [ 135.350535, 34.049799 ] } },
{ "type": "Feature", "properties": { "内容": "なかむら内科クリニック【2:診療所】【診療科目:内科_小児科】和歌山県有田郡有田川町清水３７９－２", "url": "https://www.iryou.teikyouseido.mhlw.go.jp/znk-web/juminkanja/S2430/initialize?prefCd=30&kikanCd=2056100000&kikanKbn=2", "url2": null }, "geometry": { "type": "Point", "coordinates": [ 135.429807, 34.084044 ] } },
{ "type": "Feature", "properties": { "内容": "なかむら内科クリニック城山出張所【2:診療所】【診療科目:内科_小児科】和歌山県有田郡有田川町二川３６９－３", "url": "https://www.iryou.teikyouseido.mhlw.go.jp/znk-web/juminkanja/S2430/initialize?prefCd=30&kikanCd=2056300000&kikanKbn=2", "url2": null }, "geometry": { "type": "Point", "coordinates": [ 135.358064, 34.070128 ] } },
{ "type": "Feature", "properties": { "内容": "松谷医院【2:診療所】【診療科目:内科_循環器内科】和歌山県有田郡有田川町押手６７２", "url": "https://www.iryou.teikyouseido.mhlw.go.jp/znk-web/juminkanja/S2430/initialize?prefCd=30&kikanCd=2056400000&kikanKbn=2", "url2": "http://dr-matsutani.com/" }, "geometry": { "type": "Point", "coordinates": [ 135.514659, 34.12993 ] } },
{ "type": "Feature", "properties": { "内容": "松谷医院　板尾出張所【2:診療所】【診療科目:内科_循環器内科】和歌山県有田郡有田川町板尾１３１", "url": "https://www.iryou.teikyouseido.mhlw.go.jp/znk-web/juminkanja/S2430/initialize?prefCd=30&kikanCd=2056500000&kikanKbn=2", "url2": "http://www.dr-matsutani.com/" }, "geometry": { "type": "Point", "coordinates": [ 135.494995, 34.119986 ] } },
{ "type": "Feature", "properties": { "内容": "医療法人宮本クリニック【2:診療所】【診療科目:内科_外科_脳神経外科_整形外科_リハビリテーション科_放射線科】和歌山県有田郡有田川町徳田９７－６", "url": "https://www.iryou.teikyouseido.mhlw.go.jp/znk-web/juminkanja/S2430/initialize?prefCd=30&kikanCd=2056600000&kikanKbn=2", "url2": null }, "geometry": { "type": "Point", "coordinates": [ 135.248157, 34.064293 ] } },
{ "type": "Feature", "properties": { "内容": "坊岡医院【2:診療所】【診療科目:内科_循環器内科_外科】和歌山県有田郡有田川町徳田４０６－１", "url": "https://www.iryou.teikyouseido.mhlw.go.jp/znk-web/juminkanja/S2430/initialize?prefCd=30&kikanCd=2056700000&kikanKbn=2", "url2": null }, "geometry": { "type": "Point", "coordinates": [ 135.251323, 34.059877 ] } },
{ "type": "Feature", "properties": { "内容": "森田内科クリニック【2:診療所】【診療科目:内科_消化器内科_リハビリテーション科_放射線科】和歌山県有田郡有田川町庄６２１－１", "url": "https://www.iryou.teikyouseido.mhlw.go.jp/znk-web/juminkanja/S2430/initialize?prefCd=30&kikanCd=2056800000&kikanKbn=2", "url2": null }, "geometry": { "type": "Point", "coordinates": [ 135.23413, 34.068403 ] } },
{ "type": "Feature", "properties": { "内容": "野田医院【2:診療所】【診療科目:内科_循環器内科】和歌山県有田郡有田川町庄５７４", "url": "https://www.iryou.teikyouseido.mhlw.go.jp/znk-web/juminkanja/S2430/initialize?prefCd=30&kikanCd=2056900000&kikanKbn=2", "url2": "http://xn--ekr130f6tt98d.com/" }, "geometry": { "type": "Point", "coordinates": [ 135.236687, 34.068205 ] } },
{ "type": "Feature", "properties": { "内容": "えのもと眼科【2:診療所】【診療科目:眼科】和歌山県御坊市薗９５", "url": "https://www.iryou.teikyouseido.mhlw.go.jp/znk-web/juminkanja/S2430/initialize?prefCd=30&kikanCd=2057200000&kikanKbn=2", "url2": null }, "geometry": { "type": "Point", "coordinates": [ 135.1527, 33.895865 ] } },
{ "type": "Feature", "properties": { "内容": "山羽胃腸科内科【2:診療所】【診療科目:内科_糖尿病内科_胃腸内科_老年内科_内視鏡内科】和歌山県御坊市薗６５２－２", "url": "https://www.iryou.teikyouseido.mhlw.go.jp/znk-web/juminkanja/S2430/initialize?prefCd=30&kikanCd=2057300000&kikanKbn=2", "url2": null }, "geometry": { "type": "Point", "coordinates": [ 135.154173, 33.885755 ] } },
{ "type": "Feature", "properties": { "内容": "田中クリニック【2:診療所】【診療科目:内科_小児科_リハビリテーション科】和歌山県御坊市薗２７１", "url": "https://www.iryou.teikyouseido.mhlw.go.jp/znk-web/juminkanja/S2430/initialize?prefCd=30&kikanCd=2057500000&kikanKbn=2", "url2": null }, "geometry": { "type": "Point", "coordinates": [ 135.1552, 33.893921 ] } },
{ "type": "Feature", "properties": { "内容": "高辻内科胃腸科【2:診療所】【診療科目:内科_消化器内科_小児科_リハビリテーション科_放射線科】和歌山県御坊市薗４８９－５", "url": "https://www.iryou.teikyouseido.mhlw.go.jp/znk-web/juminkanja/S2430/initialize?prefCd=30&kikanCd=2057600000&kikanKbn=2", "url2": null }, "geometry": { "type": "Point", "coordinates": [ 135.1547, 33.887755 ] } },
{ "type": "Feature", "properties": { "内容": "天津医院【2:診療所】【診療科目:内科_産科_婦人科】和歌山県御坊市薗３０８－７", "url": "https://www.iryou.teikyouseido.mhlw.go.jp/znk-web/juminkanja/S2430/initialize?prefCd=30&kikanCd=2057800000&kikanKbn=2", "url2": null }, "geometry": { "type": "Point", "coordinates": [ 135.152006, 33.892977 ] } },
{ "type": "Feature", "properties": { "内容": "日高マタニティクリニック【2:診療所】【診療科目:産婦人科】和歌山県御坊市薗１２３－１８", "url": "https://www.iryou.teikyouseido.mhlw.go.jp/znk-web/juminkanja/S2430/initialize?prefCd=30&kikanCd=2057900000&kikanKbn=2", "url2": null }, "geometry": { "type": "Point", "coordinates": [ 135.155562, 33.895643 ] } },
{ "type": "Feature", "properties": { "内容": "天津眼科医院【2:診療所】【診療科目:眼科】和歌山県御坊市薗６１－３", "url": "https://www.iryou.teikyouseido.mhlw.go.jp/znk-web/juminkanja/S2430/initialize?prefCd=30&kikanCd=2058000000&kikanKbn=2", "url2": null }, "geometry": { "type": "Point", "coordinates": [ 135.150284, 33.893865 ] } },
{ "type": "Feature", "properties": { "内容": "医療法人　アイエムシー　池田内科クリニック【2:診療所】【診療科目:内科_呼吸器内科_循環器内科_消化器内科_小児科_心療内科_リハビリテーション科】和歌山県御坊市薗３８１－６", "url": "https://www.iryou.teikyouseido.mhlw.go.jp/znk-web/juminkanja/S2430/initialize?prefCd=30&kikanCd=2058100000&kikanKbn=2", "url2": null }, "geometry": { "type": "Point", "coordinates": [ 135.154034, 33.89081 ] } },
{ "type": "Feature", "properties": { "内容": "中井こどもクリニック【2:診療所】【診療科目:小児科】和歌山県御坊市薗４１４－１５", "url": "https://www.iryou.teikyouseido.mhlw.go.jp/znk-web/juminkanja/S2430/initialize?prefCd=30&kikanCd=2058300000&kikanKbn=2", "url2": "https://www.nakai-kodomoclinic.com" }, "geometry": { "type": "Point", "coordinates": [ 135.154256, 33.890505 ] } },
{ "type": "Feature", "properties": { "内容": "西本医院【2:診療所】【診療科目:内科_呼吸器内科_循環器内科_消化器内科_胃腸内科_肝臓内科_小児科_アレルギー科_放射線科】和歌山県御坊市島１７４－１３", "url": "https://www.iryou.teikyouseido.mhlw.go.jp/znk-web/juminkanja/S2430/initialize?prefCd=30&kikanCd=2058500000&kikanKbn=2", "url2": null }, "geometry": { "type": "Point", "coordinates": [ 135.15795, 33.89356 ] } },
{ "type": "Feature", "properties": { "内容": "松下内科【2:診療所】【診療科目:内科_呼吸器内科_循環器内科_小児科】和歌山県御坊市島１１４－６", "url": "https://www.iryou.teikyouseido.mhlw.go.jp/znk-web/juminkanja/S2430/initialize?prefCd=30&kikanCd=2058600000&kikanKbn=2", "url2": null }, "geometry": { "type": "Point", "coordinates": [ 135.159477, 33.895393 ] } },
{ "type": "Feature", "properties": { "内容": "井本内科【2:診療所】【診療科目:内科_呼吸器内科_消化器内科】和歌山県御坊市島２３２－８", "url": "https://www.iryou.teikyouseido.mhlw.go.jp/znk-web/juminkanja/S2430/initialize?prefCd=30&kikanCd=2058700000&kikanKbn=2", "url2": null }, "geometry": { "type": "Point", "coordinates": [ 135.158895, 33.891199 ] } },
{ "type": "Feature", "properties": { "内容": "深谷外科医院【2:診療所】【診療科目:内科_外科_整形外科_リハビリテーション科】和歌山県御坊市湯川町財部６７０－１", "url": "https://www.iryou.teikyouseido.mhlw.go.jp/znk-web/juminkanja/S2430/initialize?prefCd=30&kikanCd=2058900000&kikanKbn=2", "url2": "http://www.naxnet.or.jp/~fukatani/" }, "geometry": { "type": "Point", "coordinates": [ 135.155284, 33.89917 ] } },
{ "type": "Feature", "properties": { "内容": "いえなが小児科【2:診療所】【診療科目:小児科】和歌山県御坊市湯川町財部９３７－５", "url": "https://www.iryou.teikyouseido.mhlw.go.jp/znk-web/juminkanja/S2430/initialize?prefCd=30&kikanCd=2059100000&kikanKbn=2", "url2": "http://www.myclinic.ne.jp/ienagap/" }, "geometry": { "type": "Point", "coordinates": [ 135.162644, 33.899893 ] } },
{ "type": "Feature", "properties": { "内容": "中島医院【2:診療所】【診療科目:内科_消化器内科_神経内科_小児科_心療内科_放射線科】和歌山県御坊市湯川町小松原３８０－１１", "url": "https://www.iryou.teikyouseido.mhlw.go.jp/znk-web/juminkanja/S2430/initialize?prefCd=30&kikanCd=2059300000&kikanKbn=2", "url2": null }, "geometry": { "type": "Point", "coordinates": [ 135.160199, 33.906392 ] } },
{ "type": "Feature", "properties": { "内容": "医療法人ｋｉｎｏｅ　紀伊クリニック【2:診療所】【診療科目:内科_循環器内科_外科_消化器外科_泌尿器科_放射線科_病理診断科】和歌山県御坊市湯川町小松原６１５－１", "url": "https://www.iryou.teikyouseido.mhlw.go.jp/znk-web/juminkanja/S2430/initialize?prefCd=30&kikanCd=2059400000&kikanKbn=2", "url2": "https://kinoe-gobo.jp/" }, "geometry": { "type": "Point", "coordinates": [ 135.150784, 33.90578 ] } },
{ "type": "Feature", "properties": { "内容": "博愛診療所【2:診療所】【診療科目:内科_呼吸器内科_循環器内科_消化器内科_小児科_放射線科】和歌山県御坊市名田町野島１の９", "url": "https://www.iryou.teikyouseido.mhlw.go.jp/znk-web/juminkanja/S2430/initialize?prefCd=30&kikanCd=2059500000&kikanKbn=2", "url2": null }, "geometry": { "type": "Point", "coordinates": [ 135.178924, 33.832872 ] } },
{ "type": "Feature", "properties": { "内容": "医療法人すこやか会　おおたにクリニック【2:診療所】【診療科目:内科_脳神経内科_小児科_小児神経科_精神科】和歌山県御坊市名田町野島１－７", "url": "https://www.iryou.teikyouseido.mhlw.go.jp/znk-web/juminkanja/S2430/initialize?prefCd=30&kikanCd=2059600000&kikanKbn=2", "url2": "http://www.otani-clinic.net" }, "geometry": { "type": "Point", "coordinates": [ 135.17909, 33.833261 ] } },
{ "type": "Feature", "properties": { "内容": "もりばた医院【2:診療所】【診療科目:内科_消化器内科_漢方内科_ペインクリニック内科_小児科_リハビリテーション科_放射線科_麻酔科】和歌山県御坊市塩屋町北塩屋１０８７", "url": "https://www.iryou.teikyouseido.mhlw.go.jp/znk-web/juminkanja/S2430/initialize?prefCd=30&kikanCd=2059700000&kikanKbn=2", "url2": "https://moribata-clinic.com/" }, "geometry": { "type": "Point", "coordinates": [ 135.1612, 33.870396 ] } },
{ "type": "Feature", "properties": { "内容": "森本医院【2:診療所】【診療科目:内科_糖尿病・代謝内科_呼吸器内科_循環器内科_消化器内科_小児科_心療内科】和歌山県日高郡美浜町田井３１３－１", "url": "https://www.iryou.teikyouseido.mhlw.go.jp/znk-web/juminkanja/S2430/initialize?prefCd=30&kikanCd=2059800000&kikanKbn=2", "url2": "https://www.morimotoiin-heiseikai.jp" }, "geometry": { "type": "Point", "coordinates": [ 135.148478, 33.892477 ] } },
{ "type": "Feature", "properties": { "内容": "橋本整形外科【2:診療所】【診療科目:神経内科_整形外科_形成外科_リハビリテーション科】和歌山県日高郡美浜町田井４００－１", "url": "https://www.iryou.teikyouseido.mhlw.go.jp/znk-web/juminkanja/S2430/initialize?prefCd=30&kikanCd=2059900000&kikanKbn=2", "url2": null }, "geometry": { "type": "Point", "coordinates": [ 135.1497, 33.889878 ] } },
{ "type": "Feature", "properties": { "内容": "龍神医院【2:診療所】【診療科目:内科_循環器内科_小児科】和歌山県日高郡美浜町吉原２６４", "url": "https://www.iryou.teikyouseido.mhlw.go.jp/znk-web/juminkanja/S2430/initialize?prefCd=30&kikanCd=2060200000&kikanKbn=2", "url2": null }, "geometry": { "type": "Point", "coordinates": [ 135.145368, 33.892144 ] } },
{ "type": "Feature", "properties": { "内容": "玉置循環器科【2:診療所】【診療科目:内科_循環器内科】和歌山県日高郡美浜町和田１１３８－１９８", "url": "https://www.iryou.teikyouseido.mhlw.go.jp/znk-web/juminkanja/S2430/initialize?prefCd=30&kikanCd=2060300000&kikanKbn=2", "url2": null }, "geometry": { "type": "Point", "coordinates": [ 135.137868, 33.892865 ] } },
{ "type": "Feature", "properties": { "内容": "大原内科【2:診療所】【診療科目:内科_糖尿病・代謝内科_循環器内科_小児科】和歌山県日高郡美浜町和田１１３８―１０４", "url": "https://www.iryou.teikyouseido.mhlw.go.jp/znk-web/juminkanja/S2430/initialize?prefCd=30&kikanCd=2060500000&kikanKbn=2", "url2": null }, "geometry": { "type": "Point", "coordinates": [ 135.13373, 33.894809 ] } },
{ "type": "Feature", "properties": { "内容": "村上クリニック【2:診療所】【診療科目:内科_消化器内科_外科_小児科_放射線科】和歌山県日高郡日高川町高津尾３８", "url": "https://www.iryou.teikyouseido.mhlw.go.jp/znk-web/juminkanja/S2430/initialize?prefCd=30&kikanCd=2060800000&kikanKbn=2", "url2": "http://www.zb.ztv.ne.jp/bbq5yxdb/saito" }, "geometry": { "type": "Point", "coordinates": [ 135.288214, 33.9605 ] } },
{ "type": "Feature", "properties": { "内容": "日高川町国民健康保険　川上診療所【2:診療所】【診療科目:内科_外科_小児科】和歌山県日高郡日高川町川原河２６４", "url": "https://www.iryou.teikyouseido.mhlw.go.jp/znk-web/juminkanja/S2430/initialize?prefCd=30&kikanCd=2060900000&kikanKbn=2", "url2": "https://www.town.hidakagawa.lg.jp/iryo_kenko_fukushi/shinryousyo/kawakami/index.html" }, "geometry": { "type": "Point", "coordinates": [ 135.367836, 33.982999 ] } },
{ "type": "Feature", "properties": { "内容": "日高川町国民健康保険　寒川診療所上初湯川出張所【2:診療所】【診療科目:内科_小児科】和歌山県日高郡日高川町上初湯川８３", "url": "https://www.iryou.teikyouseido.mhlw.go.jp/znk-web/juminkanja/S2430/initialize?prefCd=30&kikanCd=2061000000&kikanKbn=2", "url2": null }, "geometry": { "type": "Point", "coordinates": [ 135.41007, 33.995228 ] } },
{ "type": "Feature", "properties": { "内容": "日高川町国民健康保険　寒川診療所【2:診療所】【診療科目:内科_小児科】和歌山県日高郡日高川町寒川２９３－２", "url": "https://www.iryou.teikyouseido.mhlw.go.jp/znk-web/juminkanja/S2430/initialize?prefCd=30&kikanCd=2061100000&kikanKbn=2", "url2": null }, "geometry": { "type": "Point", "coordinates": [ 135.466644, 33.957669 ] } },
{ "type": "Feature", "properties": { "内容": "日高川町国民健康保険　寒川診療所猪谷出張所【2:診療所】【診療科目:内科_小児科】和歌山県日高郡日高川町初湯川１５８７", "url": "https://www.iryou.teikyouseido.mhlw.go.jp/znk-web/juminkanja/S2430/initialize?prefCd=30&kikanCd=2061200000&kikanKbn=2", "url2": null }, "geometry": { "type": "Point", "coordinates": [ 135.422531, 33.967746 ] } },
{ "type": "Feature", "properties": { "内容": "辻村外科【2:診療所】【診療科目:内科_消化器内科_外科_消化器外科_肛門外科_整形外科_リハビリテーション科_放射線科】和歌山県日高郡みなべ町東吉田２８２", "url": "https://www.iryou.teikyouseido.mhlw.go.jp/znk-web/juminkanja/S2430/initialize?prefCd=30&kikanCd=2061300000&kikanKbn=2", "url2": null }, "geometry": { "type": "Point", "coordinates": [ 135.325053, 33.776214 ] } },
{ "type": "Feature", "properties": { "内容": "浜口医院【2:診療所】【診療科目:内科_外科_整形外科】和歌山県日高郡みなべ町芝６６９", "url": "https://www.iryou.teikyouseido.mhlw.go.jp/znk-web/juminkanja/S2430/initialize?prefCd=30&kikanCd=2061500000&kikanKbn=2", "url2": null }, "geometry": { "type": "Point", "coordinates": [ 135.324108, 33.771326 ] } },
{ "type": "Feature", "properties": { "内容": "森上医院【2:診療所】【診療科目:内科_小児科】和歌山県日高郡みなべ町北道１８２", "url": "https://www.iryou.teikyouseido.mhlw.go.jp/znk-web/juminkanja/S2430/initialize?prefCd=30&kikanCd=2061600000&kikanKbn=2", "url2": null }, "geometry": { "type": "Point", "coordinates": [ 135.321887, 33.768493 ] } },
{ "type": "Feature", "properties": { "内容": "ひがし内科クリニック【2:診療所】【診療科目:内科_循環器内科_リハビリテーション科_放射線科】和歌山県日高郡みなべ町東本庄５８９－１", "url": "https://www.iryou.teikyouseido.mhlw.go.jp/znk-web/juminkanja/S2430/initialize?prefCd=30&kikanCd=2061900000&kikanKbn=2", "url2": null }, "geometry": { "type": "Point", "coordinates": [ 135.330857, 33.797907 ] } },
{ "type": "Feature", "properties": { "内容": "高城診療所【2:診療所】【診療科目:内科_外科_小児科】和歌山県日高郡みなべ町広野２－２", "url": "https://www.iryou.teikyouseido.mhlw.go.jp/znk-web/juminkanja/S2430/initialize?prefCd=30&kikanCd=2062100000&kikanKbn=2", "url2": null }, "geometry": { "type": "Point", "coordinates": [ 135.355352, 33.846763 ] } },
{ "type": "Feature", "properties": { "内容": "医療法人　大嶋内科医院【2:診療所】【診療科目:内科_外科】和歌山県田辺市龍神村福井１２４７番地", "url": "https://www.iryou.teikyouseido.mhlw.go.jp/znk-web/juminkanja/S2430/initialize?prefCd=30&kikanCd=2062300000&kikanKbn=2", "url2": null }, "geometry": { "type": "Point", "coordinates": [ 135.447704, 33.88515 ] } },
{ "type": "Feature", "properties": { "内容": "田辺市龍神中央診療所【2:診療所】【診療科目:内科_小児科】和歌山県田辺市龍神村西３４０", "url": "https://www.iryou.teikyouseido.mhlw.go.jp/znk-web/juminkanja/S2430/initialize?prefCd=30&kikanCd=2062400000&kikanKbn=2", "url2": "http://www.city.tanabe.lg.jp/kenkou/ryujin_tyuou.html" }, "geometry": { "type": "Point", "coordinates": [ 135.487811, 33.895399 ] } },
{ "type": "Feature", "properties": { "内容": "田辺市龍神湯ノ又診療所【2:診療所】【診療科目:内科】和歌山県田辺市龍神村湯ノ又５４４", "url": "https://www.iryou.teikyouseido.mhlw.go.jp/znk-web/juminkanja/S2430/initialize?prefCd=30&kikanCd=2062600000&kikanKbn=2", "url2": "http://www.city.tanabe.lg.jp/kenkou/ryujin_yunomata.html" }, "geometry": { "type": "Point", "coordinates": [ 135.557833, 33.945098 ] } },
{ "type": "Feature", "properties": { "内容": "田辺市龍神大熊診療所【2:診療所】【診療科目:内科】和歌山県田辺市龍神村龍神５０４－１", "url": "https://www.iryou.teikyouseido.mhlw.go.jp/znk-web/juminkanja/S2430/initialize?prefCd=30&kikanCd=2062700000&kikanKbn=2", "url2": "http://www.city.tanabe.lg.jp/kenkou/ryujin_okuma.html" }, "geometry": { "type": "Point", "coordinates": [ 135.560666, 33.993504 ] } },
{ "type": "Feature", "properties": { "内容": "杉本胃腸科外科【2:診療所】【診療科目:内科_消化器内科_外科_肛門外科_リハビリテーション科_放射線科】和歌山県田辺市中万呂６２－６", "url": "https://www.iryou.teikyouseido.mhlw.go.jp/znk-web/juminkanja/S2430/initialize?prefCd=30&kikanCd=2062900000&kikanKbn=2", "url2": null }, "geometry": { "type": "Point", "coordinates": [ 135.401992, 33.738997 ] } },
{ "type": "Feature", "properties": { "内容": "辻内科医院【2:診療所】【診療科目:内科_リウマチ科】和歌山県田辺市中万呂１３３―１１", "url": "https://www.iryou.teikyouseido.mhlw.go.jp/znk-web/juminkanja/S2430/initialize?prefCd=30&kikanCd=2063000000&kikanKbn=2", "url2": null }, "geometry": { "type": "Point", "coordinates": [ 135.400854, 33.736248 ] } },
{ "type": "Feature", "properties": { "内容": "堅田内科循環器科【2:診療所】【診療科目:内科_循環器内科】和歌山県田辺市秋津町１０２－１", "url": "https://www.iryou.teikyouseido.mhlw.go.jp/znk-web/juminkanja/S2430/initialize?prefCd=30&kikanCd=2063200000&kikanKbn=2", "url2": null }, "geometry": { "type": "Point", "coordinates": [ 135.388382, 33.744525 ] } },
{ "type": "Feature", "properties": { "内容": "神島クリニック【2:診療所】【診療科目:内科】和歌山県田辺市たきない町６－１１", "url": "https://www.iryou.teikyouseido.mhlw.go.jp/znk-web/juminkanja/S2430/initialize?prefCd=30&kikanCd=2064000000&kikanKbn=2", "url2": null }, "geometry": { "type": "Point", "coordinates": [ 135.402577, 33.703668 ] } },
{ "type": "Feature", "properties": { "内容": "坂口耳鼻咽喉科医院【2:診療所】【診療科目:小児耳鼻いんこう科_頭頸部・耳鼻いんこう科_アレルギー科】和歌山県田辺市あけぼの４６－１２", "url": "https://www.iryou.teikyouseido.mhlw.go.jp/znk-web/juminkanja/S2430/initialize?prefCd=30&kikanCd=2064100000&kikanKbn=2", "url2": null }, "geometry": { "type": "Point", "coordinates": [ 135.393105, 33.731942 ] } },
{ "type": "Feature", "properties": { "内容": "医療法人　納田整形外科【2:診療所】【診療科目:整形外科】和歌山県田辺市あけぼの４６－１４", "url": "https://www.iryou.teikyouseido.mhlw.go.jp/znk-web/juminkanja/S2430/initialize?prefCd=30&kikanCd=2064200000&kikanKbn=2", "url2": null }, "geometry": { "type": "Point", "coordinates": [ 135.393244, 33.731831 ] } },
{ "type": "Feature", "properties": { "内容": "竹村医院【2:診療所】【診療科目:内科_呼吸器内科】和歌山県田辺市東山１－３－８", "url": "https://www.iryou.teikyouseido.mhlw.go.jp/znk-web/juminkanja/S2430/initialize?prefCd=30&kikanCd=2064300000&kikanKbn=2", "url2": "http://yuuga.blogdehp.ne.jp/" }, "geometry": { "type": "Point", "coordinates": [ 135.387438, 33.729609 ] } },
{ "type": "Feature", "properties": { "内容": "レディースクリニックばんどう【2:診療所】【診療科目:産科_婦人科】和歌山県田辺市東山２－２７－２６", "url": "https://www.iryou.teikyouseido.mhlw.go.jp/znk-web/juminkanja/S2430/initialize?prefCd=30&kikanCd=2064400000&kikanKbn=2", "url2": "http://lcbandoh.jp/" }, "geometry": { "type": "Point", "coordinates": [ 135.3948, 33.722638 ] } },
{ "type": "Feature", "properties": { "内容": "線崎泌尿器科医院【2:診療所】【診療科目:泌尿器科】和歌山県田辺市文里１－２０－２５", "url": "https://www.iryou.teikyouseido.mhlw.go.jp/znk-web/juminkanja/S2430/initialize?prefCd=30&kikanCd=2064500000&kikanKbn=2", "url2": "http://www.senzaki-iin.com" }, "geometry": { "type": "Point", "coordinates": [ 135.389273, 33.717554 ] } },
{ "type": "Feature", "properties": { "内容": "櫻根皮フ科【2:診療所】【診療科目:皮膚科】和歌山県田辺市神子浜１－２１－２３", "url": "https://www.iryou.teikyouseido.mhlw.go.jp/znk-web/juminkanja/S2430/initialize?prefCd=30&kikanCd=2064800000&kikanKbn=2", "url2": null }, "geometry": { "type": "Point", "coordinates": [ 135.3878, 33.723249 ] } },
{ "type": "Feature", "properties": { "内容": "うえはら小児科【2:診療所】【診療科目:小児科】和歌山県田辺市朝日ヶ丘１６－３２", "url": "https://www.iryou.teikyouseido.mhlw.go.jp/znk-web/juminkanja/S2430/initialize?prefCd=30&kikanCd=2065200000&kikanKbn=2", "url2": null }, "geometry": { "type": "Point", "coordinates": [ 135.390022, 33.735969 ] } },
{ "type": "Feature", "properties": { "内容": "なす医院【2:診療所】【診療科目:内科_呼吸器内科_消化器内科】和歌山県田辺市高雄三丁目１３－１", "url": "https://www.iryou.teikyouseido.mhlw.go.jp/znk-web/juminkanja/S2430/initialize?prefCd=30&kikanCd=2065500000&kikanKbn=2", "url2": "https://www.nasuiin.jp/" }, "geometry": { "type": "Point", "coordinates": [ 135.38255, 33.73983 ] } },
{ "type": "Feature", "properties": { "内容": "榎本産婦人科【2:診療所】【診療科目:産婦人科】和歌山県田辺市湊８－２６", "url": "https://www.iryou.teikyouseido.mhlw.go.jp/znk-web/juminkanja/S2430/initialize?prefCd=30&kikanCd=2065600000&kikanKbn=2", "url2": "http://www.enomoto.or.jp" }, "geometry": { "type": "Point", "coordinates": [ 135.380883, 33.733887 ] } },
{ "type": "Feature", "properties": { "内容": "田辺広域休日急患診療所【2:診療所】【診療科目:内科_小児科_歯科】和歌山県田辺市高雄一丁目２３－１　田辺市民総合センター内", "url": "https://www.iryou.teikyouseido.mhlw.go.jp/znk-web/juminkanja/S2430/initialize?prefCd=30&kikanCd=2065700000&kikanKbn=2", "url2": null }, "geometry": { "type": "Point", "coordinates": [ 135.377745, 33.735414 ] } },
{ "type": "Feature", "properties": { "内容": "榎本整形外科【2:診療所】【診療科目:外科_整形外科_リウマチ科_リハビリテーション科】和歌山県田辺市東陽１７－１５", "url": "https://www.iryou.teikyouseido.mhlw.go.jp/znk-web/juminkanja/S2430/initialize?prefCd=30&kikanCd=2066200000&kikanKbn=2", "url2": null }, "geometry": { "type": "Point", "coordinates": [ 135.385827, 33.726637 ] } },
{ "type": "Feature", "properties": { "内容": "平田医院【2:診療所】【診療科目:消化器内科_外科_消化器外科】和歌山県田辺市高雄一丁目５－２", "url": "https://www.iryou.teikyouseido.mhlw.go.jp/znk-web/juminkanja/S2430/initialize?prefCd=30&kikanCd=2066400000&kikanKbn=2", "url2": null }, "geometry": { "type": "Point", "coordinates": [ 135.380661, 33.735219 ] } },
{ "type": "Feature", "properties": { "内容": "西川医院【2:診療所】【診療科目:内科_循環器内科】和歌山県田辺市高雄一丁目２２－２０", "url": "https://www.iryou.teikyouseido.mhlw.go.jp/znk-web/juminkanja/S2430/initialize?prefCd=30&kikanCd=2066500000&kikanKbn=2", "url2": null }, "geometry": { "type": "Point", "coordinates": [ 135.375939, 33.735302 ] } },
{ "type": "Feature", "properties": { "内容": "山本眼科【2:診療所】【診療科目:眼科】和歌山県田辺市高雄一丁目１２－２５", "url": "https://www.iryou.teikyouseido.mhlw.go.jp/znk-web/juminkanja/S2430/initialize?prefCd=30&kikanCd=2066700000&kikanKbn=2", "url2": null }, "geometry": { "type": "Point", "coordinates": [ 135.378217, 33.735247 ] } },
{ "type": "Feature", "properties": { "内容": "晒医院【2:診療所】【診療科目:皮膚科】和歌山県田辺市東陽２７－６", "url": "https://www.iryou.teikyouseido.mhlw.go.jp/znk-web/juminkanja/S2430/initialize?prefCd=30&kikanCd=2067000000&kikanKbn=2", "url2": null }, "geometry": { "type": "Point", "coordinates": [ 135.382106, 33.728665 ] } },
{ "type": "Feature", "properties": { "内容": "滝浪眼科【2:診療所】【診療科目:眼科】和歌山県田辺市下屋敷町１３", "url": "https://www.iryou.teikyouseido.mhlw.go.jp/znk-web/juminkanja/S2430/initialize?prefCd=30&kikanCd=2067300000&kikanKbn=2", "url2": null }, "geometry": { "type": "Point", "coordinates": [ 135.382273, 33.729692 ] } },
{ "type": "Feature", "properties": { "内容": "外科内科辻医院【2:診療所】【診療科目:内科_外科】和歌山県田辺市上屋敷３－１１－１４", "url": "https://www.iryou.teikyouseido.mhlw.go.jp/znk-web/juminkanja/S2430/initialize?prefCd=30&kikanCd=2067900000&kikanKbn=2", "url2": "http://www.tsuji-iin.or.jp/" }, "geometry": { "type": "Point", "coordinates": [ 135.374408, 33.730058 ] } },
{ "type": "Feature", "properties": { "内容": "柏井内科クリニック【2:診療所】【診療科目:内科】和歌山県田辺市末広町６－２０", "url": "https://www.iryou.teikyouseido.mhlw.go.jp/znk-web/juminkanja/S2430/initialize?prefCd=30&kikanCd=2068000000&kikanKbn=2", "url2": "http://www.aikis.or.jp/~tkashii" }, "geometry": { "type": "Point", "coordinates": [ 135.380106, 33.72522 ] } },
{ "type": "Feature", "properties": { "内容": "おかもと内科クリニック【2:診療所】【診療科目:内科_糖尿病・代謝内科_代謝・内分泌内科_消化器内科_放射線科】和歌山県田辺市末広町９－８", "url": "https://www.iryou.teikyouseido.mhlw.go.jp/znk-web/juminkanja/S2430/initialize?prefCd=30&kikanCd=2068100000&kikanKbn=2", "url2": null }, "geometry": { "type": "Point", "coordinates": [ 135.382024, 33.724952 ] } },
{ "type": "Feature", "properties": { "内容": "池田整形外科【2:診療所】【診療科目:整形外科】和歌山県田辺市明洋一丁目１９－１９", "url": "https://www.iryou.teikyouseido.mhlw.go.jp/znk-web/juminkanja/S2430/initialize?prefCd=30&kikanCd=2068300000&kikanKbn=2", "url2": null }, "geometry": { "type": "Point", "coordinates": [ 135.359413, 33.736025 ] } },
{ "type": "Feature", "properties": { "内容": "田辺市国民健康保険　中芳養診療所【2:診療所】【診療科目:内科】和歌山県田辺市中芳養１８０８－１", "url": "https://www.iryou.teikyouseido.mhlw.go.jp/znk-web/juminkanja/S2430/initialize?prefCd=30&kikanCd=2068800000&kikanKbn=2", "url2": null }, "geometry": { "type": "Point", "coordinates": [ 135.354912, 33.777909 ] } },
{ "type": "Feature", "properties": { "内容": "長嶋医院【2:診療所】【診療科目:内科_消化器内科_外科】和歌山県田辺市目良３２－３２", "url": "https://www.iryou.teikyouseido.mhlw.go.jp/znk-web/juminkanja/S2430/initialize?prefCd=30&kikanCd=2068900000&kikanKbn=2", "url2": null }, "geometry": { "type": "Point", "coordinates": [ 135.355414, 33.734247 ] } },
{ "type": "Feature", "properties": { "内容": "田辺市国民健康保険秋津川診療所【2:診療所】【診療科目:内科】和歌山県田辺市秋津川６８８", "url": "https://www.iryou.teikyouseido.mhlw.go.jp/znk-web/juminkanja/S2430/initialize?prefCd=30&kikanCd=2069100000&kikanKbn=2", "url2": null }, "geometry": { "type": "Point", "coordinates": [ 135.427405, 33.793964 ] } },
{ "type": "Feature", "properties": { "内容": "田辺市国民健康保険　長野診療所【2:診療所】【診療科目:内科】和歌山県田辺市長野１１４６－２", "url": "https://www.iryou.teikyouseido.mhlw.go.jp/znk-web/juminkanja/S2430/initialize?prefCd=30&kikanCd=2069200000&kikanKbn=2", "url2": null }, "geometry": { "type": "Point", "coordinates": [ 135.444155, 33.768217 ] } },
{ "type": "Feature", "properties": { "内容": "野の花診療所【2:診療所】【診療科目:内科_小児科】和歌山県田辺市中三栖１８１７", "url": "https://www.iryou.teikyouseido.mhlw.go.jp/znk-web/juminkanja/S2430/initialize?prefCd=30&kikanCd=2069300000&kikanKbn=2", "url2": null }, "geometry": { "type": "Point", "coordinates": [ 135.433073, 33.746441 ] } },
{ "type": "Feature", "properties": { "内容": "鮎川診療所【2:診療所】【診療科目:内科_整形外科】和歌山県田辺市鮎川５８３－３", "url": "https://www.iryou.teikyouseido.mhlw.go.jp/znk-web/juminkanja/S2430/initialize?prefCd=30&kikanCd=2069400000&kikanKbn=2", "url2": "http://www.hamayu-hp.or.jp/" }, "geometry": { "type": "Point", "coordinates": [ 135.483375, 33.729083 ] } },
{ "type": "Feature", "properties": { "内容": "田辺市大塔富里診療所【2:診療所】【診療科目:内科】和歌山県田辺市下川下９３０番地", "url": "https://www.iryou.teikyouseido.mhlw.go.jp/znk-web/juminkanja/S2430/initialize?prefCd=30&kikanCd=2069700000&kikanKbn=2", "url2": null }, "geometry": { "type": "Point", "coordinates": [ 135.58473, 33.74142 ] } },
{ "type": "Feature", "properties": { "内容": "田辺市大塔三川診療所【2:診療所】【診療科目:内科_外科_小児科】和歌山県田辺市合川６７８－３", "url": "https://www.iryou.teikyouseido.mhlw.go.jp/znk-web/juminkanja/S2430/initialize?prefCd=30&kikanCd=2069800000&kikanKbn=2", "url2": null }, "geometry": { "type": "Point", "coordinates": [ 135.569342, 33.687311 ] } },
{ "type": "Feature", "properties": { "内容": "近野診療所【2:診療所】【診療科目:内科_消化器内科_小児科】和歌山県田辺市中辺路町近露１１５１－１", "url": "https://www.iryou.teikyouseido.mhlw.go.jp/znk-web/juminkanja/S2430/initialize?prefCd=30&kikanCd=2069900000&kikanKbn=2", "url2": "http://www/aikis.or.jp/~cosmos/" }, "geometry": { "type": "Point", "coordinates": [ 135.607401, 33.814283 ] } },
{ "type": "Feature", "properties": { "内容": "矢島医院【2:診療所】【診療科目:産婦人科】和歌山県新宮市別当屋敷町６番地の８", "url": "https://www.iryou.teikyouseido.mhlw.go.jp/znk-web/juminkanja/S2430/initialize?prefCd=30&kikanCd=2070600000&kikanKbn=2", "url2": null }, "geometry": { "type": "Point", "coordinates": [ 135.986166, 33.728703 ] } },
{ "type": "Feature", "properties": { "内容": "医療法人米良外科整形外科クリニック【2:診療所】【診療科目:内科_消化器内科_外科_肛門外科_整形外科_リハビリテーション科】和歌山県新宮市伊佐田町２丁目１番２号", "url": "https://www.iryou.teikyouseido.mhlw.go.jp/znk-web/juminkanja/S2430/initialize?prefCd=30&kikanCd=2070700000&kikanKbn=2", "url2": null }, "geometry": { "type": "Point", "coordinates": [ 135.994333, 33.72712 ] } },
{ "type": "Feature", "properties": { "内容": "医療法人　米良医院【2:診療所】【診療科目:内科_消化器内科】和歌山県新宮市池田３－２－１", "url": "https://www.iryou.teikyouseido.mhlw.go.jp/znk-web/juminkanja/S2430/initialize?prefCd=30&kikanCd=2071100000&kikanKbn=2", "url2": null }, "geometry": { "type": "Point", "coordinates": [ 135.994694, 33.726926 ] } },
{ "type": "Feature", "properties": { "内容": "土山医院【2:診療所】【診療科目:皮膚科】和歌山県新宮市池田３－２－１５", "url": "https://www.iryou.teikyouseido.mhlw.go.jp/znk-web/juminkanja/S2430/initialize?prefCd=30&kikanCd=2071200000&kikanKbn=2", "url2": null }, "geometry": { "type": "Point", "coordinates": [ 135.995861, 33.726731 ] } },
{ "type": "Feature", "properties": { "内容": "湊口内科クリニック【2:診療所】【診療科目:内科_循環器内科】和歌山県新宮市下田１－１－１３", "url": "https://www.iryou.teikyouseido.mhlw.go.jp/znk-web/juminkanja/S2430/initialize?prefCd=30&kikanCd=2071500000&kikanKbn=2", "url2": null }, "geometry": { "type": "Point", "coordinates": [ 135.995222, 33.721149 ] } },
{ "type": "Feature", "properties": { "内容": "玉置整形外科医院【2:診療所】【診療科目:整形外科_リハビリテーション科_放射線科】和歌山県新宮市緑ケ丘２丁目３番１１号", "url": "https://www.iryou.teikyouseido.mhlw.go.jp/znk-web/juminkanja/S2430/initialize?prefCd=30&kikanCd=2071700000&kikanKbn=2", "url2": null }, "geometry": { "type": "Point", "coordinates": [ 135.988695, 33.71976 ] } },
{ "type": "Feature", "properties": { "内容": "味八木胃腸科外科医院【2:診療所】【診療科目:消化器内科_外科】和歌山県新宮市神倉４丁目６－４０", "url": "https://www.iryou.teikyouseido.mhlw.go.jp/znk-web/juminkanja/S2430/initialize?prefCd=30&kikanCd=2071900000&kikanKbn=2", "url2": null }, "geometry": { "type": "Point", "coordinates": [ 135.987001, 33.720177 ] } },
{ "type": "Feature", "properties": { "内容": "さとう眼科【2:診療所】【診療科目:眼科】和歌山県新宮市井の沢１２－６", "url": "https://www.iryou.teikyouseido.mhlw.go.jp/znk-web/juminkanja/S2430/initialize?prefCd=30&kikanCd=2072300000&kikanKbn=2", "url2": null }, "geometry": { "type": "Point", "coordinates": [ 135.989861, 33.722009 ] } },
{ "type": "Feature", "properties": { "内容": "浜野皮フ科【2:診療所】【診療科目:皮膚科】和歌山県新宮市井の沢１－２８", "url": "https://www.iryou.teikyouseido.mhlw.go.jp/znk-web/juminkanja/S2430/initialize?prefCd=30&kikanCd=2072400000&kikanKbn=2", "url2": "https://hamano-derma.jp/" }, "geometry": { "type": "Point", "coordinates": [ 135.991805, 33.724481 ] } },
{ "type": "Feature", "properties": { "内容": "木下外科医院【2:診療所】【診療科目:内科_消化器内科_外科_肛門外科】和歌山県新宮市橋本１－３－５", "url": "https://www.iryou.teikyouseido.mhlw.go.jp/znk-web/juminkanja/S2430/initialize?prefCd=30&kikanCd=2072800000&kikanKbn=2", "url2": null }, "geometry": { "type": "Point", "coordinates": [ 135.987167, 33.716677 ] } },
{ "type": "Feature", "properties": { "内容": "湊口医院【2:診療所】【診療科目:内科_小児科】和歌山県新宮市三輪崎２－１３－５１", "url": "https://www.iryou.teikyouseido.mhlw.go.jp/znk-web/juminkanja/S2430/initialize?prefCd=30&kikanCd=2073000000&kikanKbn=2", "url2": null }, "geometry": { "type": "Point", "coordinates": [ 135.983413, 33.68504 ] } },
{ "type": "Feature", "properties": { "内容": "山口整形外科【2:診療所】【診療科目:整形外科_リウマチ科_リハビリテーション科_放射線科】和歌山県新宮市蜂伏３番２７号", "url": "https://www.iryou.teikyouseido.mhlw.go.jp/znk-web/juminkanja/S2430/initialize?prefCd=30&kikanCd=2073500000&kikanKbn=2", "url2": null }, "geometry": { "type": "Point", "coordinates": [ 135.965484, 33.681958 ] } },
{ "type": "Feature", "properties": { "内容": "新宮市国民健康保険直営熊野川診療所附属小口診療所【2:診療所】【診療科目:内科】和歌山県新宮市熊野川町上長井４３５", "url": "https://www.iryou.teikyouseido.mhlw.go.jp/znk-web/juminkanja/S2430/initialize?prefCd=30&kikanCd=2074000000&kikanKbn=2", "url2": null }, "geometry": { "type": "Point", "coordinates": [ 135.841955, 33.758697 ] } },
{ "type": "Feature", "properties": { "内容": "新宮市国民健康保険直営熊野川診療所【2:診療所】【診療科目:内科】和歌山県新宮市熊野川町日足３２２", "url": "https://www.iryou.teikyouseido.mhlw.go.jp/znk-web/juminkanja/S2430/initialize?prefCd=30&kikanCd=2074200000&kikanKbn=2", "url2": null }, "geometry": { "type": "Point", "coordinates": [ 135.871922, 33.806165 ] } },
{ "type": "Feature", "properties": { "内容": "田辺市本宮さくら診療所【2:診療所】【診療科目:内科_整形外科_リウマチ科_リハビリテーション科】和歌山県田辺市本宮町本宮９２１番地の２", "url": "https://www.iryou.teikyouseido.mhlw.go.jp/znk-web/juminkanja/S2430/initialize?prefCd=30&kikanCd=2074600000&kikanKbn=2", "url2": null }, "geometry": { "type": "Point", "coordinates": [ 135.771957, 33.838132 ] } },
{ "type": "Feature", "properties": { "内容": "田中診療所【2:診療所】【診療科目:内科_糖尿病・代謝内科_小児科_放射線科】和歌山県橋本市隅田町中下１", "url": "https://www.iryou.teikyouseido.mhlw.go.jp/znk-web/juminkanja/S2430/initialize?prefCd=30&kikanCd=2075100000&kikanKbn=2", "url2": null }, "geometry": { "type": "Point", "coordinates": [ 135.647723, 34.328078 ] } },
{ "type": "Feature", "properties": { "内容": "小林診療所【2:診療所】【診療科目:内科_循環器内科】和歌山県橋本市学文路７０５", "url": "https://www.iryou.teikyouseido.mhlw.go.jp/znk-web/juminkanja/S2430/initialize?prefCd=30&kikanCd=2075900000&kikanKbn=2", "url2": null }, "geometry": { "type": "Point", "coordinates": [ 135.582758, 34.298274 ] } },
{ "type": "Feature", "properties": { "内容": "藤堂診療所【2:診療所】【診療科目:内科_外科_小児科_皮膚科_リハビリテーション科】和歌山県橋本市城山台二丁目１２番６号", "url": "https://www.iryou.teikyouseido.mhlw.go.jp/znk-web/juminkanja/S2430/initialize?prefCd=30&kikanCd=2076200000&kikanKbn=2", "url2": null }, "geometry": { "type": "Point", "coordinates": [ 135.613864, 34.349158 ] } },
{ "type": "Feature", "properties": { "内容": "吉川こどもクリニック【2:診療所】【診療科目:小児科】和歌山県橋本市城山台２－４５－３", "url": "https://www.iryou.teikyouseido.mhlw.go.jp/znk-web/juminkanja/S2430/initialize?prefCd=30&kikanCd=2076300000&kikanKbn=2", "url2": null }, "geometry": { "type": "Point", "coordinates": [ 135.60853, 34.345853 ] } },
{ "type": "Feature", "properties": { "内容": "豊澤医院【2:診療所】【診療科目:内科_小児科】和歌山県橋本市橋本２－４－１４", "url": "https://www.iryou.teikyouseido.mhlw.go.jp/znk-web/juminkanja/S2430/initialize?prefCd=30&kikanCd=2076700000&kikanKbn=2", "url2": null }, "geometry": { "type": "Point", "coordinates": [ 135.614448, 34.316383 ] } },
{ "type": "Feature", "properties": { "内容": "松園胃腸科・内科【2:診療所】【診療科目:内科_消化器内科_胃腸内科_放射線科】和歌山県橋本市東家４－１２－６", "url": "https://www.iryou.teikyouseido.mhlw.go.jp/znk-web/juminkanja/S2430/initialize?prefCd=30&kikanCd=2077200000&kikanKbn=2", "url2": null }, "geometry": { "type": "Point", "coordinates": [ 135.610616, 34.317217 ] } },
{ "type": "Feature", "properties": { "内容": "谷内クリニック【2:診療所】【診療科目:内科_呼吸器内科_循環器内科_消化器内科_小児科_アレルギー科_リハビリテーション科】和歌山県橋本市東家４－２－４", "url": "https://www.iryou.teikyouseido.mhlw.go.jp/znk-web/juminkanja/S2430/initialize?prefCd=30&kikanCd=2077600000&kikanKbn=2", "url2": null }, "geometry": { "type": "Point", "coordinates": [ 135.608699, 34.314717 ] } },
{ "type": "Feature", "properties": { "内容": "森本胃腸肛門科【2:診療所】【診療科目:内科_消化器内科_外科_肛門外科_放射線科】和歌山県橋本市東家１丁目２－２５", "url": "https://www.iryou.teikyouseido.mhlw.go.jp/znk-web/juminkanja/S2430/initialize?prefCd=30&kikanCd=2077800000&kikanKbn=2", "url2": null }, "geometry": { "type": "Point", "coordinates": [ 135.604421, 34.314383 ] } },
{ "type": "Feature", "properties": { "内容": "いこまレディースクリニック【2:診療所】【診療科目:内科_産婦人科_美容皮膚科_心療内科】和歌山県橋本市東家１－２－２５　　　サンライズビル１Ｆ", "url": "https://www.iryou.teikyouseido.mhlw.go.jp/znk-web/juminkanja/S2430/initialize?prefCd=30&kikanCd=2077900000&kikanKbn=2", "url2": null }, "geometry": { "type": "Point", "coordinates": [ 135.604449, 34.314383 ] } },
{ "type": "Feature", "properties": { "内容": "稲垣泌尿器科医院【2:診療所】【診療科目:皮膚科_泌尿器科】和歌山県橋本市東家１－２－２２", "url": "https://www.iryou.teikyouseido.mhlw.go.jp/znk-web/juminkanja/S2430/initialize?prefCd=30&kikanCd=2078000000&kikanKbn=2", "url2": "https://inagaki-uro-clinic.com/" }, "geometry": { "type": "Point", "coordinates": [ 135.604366, 34.314994 ] } },
{ "type": "Feature", "properties": { "内容": "医療法人晃和会　紀北クリニック【2:診療所】【診療科目:内科_腎臓内科_人工透析内科】和歌山県橋本市市脇３丁目６番９号", "url": "https://www.iryou.teikyouseido.mhlw.go.jp/znk-web/juminkanja/S2430/initialize?prefCd=30&kikanCd=2078100000&kikanKbn=2", "url2": null }, "geometry": { "type": "Point", "coordinates": [ 135.597561, 34.312189 ] } },
{ "type": "Feature", "properties": { "内容": "訪問クリニック中塚【2:診療所】【診療科目:内科_外科】和歌山県橋本市市脇１－２－１　サンツモリビル４階西", "url": "https://www.iryou.teikyouseido.mhlw.go.jp/znk-web/juminkanja/S2430/initialize?prefCd=30&kikanCd=2078200000&kikanKbn=2", "url2": null }, "geometry": { "type": "Point", "coordinates": [ 135.602366, 34.314133 ] } },
{ "type": "Feature", "properties": { "内容": "医療法人　岡田整形外科【2:診療所】【診療科目:整形外科_リハビリテーション科_放射線科】和歌山県橋本市市脇１－４５－２", "url": "https://www.iryou.teikyouseido.mhlw.go.jp/znk-web/juminkanja/S2430/initialize?prefCd=30&kikanCd=2078400000&kikanKbn=2", "url2": null }, "geometry": { "type": "Point", "coordinates": [ 135.601227, 34.314578 ] } },
{ "type": "Feature", "properties": { "内容": "医療法人南労会　みどりクリニック【2:診療所】【診療科目:内科_皮膚科_精神科】和歌山県橋本市岸上２２番地の１", "url": "https://www.iryou.teikyouseido.mhlw.go.jp/znk-web/juminkanja/S2430/initialize?prefCd=30&kikanCd=2078600000&kikanKbn=2", "url2": "http://www.nanroukai.or.jp/" }, "geometry": { "type": "Point", "coordinates": [ 135.582118, 34.305607 ] } },
{ "type": "Feature", "properties": { "内容": "小林医院【2:診療所】【診療科目:内科_循環器内科_小児科_放射線科】和歌山県橋本市神野々３８５－２", "url": "https://www.iryou.teikyouseido.mhlw.go.jp/znk-web/juminkanja/S2430/initialize?prefCd=30&kikanCd=2078700000&kikanKbn=2", "url2": null }, "geometry": { "type": "Point", "coordinates": [ 135.583923, 34.313217 ] } },
{ "type": "Feature", "properties": { "内容": "なかいクリニック【2:診療所】【診療科目:内科_精神科_神経科_心療内科】和歌山県橋本市神野々３８２", "url": "https://www.iryou.teikyouseido.mhlw.go.jp/znk-web/juminkanja/S2430/initialize?prefCd=30&kikanCd=2078800000&kikanKbn=2", "url2": null }, "geometry": { "type": "Point", "coordinates": [ 135.583979, 34.312606 ] } },
{ "type": "Feature", "properties": { "内容": "きみが丘クリニック【2:診療所】【診療科目:内科_感染症内科_血液・腫瘍内科_血液内科_糖尿病内科_代謝内科_内分泌内科_脂質代謝内科_糖尿病・内分泌内科_糖尿病・代謝内科_代謝・内分泌内科_脳神経内科_呼吸器内科_老年・呼吸器内科_気管食道内科_循環器内科_心臓内科_消化器内科_胃腸内科_腎臓内科_肝臓内科_神経内科_腫瘍内科_漢方内科_老年内科_女性内科_疼痛緩和内科_アレルギー疾患内科_緩和ケア内科_甲状腺_小児科_小児皮膚科_アレルギー性結膜炎_皮膚科_皮膚泌尿器科_泌尿器科_男性泌尿器科_神経泌尿器科_腎臓・泌尿器科_アトピー性皮フ炎、にきび、皮フ乾そう症_アレルギー科_放射線診断科_病理診断科_臨床検査科_消化内科、血液による胃ガン検診、ヘリコバクター抗体】和歌山県橋本市紀見ケ丘３丁目２の４", "url": "https://www.iryou.teikyouseido.mhlw.go.jp/znk-web/juminkanja/S2430/initialize?prefCd=30&kikanCd=2079100000&kikanKbn=2", "url2": null }, "geometry": { "type": "Point", "coordinates": [ 135.609307, 34.364156 ] } },
{ "type": "Feature", "properties": { "内容": "おおはぎ眼科【2:診療所】【診療科目:眼科】和歌山県橋本市三石台３－２３－７", "url": "https://www.iryou.teikyouseido.mhlw.go.jp/znk-web/juminkanja/S2430/initialize?prefCd=30&kikanCd=2079300000&kikanKbn=2", "url2": null }, "geometry": { "type": "Point", "coordinates": [ 135.602398, 34.357933 ] } },
{ "type": "Feature", "properties": { "内容": "ひぶせ耳鼻咽喉科【2:診療所】【診療科目:耳鼻いんこう科】和歌山県橋本市三石台１－３－１　フォレストはしもと２Ｆ", "url": "https://www.iryou.teikyouseido.mhlw.go.jp/znk-web/juminkanja/S2430/initialize?prefCd=30&kikanCd=2079500000&kikanKbn=2", "url2": null }, "geometry": { "type": "Point", "coordinates": [ 135.60247, 34.355977 ] } },
{ "type": "Feature", "properties": { "内容": "おおはぎ内科【2:診療所】【診療科目:内科_呼吸器内科_消化器内科_小児科_リハビリテーション科】和歌山県橋本市三石台３－２３－６", "url": "https://www.iryou.teikyouseido.mhlw.go.jp/znk-web/juminkanja/S2430/initialize?prefCd=30&kikanCd=2079600000&kikanKbn=2", "url2": null }, "geometry": { "type": "Point", "coordinates": [ 135.602336, 34.357963 ] } },
{ "type": "Feature", "properties": { "内容": "曽和医院【2:診療所】【診療科目:内科_呼吸器内科_循環器内科_消化器内科_小児科_アレルギー科】和歌山県橋本市御幸辻２１８－３", "url": "https://www.iryou.teikyouseido.mhlw.go.jp/znk-web/juminkanja/S2430/initialize?prefCd=30&kikanCd=2079900000&kikanKbn=2", "url2": "http://www.citydo.com/prf/wakayama/guide/sg/365001486.html" }, "geometry": { "type": "Point", "coordinates": [ 135.605281, 34.340131 ] } },
{ "type": "Feature", "properties": { "内容": "ナサコ内科【2:診療所】【診療科目:内科】和歌山県橋本市光陽台一丁目５－１", "url": "https://www.iryou.teikyouseido.mhlw.go.jp/znk-web/juminkanja/S2430/initialize?prefCd=30&kikanCd=2080000000&kikanKbn=2", "url2": null }, "geometry": { "type": "Point", "coordinates": [ 135.606586, 34.367406 ] } },
{ "type": "Feature", "properties": { "内容": "田倉皮膚科クリニック【2:診療所】【診療科目:内科_皮膚科】和歌山県橋本市光陽台１－５－２２", "url": "https://www.iryou.teikyouseido.mhlw.go.jp/znk-web/juminkanja/S2430/initialize?prefCd=30&kikanCd=2080100000&kikanKbn=2", "url2": null }, "geometry": { "type": "Point", "coordinates": [ 135.606918, 34.367851 ] } },
{ "type": "Feature", "properties": { "内容": "医療法人　萩会　萩原内科・小児科【2:診療所】【診療科目:内科_小児科_放射線科】和歌山県伊都郡九度山町九度山１１６８－２", "url": "https://www.iryou.teikyouseido.mhlw.go.jp/znk-web/juminkanja/S2430/initialize?prefCd=30&kikanCd=2080200000&kikanKbn=2", "url2": null }, "geometry": { "type": "Point", "coordinates": [ 135.562676, 34.288135 ] } },
{ "type": "Feature", "properties": { "内容": "横手クリニック【2:診療所】【診療科目:内科_糖尿病内科_脳神経内科_呼吸器内科_循環器内科_心臓血管内科_消化器内科_外科_脳神経外科_整形外科_リハビリテーション科】和歌山県伊都郡九度山町九度山８００", "url": "https://www.iryou.teikyouseido.mhlw.go.jp/znk-web/juminkanja/S2430/initialize?prefCd=30&kikanCd=2080300000&kikanKbn=2", "url2": "https://www.yokote-clinic.com/" }, "geometry": { "type": "Point", "coordinates": [ 135.566343, 34.28322 ] } },
{ "type": "Feature", "properties": { "内容": "保脇整形外科医院【2:診療所】【診療科目:整形外科_リウマチ科_リハビリテーション科】和歌山県伊都郡九度山町九度山５６７－１", "url": "https://www.iryou.teikyouseido.mhlw.go.jp/znk-web/juminkanja/S2430/initialize?prefCd=30&kikanCd=2080400000&kikanKbn=2", "url2": null }, "geometry": { "type": "Point", "coordinates": [ 135.564732, 34.289108 ] } },
{ "type": "Feature", "properties": { "内容": "花谷医院【2:診療所】【診療科目:内科】和歌山県伊都郡高野町高野山４１７", "url": "https://www.iryou.teikyouseido.mhlw.go.jp/znk-web/juminkanja/S2430/initialize?prefCd=30&kikanCd=2080600000&kikanKbn=2", "url2": null }, "geometry": { "type": "Point", "coordinates": [ 135.587344, 34.212505 ] } },
{ "type": "Feature", "properties": { "内容": "富貴診療所【2:診療所】【診療科目:内科_整形外科_眼科】和歌山県伊都郡高野町西富貴４６", "url": "https://www.iryou.teikyouseido.mhlw.go.jp/znk-web/juminkanja/S2430/initialize?prefCd=30&kikanCd=2080900000&kikanKbn=2", "url2": null }, "geometry": { "type": "Point", "coordinates": [ 135.69907, 34.261424 ] } },
{ "type": "Feature", "properties": { "内容": "かわむら医院【2:診療所】【診療科目:内科_循環器内科_腎臓内科_小児科】和歌山県海南市下津町下津７８５－２", "url": "https://www.iryou.teikyouseido.mhlw.go.jp/znk-web/juminkanja/S2430/initialize?prefCd=30&kikanCd=2081100000&kikanKbn=2", "url2": null }, "geometry": { "type": "Point", "coordinates": [ 135.145358, 34.109453 ] } },
{ "type": "Feature", "properties": { "内容": "山本医院【2:診療所】【診療科目:内科_小児科_リハビリテーション科】和歌山県海南市下津町丸田１４７－３", "url": "https://www.iryou.teikyouseido.mhlw.go.jp/znk-web/juminkanja/S2430/initialize?prefCd=30&kikanCd=2081300000&kikanKbn=2", "url2": null }, "geometry": { "type": "Point", "coordinates": [ 135.158245, 34.126841 ] } },
{ "type": "Feature", "properties": { "内容": "西本内科外科医院【2:診療所】【診療科目:内科_外科_整形外科_小児科】和歌山県海南市下津町黒田８４－１", "url": "https://www.iryou.teikyouseido.mhlw.go.jp/znk-web/juminkanja/S2430/initialize?prefCd=30&kikanCd=2081500000&kikanKbn=2", "url2": null }, "geometry": { "type": "Point", "coordinates": [ 135.157745, 34.125535 ] } },
{ "type": "Feature", "properties": { "内容": "石川医院【2:診療所】【診療科目:内科_消化器内科_小児科_皮膚科】和歌山県海南市下津町黒田１０６", "url": "https://www.iryou.teikyouseido.mhlw.go.jp/znk-web/juminkanja/S2430/initialize?prefCd=30&kikanCd=2081600000&kikanKbn=2", "url2": null }, "geometry": { "type": "Point", "coordinates": [ 135.157217, 34.125757 ] } },
{ "type": "Feature", "properties": { "内容": "医療法人　恵友会　下津クリニック【2:診療所】【診療科目:内科_呼吸器内科_循環器内科_消化器内科_外科_消化器外科_泌尿器科_リハビリテーション科_放射線科_麻酔科】和歌山県海南市下津町小南１２６－１", "url": "https://www.iryou.teikyouseido.mhlw.go.jp/znk-web/juminkanja/S2430/initialize?prefCd=30&kikanCd=2081800000&kikanKbn=2", "url2": "http://www.keiyukai.com" }, "geometry": { "type": "Point", "coordinates": [ 135.16805, 34.127674 ] } },
{ "type": "Feature", "properties": { "内容": "西岡医院【2:診療所】【診療科目:内科_循環器内科】和歌山県海南市下津町橘本９７２－５", "url": "https://www.iryou.teikyouseido.mhlw.go.jp/znk-web/juminkanja/S2430/initialize?prefCd=30&kikanCd=2081900000&kikanKbn=2", "url2": null }, "geometry": { "type": "Point", "coordinates": [ 135.192436, 34.126313 ] } },
{ "type": "Feature", "properties": { "内容": "角田医院【2:診療所】【診療科目:内科_小児科】和歌山県海南市下津町上１８９番地", "url": "https://www.iryou.teikyouseido.mhlw.go.jp/znk-web/juminkanja/S2430/initialize?prefCd=30&kikanCd=2082000000&kikanKbn=2", "url2": "http://www.kitenn.jp/sumita/" }, "geometry": { "type": "Point", "coordinates": [ 135.15394, 34.110231 ] } },
{ "type": "Feature", "properties": { "内容": "山下眼科クリニック【2:診療所】【診療科目:眼科】和歌山県有田市新堂４６－３", "url": "https://www.iryou.teikyouseido.mhlw.go.jp/znk-web/juminkanja/S2430/initialize?prefCd=30&kikanCd=2082100000&kikanKbn=2", "url2": "http://www.yec.or.jp/clinic/" }, "geometry": { "type": "Point", "coordinates": [ 135.13061, 34.084428 ] } },
{ "type": "Feature", "properties": { "内容": "中村内科医院【2:診療所】【診療科目:内科_小児科_放射線科】和歌山県有田市箕島６５３－５", "url": "https://www.iryou.teikyouseido.mhlw.go.jp/znk-web/juminkanja/S2430/initialize?prefCd=30&kikanCd=2082400000&kikanKbn=2", "url2": null }, "geometry": { "type": "Point", "coordinates": [ 135.115028, 34.086705 ] } },
{ "type": "Feature", "properties": { "内容": "楠本内科医院【2:診療所】【診療科目:内科_小児科】和歌山県有田市箕島９３０－５", "url": "https://www.iryou.teikyouseido.mhlw.go.jp/znk-web/juminkanja/S2430/initialize?prefCd=30&kikanCd=2082500000&kikanKbn=2", "url2": null }, "geometry": { "type": "Point", "coordinates": [ 135.125555, 34.086538 ] } },
{ "type": "Feature", "properties": { "内容": "川嶋内科【2:診療所】【診療科目:内科_消化器内科_放射線科】和歌山県有田市箕島８８２－１", "url": "https://www.iryou.teikyouseido.mhlw.go.jp/znk-web/juminkanja/S2430/initialize?prefCd=30&kikanCd=2082600000&kikanKbn=2", "url2": null }, "geometry": { "type": "Point", "coordinates": [ 135.125638, 34.084845 ] } },
{ "type": "Feature", "properties": { "内容": "山根内科【2:診療所】【診療科目:内科_消化器内科】和歌山県有田市港町２３１－２３", "url": "https://www.iryou.teikyouseido.mhlw.go.jp/znk-web/juminkanja/S2430/initialize?prefCd=30&kikanCd=2082900000&kikanKbn=2", "url2": null }, "geometry": { "type": "Point", "coordinates": [ 135.108695, 34.090094 ] } },
{ "type": "Feature", "properties": { "内容": "栗原整形外科【2:診療所】【診療科目:内科_整形外科_リハビリテーション科_放射線科】和歌山県有田市初島町里１７０２", "url": "https://www.iryou.teikyouseido.mhlw.go.jp/znk-web/juminkanja/S2430/initialize?prefCd=30&kikanCd=2083200000&kikanKbn=2", "url2": null }, "geometry": { "type": "Point", "coordinates": [ 135.117194, 34.097232 ] } },
{ "type": "Feature", "properties": { "内容": "山下内科胃腸科【2:診療所】【診療科目:内科_糖尿病・代謝内科_消化器内科_リハビリテーション科_放射線科】和歌山県有田市初島町里２１６３－２", "url": "https://www.iryou.teikyouseido.mhlw.go.jp/znk-web/juminkanja/S2430/initialize?prefCd=30&kikanCd=2083300000&kikanKbn=2", "url2": null }, "geometry": { "type": "Point", "coordinates": [ 135.115472, 34.093343 ] } },
{ "type": "Feature", "properties": { "内容": "江川内科【2:診療所】【診療科目:内科】和歌山県有田市辻堂４９３番地", "url": "https://www.iryou.teikyouseido.mhlw.go.jp/znk-web/juminkanja/S2430/initialize?prefCd=30&kikanCd=2083500000&kikanKbn=2", "url2": null }, "geometry": { "type": "Point", "coordinates": [ 135.145915, 34.077624 ] } },
{ "type": "Feature", "properties": { "内容": "利光こども医院【2:診療所】【診療科目:小児科_小児アレルギー科】和歌山県有田市野４３３－７", "url": "https://www.iryou.teikyouseido.mhlw.go.jp/znk-web/juminkanja/S2430/initialize?prefCd=30&kikanCd=2083700000&kikanKbn=2", "url2": "https://www.riko-clinic.com/" }, "geometry": { "type": "Point", "coordinates": [ 135.134805, 34.078206 ] } },
{ "type": "Feature", "properties": { "内容": "石井内科【2:診療所】【診療科目:内科_消化器内科_放射線科】和歌山県有田市宮崎町１９－３", "url": "https://www.iryou.teikyouseido.mhlw.go.jp/znk-web/juminkanja/S2430/initialize?prefCd=30&kikanCd=2084000000&kikanKbn=2", "url2": null }, "geometry": { "type": "Point", "coordinates": [ 135.120944, 34.079817 ] } },
{ "type": "Feature", "properties": { "内容": "おおち眼科【2:診療所】【診療科目:形成外科_眼科】和歌山県有田市宮崎町２７－１", "url": "https://www.iryou.teikyouseido.mhlw.go.jp/znk-web/juminkanja/S2430/initialize?prefCd=30&kikanCd=2084100000&kikanKbn=2", "url2": null }, "geometry": { "type": "Point", "coordinates": [ 135.119444, 34.0799 ] } },
{ "type": "Feature", "properties": { "内容": "なかもと整形外科【2:診療所】【診療科目:整形外科_リハビリテーション科】和歌山県有田市古江見１８０－１－１", "url": "https://www.iryou.teikyouseido.mhlw.go.jp/znk-web/juminkanja/S2430/initialize?prefCd=30&kikanCd=2084300000&kikanKbn=2", "url2": null }, "geometry": { "type": "Point", "coordinates": [ 135.123194, 34.079456 ] } },
{ "type": "Feature", "properties": { "内容": "高垣医院【2:診療所】【診療科目:内科_呼吸器内科_消化器内科_外科】和歌山県有田市糸我町西８８－４", "url": "https://www.iryou.teikyouseido.mhlw.go.jp/znk-web/juminkanja/S2430/initialize?prefCd=30&kikanCd=2084500000&kikanKbn=2", "url2": "http://homepage2.nifty.com/takagakihp/" }, "geometry": { "type": "Point", "coordinates": [ 135.172968, 34.069236 ] } },
{ "type": "Feature", "properties": { "内容": "医療法人大和会　土屋クリニック【2:診療所】【診療科目:内科_糖尿病内科_消化器内科_人工透析内科_内視鏡内科_放射線科】和歌山県有田市宮原町須谷５３６－１", "url": "https://www.iryou.teikyouseido.mhlw.go.jp/znk-web/juminkanja/S2430/initialize?prefCd=30&kikanCd=2084600000&kikanKbn=2", "url2": "http://yamatokai2014.com/" }, "geometry": { "type": "Point", "coordinates": [ 135.182606, 34.07268 ] } },
{ "type": "Feature", "properties": { "内容": "生馬医院【2:診療所】【診療科目:内科_消化器内科_小児科】和歌山県有田市宮原町新町４０", "url": "https://www.iryou.teikyouseido.mhlw.go.jp/znk-web/juminkanja/S2430/initialize?prefCd=30&kikanCd=2084700000&kikanKbn=2", "url2": null }, "geometry": { "type": "Point", "coordinates": [ 135.173746, 34.07779 ] } },
{ "type": "Feature", "properties": { "内容": "垣本内科医院【2:診療所】【診療科目:内科_糖尿病・代謝内科_循環器内科_消化器内科_小児科】和歌山県有田市宮原町滝川原５１２－３", "url": "https://www.iryou.teikyouseido.mhlw.go.jp/znk-web/juminkanja/S2430/initialize?prefCd=30&kikanCd=2084900000&kikanKbn=2", "url2": "https://kakimoto-clinic.jp/" }, "geometry": { "type": "Point", "coordinates": [ 135.170468, 34.078818 ] } },
{ "type": "Feature", "properties": { "内容": "玉置クリニック【2:診療所】【診療科目:内科_消化器内科_外科_小児科_アレルギー科_リハビリテーション科_放射線科】和歌山県日高郡由良町里３４９－１", "url": "https://www.iryou.teikyouseido.mhlw.go.jp/znk-web/juminkanja/S2430/initialize?prefCd=30&kikanCd=2085100000&kikanKbn=2", "url2": null }, "geometry": { "type": "Point", "coordinates": [ 135.123449, 33.964023 ] } },
{ "type": "Feature", "properties": { "内容": "竹内医院【2:診療所】【診療科目:内科_小児科】和歌山県日高郡由良町里２７４の１", "url": "https://www.iryou.teikyouseido.mhlw.go.jp/znk-web/juminkanja/S2430/initialize?prefCd=30&kikanCd=2085200000&kikanKbn=2", "url2": null }, "geometry": { "type": "Point", "coordinates": [ 135.121589, 33.96008 ] } },
{ "type": "Feature", "properties": { "内容": "古田医院【2:診療所】【診療科目:内科_循環器内科_小児科】和歌山県日高郡日高町荊木５６０", "url": "https://www.iryou.teikyouseido.mhlw.go.jp/znk-web/juminkanja/S2430/initialize?prefCd=30&kikanCd=2085700000&kikanKbn=2", "url2": null }, "geometry": { "type": "Point", "coordinates": [ 135.145033, 33.924723 ] } },
{ "type": "Feature", "properties": { "内容": "博愛診療所みちしお【2:診療所】【診療科目:内科_呼吸器内科_循環器内科_消化器内科_放射線科】和歌山県日高郡日高町阿尾６４６", "url": "https://www.iryou.teikyouseido.mhlw.go.jp/znk-web/juminkanja/S2430/initialize?prefCd=30&kikanCd=2086000000&kikanKbn=2", "url2": null }, "geometry": { "type": "Point", "coordinates": [ 135.068448, 33.905174 ] } },
{ "type": "Feature", "properties": { "内容": "谷本内科小児科【2:診療所】【診療科目:内科_消化器内科_小児科】和歌山県日高郡日高川町土生１６０－４", "url": "https://www.iryou.teikyouseido.mhlw.go.jp/znk-web/juminkanja/S2430/initialize?prefCd=30&kikanCd=2086300000&kikanKbn=2", "url2": null }, "geometry": { "type": "Point", "coordinates": [ 135.186087, 33.912116 ] } },
{ "type": "Feature", "properties": { "内容": "島整形外科【2:診療所】【診療科目:整形外科_リハビリテーション科】和歌山県日高郡日高川町土生１６０－４", "url": "https://www.iryou.teikyouseido.mhlw.go.jp/znk-web/juminkanja/S2430/initialize?prefCd=30&kikanCd=2086400000&kikanKbn=2", "url2": null }, "geometry": { "type": "Point", "coordinates": [ 135.185863, 33.912086 ] } },
{ "type": "Feature", "properties": { "内容": "医療法人　康栄会　上田内科循環器科【2:診療所】【診療科目:内科_呼吸器内科_循環器内科_消化器内科_小児科_リハビリテーション科_放射線科】和歌山県御坊市藤田町吉田８５１－９", "url": "https://www.iryou.teikyouseido.mhlw.go.jp/znk-web/juminkanja/S2430/initialize?prefCd=30&kikanCd=2086500000&kikanKbn=2", "url2": null }, "geometry": { "type": "Point", "coordinates": [ 135.167226, 33.909336 ] } },
{ "type": "Feature", "properties": { "内容": "塩路内科胃腸科【2:診療所】【診療科目:内科_呼吸器内科_循環器内科_消化器内科_小児科_放射線科】和歌山県御坊市藤田町吉田６２１", "url": "https://www.iryou.teikyouseido.mhlw.go.jp/znk-web/juminkanja/S2430/initialize?prefCd=30&kikanCd=2086600000&kikanKbn=2", "url2": null }, "geometry": { "type": "Point", "coordinates": [ 135.165172, 33.903115 ] } },
{ "type": "Feature", "properties": { "内容": "医療法人裕紫会　中紀クリニック【2:診療所】【診療科目:内科_腎臓内科_人工透析内科_整形外科_リウマチ科】和歌山県御坊市藤田町吉田３２４番地の１", "url": "https://www.iryou.teikyouseido.mhlw.go.jp/znk-web/juminkanja/S2430/initialize?prefCd=30&kikanCd=2086800000&kikanKbn=2", "url2": "http://www.kikyokai.or.jp/dialysis/chuki/index.html" }, "geometry": { "type": "Point", "coordinates": [ 135.171004, 33.901393 ] } },
{ "type": "Feature", "properties": { "内容": "笹野クリニック【2:診療所】【診療科目:内科_漢方内科_整形外科_皮膚科_心療内科_アレルギー科_麻酔科】和歌山県日高郡印南町古井５２１", "url": "https://www.iryou.teikyouseido.mhlw.go.jp/znk-web/juminkanja/S2430/initialize?prefCd=30&kikanCd=2087000000&kikanKbn=2", "url2": null }, "geometry": { "type": "Point", "coordinates": [ 135.262994, 33.855203 ] } },
{ "type": "Feature", "properties": { "内容": "小溝クリニック【2:診療所】【診療科目:内科_消化器内科_外科_肛門外科_小児科_皮膚科_リハビリテーション科_放射線科_麻酔科】和歌山県日高郡印南町島田１１６３－１１", "url": "https://www.iryou.teikyouseido.mhlw.go.jp/znk-web/juminkanja/S2430/initialize?prefCd=30&kikanCd=2087100000&kikanKbn=2", "url2": "http://www.komizoclinic.com" }, "geometry": { "type": "Point", "coordinates": [ 135.240836, 33.796571 ] } },
{ "type": "Feature", "properties": { "内容": "川口医院【2:診療所】【診療科目:内科_消化器内科】和歌山県日高郡印南町印南３１４０－１", "url": "https://www.iryou.teikyouseido.mhlw.go.jp/znk-web/juminkanja/S2430/initialize?prefCd=30&kikanCd=2087300000&kikanKbn=2", "url2": null }, "geometry": { "type": "Point", "coordinates": [ 135.220171, 33.813458 ] } },
{ "type": "Feature", "properties": { "内容": "上富田クリニック【2:診療所】【診療科目:内科_循環器内科_人工透析内科_脳神経外科_乳腺外科_外科　下肢静脈瘤・甲状腺_眼科】和歌山県西牟婁郡上富田町朝来１４０７－１", "url": "https://www.iryou.teikyouseido.mhlw.go.jp/znk-web/juminkanja/S2430/initialize?prefCd=30&kikanCd=2087800000&kikanKbn=2", "url2": "http://www.i-kenyukai.com" }, "geometry": { "type": "Point", "coordinates": [ 135.417437, 33.693447 ] } },
{ "type": "Feature", "properties": { "内容": "吉田診療所【2:診療所】【診療科目:内科_消化器内科】和歌山県西牟婁郡上富田町朝来６１６", "url": "https://www.iryou.teikyouseido.mhlw.go.jp/znk-web/juminkanja/S2430/initialize?prefCd=30&kikanCd=2087900000&kikanKbn=2", "url2": null }, "geometry": { "type": "Point", "coordinates": [ 135.429103, 33.697999 ] } },
{ "type": "Feature", "properties": { "内容": "吉田医院【2:診療所】【診療科目:内科_小児科】和歌山県西牟婁郡上富田町朝来２２１－２", "url": "https://www.iryou.teikyouseido.mhlw.go.jp/znk-web/juminkanja/S2430/initialize?prefCd=30&kikanCd=2088100000&kikanKbn=2", "url2": null }, "geometry": { "type": "Point", "coordinates": [ 135.426464, 33.69878 ] } },
{ "type": "Feature", "properties": { "内容": "中井・丸岡医院【2:診療所】【診療科目:内科_外科_整形外科_リウマチ科】和歌山県西牟婁郡上富田町朝来１３３８－３", "url": "https://www.iryou.teikyouseido.mhlw.go.jp/znk-web/juminkanja/S2430/initialize?prefCd=30&kikanCd=2088200000&kikanKbn=2", "url2": null }, "geometry": { "type": "Point", "coordinates": [ 135.419521, 33.69503 ] } },
{ "type": "Feature", "properties": { "内容": "西富田クリニック【2:診療所】【診療科目:内科_整形外科】和歌山県西牟婁郡白浜町才野１", "url": "https://www.iryou.teikyouseido.mhlw.go.jp/znk-web/juminkanja/S2430/initialize?prefCd=30&kikanCd=2089400000&kikanKbn=2", "url2": "http://www.hamayu-hp.or.jp/" }, "geometry": { "type": "Point", "coordinates": [ 135.385941, 33.662922 ] } },
{ "type": "Feature", "properties": { "内容": "丸笹外科内科【2:診療所】【診療科目:内科_外科_脳神経外科_整形外科】和歌山県西牟婁郡白浜町日置９８１", "url": "https://www.iryou.teikyouseido.mhlw.go.jp/znk-web/juminkanja/S2430/initialize?prefCd=30&kikanCd=2089600000&kikanKbn=2", "url2": null }, "geometry": { "type": "Point", "coordinates": [ 135.438358, 33.568044 ] } },
{ "type": "Feature", "properties": { "内容": "白浜町国民健康保険直営　日置診療所【2:診療所】【診療科目:内科】和歌山県西牟婁郡白浜町日置２０６番地１", "url": "https://www.iryou.teikyouseido.mhlw.go.jp/znk-web/juminkanja/S2430/initialize?prefCd=30&kikanCd=2089700000&kikanKbn=2", "url2": "http://www.hamayu-hp.or.jp/" }, "geometry": { "type": "Point", "coordinates": [ 135.442775, 33.57221 ] } },
{ "type": "Feature", "properties": { "内容": "クリニック大古【2:診療所】【診療科目:内科】和歌山県西牟婁郡白浜町大古１１－２", "url": "https://www.iryou.teikyouseido.mhlw.go.jp/znk-web/juminkanja/S2430/initialize?prefCd=30&kikanCd=2089900000&kikanKbn=2", "url2": null }, "geometry": { "type": "Point", "coordinates": [ 135.459052, 33.579878 ] } },
{ "type": "Feature", "properties": { "内容": "白浜町国民健康保険直営三舞診療所【2:診療所】【診療科目:内科】和歌山県西牟婁郡白浜町安居３番地", "url": "https://www.iryou.teikyouseido.mhlw.go.jp/znk-web/juminkanja/S2430/initialize?prefCd=30&kikanCd=2090000000&kikanKbn=2", "url2": "http://www.hamayu-hp.or.jp/" }, "geometry": { "type": "Point", "coordinates": [ 135.482494, 33.607471 ] } },
{ "type": "Feature", "properties": { "内容": "國正医院【2:診療所】【診療科目:内科_外科】和歌山県西牟婁郡すさみ町江住９４１－１１", "url": "https://www.iryou.teikyouseido.mhlw.go.jp/znk-web/juminkanja/S2430/initialize?prefCd=30&kikanCd=2090500000&kikanKbn=2", "url2": null }, "geometry": { "type": "Point", "coordinates": [ 135.603601, 33.509394 ] } },
{ "type": "Feature", "properties": { "内容": "大鎌診療所【2:診療所】【診療科目:内科_外科】和歌山県西牟婁郡すさみ町大鎌２３７", "url": "https://www.iryou.teikyouseido.mhlw.go.jp/znk-web/juminkanja/S2430/initialize?prefCd=30&kikanCd=2090700000&kikanKbn=2", "url2": null }, "geometry": { "type": "Point", "coordinates": [ 135.624951, 33.551553 ] } },
{ "type": "Feature", "properties": { "内容": "佐本診療所【2:診療所】【診療科目:内科_外科】和歌山県西牟婁郡すさみ町佐本追川２２８番地", "url": "https://www.iryou.teikyouseido.mhlw.go.jp/znk-web/juminkanja/S2430/initialize?prefCd=30&kikanCd=2090800000&kikanKbn=2", "url2": null }, "geometry": { "type": "Point", "coordinates": [ 135.619176, 33.584768 ] } },
{ "type": "Feature", "properties": { "内容": "鎌田医院　田並診療所【2:診療所】【診療科目:内科】和歌山県東牟婁郡串本町田並１１３４", "url": "https://www.iryou.teikyouseido.mhlw.go.jp/znk-web/juminkanja/S2430/initialize?prefCd=30&kikanCd=2091000000&kikanKbn=2", "url2": null }, "geometry": { "type": "Point", "coordinates": [ 135.716257, 33.486918 ] } },
{ "type": "Feature", "properties": { "内容": "鎌田医院【2:診療所】【診療科目:内科_放射線科】和歌山県東牟婁郡串本町潮岬３１４３", "url": "https://www.iryou.teikyouseido.mhlw.go.jp/znk-web/juminkanja/S2430/initialize?prefCd=30&kikanCd=2091100000&kikanKbn=2", "url2": null }, "geometry": { "type": "Point", "coordinates": [ 135.760698, 33.447563 ] } },
{ "type": "Feature", "properties": { "内容": "稲生医院【2:診療所】【診療科目:内科_消化器内科_外科_放射線科】和歌山県東牟婁郡串本町串本１７３５－５２", "url": "https://www.iryou.teikyouseido.mhlw.go.jp/znk-web/juminkanja/S2430/initialize?prefCd=30&kikanCd=2091200000&kikanKbn=2", "url2": null }, "geometry": { "type": "Point", "coordinates": [ 135.781195, 33.470033 ] } },
{ "type": "Feature", "properties": { "内容": "医療法人　杉医院【2:診療所】【診療科目:内科_神経内科_精神科_心療内科】和歌山県東牟婁郡串本町串本１９２９", "url": "https://www.iryou.teikyouseido.mhlw.go.jp/znk-web/juminkanja/S2430/initialize?prefCd=30&kikanCd=2091300000&kikanKbn=2", "url2": "http://www2.w-shokokai.or.jp/kusimoto/menber/sugi/index.html" }, "geometry": { "type": "Point", "coordinates": [ 135.781195, 33.467616 ] } },
{ "type": "Feature", "properties": { "内容": "串本リハビリテーションセンター【2:診療所】【診療科目:眼科】和歌山県東牟婁郡串本町串本２５９－６", "url": "https://www.iryou.teikyouseido.mhlw.go.jp/znk-web/juminkanja/S2430/initialize?prefCd=30&kikanCd=2091600000&kikanKbn=2", "url2": "http://www.i-kenyukai.com" }, "geometry": { "type": "Point", "coordinates": [ 135.780612, 33.4722 ] } },
{ "type": "Feature", "properties": { "内容": "けんゆうクリニック【2:診療所】【診療科目:内科_消化器内科_脳神経外科_血管外科_乳腺外科_整形外科_皮膚科_放射線科】和歌山県東牟婁郡串本町串本１７９０番地", "url": "https://www.iryou.teikyouseido.mhlw.go.jp/znk-web/juminkanja/S2430/initialize?prefCd=30&kikanCd=2091900000&kikanKbn=2", "url2": "http://www.i-kenyukai.com/" }, "geometry": { "type": "Point", "coordinates": [ 135.78114, 33.471922 ] } },
{ "type": "Feature", "properties": { "内容": "覚前医院　田並診療所【2:診療所】【診療科目:内科_循環器内科】和歌山県東牟婁郡串本町田並９４２－２", "url": "https://www.iryou.teikyouseido.mhlw.go.jp/znk-web/juminkanja/S2430/initialize?prefCd=30&kikanCd=2092200000&kikanKbn=2", "url2": null }, "geometry": { "type": "Point", "coordinates": [ 135.716256, 33.48578 ] } },
{ "type": "Feature", "properties": { "内容": "医療法人　覚前医院【2:診療所】【診療科目:内科_循環器内科】和歌山県東牟婁郡串本町和深８３８", "url": "https://www.iryou.teikyouseido.mhlw.go.jp/znk-web/juminkanja/S2430/initialize?prefCd=30&kikanCd=2092300000&kikanKbn=2", "url2": null }, "geometry": { "type": "Point", "coordinates": [ 135.655676, 33.502416 ] } },
{ "type": "Feature", "properties": { "内容": "榎本クリニック【2:診療所】【診療科目:内科_消化器内科_皮膚科_リハビリテーション科】和歌山県東牟婁郡串本町西向１２２－３", "url": "https://www.iryou.teikyouseido.mhlw.go.jp/znk-web/juminkanja/S2430/initialize?prefCd=30&kikanCd=2092600000&kikanKbn=2", "url2": null }, "geometry": { "type": "Point", "coordinates": [ 135.820635, 33.521778 ] } },
{ "type": "Feature", "properties": { "内容": "たかせ会記念診療所【2:診療所】【診療科目:内科_呼吸器内科_外科_精神科_アレルギー科】和歌山県東牟婁郡古座川町高瀬３５３", "url": "https://www.iryou.teikyouseido.mhlw.go.jp/znk-web/juminkanja/S2430/initialize?prefCd=30&kikanCd=2092900000&kikanKbn=2", "url2": null }, "geometry": { "type": "Point", "coordinates": [ 135.778414, 33.535479 ] } },
{ "type": "Feature", "properties": { "内容": "古座川町　三尾川へき地診療所【2:診療所】【診療科目:内科_整形外科】和歌山県東牟婁郡古座川町三尾川９４４番地", "url": "https://www.iryou.teikyouseido.mhlw.go.jp/znk-web/juminkanja/S2430/initialize?prefCd=30&kikanCd=2093100000&kikanKbn=2", "url2": null }, "geometry": { "type": "Point", "coordinates": [ 135.686443, 33.557496 ] } },
{ "type": "Feature", "properties": { "内容": "古座川町国民健康保険　七川診療所【2:診療所】【診療科目:内科_神経内科_整形外科】和歌山県東牟婁郡古座川町下露３７６", "url": "https://www.iryou.teikyouseido.mhlw.go.jp/znk-web/juminkanja/S2430/initialize?prefCd=30&kikanCd=2093200000&kikanKbn=2", "url2": null }, "geometry": { "type": "Point", "coordinates": [ 135.709504, 33.620546 ] } },
{ "type": "Feature", "properties": { "内容": "清水内科クリニック【2:診療所】【診療科目:内科_消化器内科_放射線科】和歌山県東牟婁郡那智勝浦町下里８００－２", "url": "https://www.iryou.teikyouseido.mhlw.go.jp/znk-web/juminkanja/S2430/initialize?prefCd=30&kikanCd=2093500000&kikanKbn=2", "url2": null }, "geometry": { "type": "Point", "coordinates": [ 135.924678, 33.581356 ] } },
{ "type": "Feature", "properties": { "内容": "坂野医院【2:診療所】【診療科目:内科_循環器内科_消化器内科_外科_肛門外科_リハビリテーション科】和歌山県東牟婁郡太地町太地３０５５", "url": "https://www.iryou.teikyouseido.mhlw.go.jp/znk-web/juminkanja/S2430/initialize?prefCd=30&kikanCd=2093600000&kikanKbn=2", "url2": null }, "geometry": { "type": "Point", "coordinates": [ 135.942093, 33.594244 ] } },
{ "type": "Feature", "properties": { "内容": "中山医院【2:診療所】【診療科目:内科_呼吸器内科_小児科】和歌山県東牟婁郡那智勝浦町宇久井５５７－１３", "url": "https://www.iryou.teikyouseido.mhlw.go.jp/znk-web/juminkanja/S2430/initialize?prefCd=30&kikanCd=2094000000&kikanKbn=2", "url2": null }, "geometry": { "type": "Point", "coordinates": [ 135.979059, 33.656683 ] } },
{ "type": "Feature", "properties": { "内容": "宮本医院【2:診療所】【診療科目:内科_消化器内科_胃腸内科_肝臓内科_小児科】和歌山県東牟婁郡那智勝浦町天満２８３", "url": "https://www.iryou.teikyouseido.mhlw.go.jp/znk-web/juminkanja/S2430/initialize?prefCd=30&kikanCd=2094300000&kikanKbn=2", "url2": "http://www4.ocn.ne.jp/~iinmiyam/" }, "geometry": { "type": "Point", "coordinates": [ 135.934147, 33.637073 ] } },
{ "type": "Feature", "properties": { "内容": "弓場皮膚科【2:診療所】【診療科目:内科_皮膚科】和歌山県東牟婁郡那智勝浦町天満１６０７－２", "url": "https://www.iryou.teikyouseido.mhlw.go.jp/znk-web/juminkanja/S2430/initialize?prefCd=30&kikanCd=2094400000&kikanKbn=2", "url2": null }, "geometry": { "type": "Point", "coordinates": [ 135.933036, 33.635962 ] } },
{ "type": "Feature", "properties": { "内容": "医療法人　木下医院【2:診療所】【診療科目:内科_消化器内科_外科】和歌山県東牟婁郡那智勝浦町朝日１－６０", "url": "https://www.iryou.teikyouseido.mhlw.go.jp/znk-web/juminkanja/S2430/initialize?prefCd=30&kikanCd=2094700000&kikanKbn=2", "url2": "http://www.kinoshitaiin.com/" }, "geometry": { "type": "Point", "coordinates": [ 135.939509, 33.625769 ] } },
{ "type": "Feature", "properties": { "内容": "那智勝浦町色川診療所【2:診療所】【診療科目:内科】和歌山県東牟婁郡那智勝浦町口色川１３８７－１", "url": "https://www.iryou.teikyouseido.mhlw.go.jp/znk-web/juminkanja/S2430/initialize?prefCd=30&kikanCd=2095000000&kikanKbn=2", "url2": null }, "geometry": { "type": "Point", "coordinates": [ 135.856846, 33.68054 ] } },
{ "type": "Feature", "properties": { "内容": "西岡内科胃腸科【2:診療所】【診療科目:内科_呼吸器内科_循環器内科_消化器内科_小児科_放射線科】和歌山県紀の川市桃山町最上８４－５", "url": "https://www.iryou.teikyouseido.mhlw.go.jp/znk-web/juminkanja/S2430/initialize?prefCd=30&kikanCd=2095200000&kikanKbn=2", "url2": null }, "geometry": { "type": "Point", "coordinates": [ 135.339946, 34.236782 ] } },
{ "type": "Feature", "properties": { "内容": "矢野医院【2:診療所】【診療科目:内科_消化器内科_外科_肛門外科】和歌山県紀の川市桃山町調月７６９－１００", "url": "https://www.iryou.teikyouseido.mhlw.go.jp/znk-web/juminkanja/S2430/initialize?prefCd=30&kikanCd=2095500000&kikanKbn=2", "url2": null }, "geometry": { "type": "Point", "coordinates": [ 135.337281, 34.226999 ] } },
{ "type": "Feature", "properties": { "内容": "津田クリニック【2:診療所】【診療科目:内科_呼吸器内科_循環器内科_消化器内科_小児科_放射線科】和歌山県紀の川市桃山町神田１５６", "url": "https://www.iryou.teikyouseido.mhlw.go.jp/znk-web/juminkanja/S2430/initialize?prefCd=30&kikanCd=2095700000&kikanKbn=2", "url2": null }, "geometry": { "type": "Point", "coordinates": [ 135.351641, 34.232638 ] } },
{ "type": "Feature", "properties": { "内容": "前尾クリニック【2:診療所】【診療科目:内科_循環器内科_消化器内科_胃腸内科_外科_肛門外科】和歌山県紀の川市桃山町市場３４１－１", "url": "https://www.iryou.teikyouseido.mhlw.go.jp/znk-web/juminkanja/S2430/initialize?prefCd=30&kikanCd=2096100000&kikanKbn=2", "url2": null }, "geometry": { "type": "Point", "coordinates": [ 135.345474, 34.240443 ] } },
{ "type": "Feature", "properties": { "内容": "医療法人　豊田内科【2:診療所】【診療科目:内科_糖尿病内科_消化器内科_肝臓内科_小児科】和歌山県岩出市根来９１４－１", "url": "https://www.iryou.teikyouseido.mhlw.go.jp/znk-web/juminkanja/S2430/initialize?prefCd=30&kikanCd=2096200000&kikanKbn=2", "url2": "https://www.toyodanaika.com/" }, "geometry": { "type": "Point", "coordinates": [ 135.304832, 34.27803 ] } },
{ "type": "Feature", "properties": { "内容": "泉谷皮フ科【2:診療所】【診療科目:皮膚科_美容皮膚科】和歌山県岩出市根来１６－１", "url": "https://www.iryou.teikyouseido.mhlw.go.jp/znk-web/juminkanja/S2430/initialize?prefCd=30&kikanCd=2096400000&kikanKbn=2", "url2": null }, "geometry": { "type": "Point", "coordinates": [ 135.310558, 34.277132 ] } },
{ "type": "Feature", "properties": { "内容": "かきはら胃腸科内科【2:診療所】【診療科目:内科_消化器内科_胃腸内科_外科_肛門外科_心療内科】和歌山県岩出市今中１０５－２", "url": "https://www.iryou.teikyouseido.mhlw.go.jp/znk-web/juminkanja/S2430/initialize?prefCd=30&kikanCd=2096500000&kikanKbn=2", "url2": "https://www.kakihara-clinic.com" }, "geometry": { "type": "Point", "coordinates": [ 135.315031, 34.273161 ] } },
{ "type": "Feature", "properties": { "内容": "ふじはら整形外科クリニック【2:診療所】【診療科目:整形外科_リウマチ科_リハビリテーション科_放射線科】和歌山県岩出市今中１５１－３", "url": "https://www.iryou.teikyouseido.mhlw.go.jp/znk-web/juminkanja/S2430/initialize?prefCd=30&kikanCd=2096600000&kikanKbn=2", "url2": null }, "geometry": { "type": "Point", "coordinates": [ 135.315364, 34.270717 ] } },
{ "type": "Feature", "properties": { "内容": "おく耳鼻咽喉科【2:診療所】【診療科目:気管食道外科_耳鼻いんこう科_アレルギー科】和歌山県岩出市森２７７－１", "url": "https://www.iryou.teikyouseido.mhlw.go.jp/znk-web/juminkanja/S2430/initialize?prefCd=30&kikanCd=2096700000&kikanKbn=2", "url2": "http://www.oku-jibika.com" }, "geometry": { "type": "Point", "coordinates": [ 135.309558, 34.274383 ] } },
{ "type": "Feature", "properties": { "内容": "皆楽園診療所【2:診療所】【診療科目:内科_消化器内科】和歌山県岩出市西国分６６８", "url": "https://www.iryou.teikyouseido.mhlw.go.jp/znk-web/juminkanja/S2430/initialize?prefCd=30&kikanCd=2096800000&kikanKbn=2", "url2": "https://kairakuen-clinic.jp/" }, "geometry": { "type": "Point", "coordinates": [ 135.330863, 34.265079 ] } },
{ "type": "Feature", "properties": { "内容": "紀の川クリニック【2:診療所】【診療科目:内科_循環器内科_消化器内科_腎臓内科_人工透析内科_内視鏡内科_リハビリテーション科】和歌山県岩出市西国分５０１", "url": "https://www.iryou.teikyouseido.mhlw.go.jp/znk-web/juminkanja/S2430/initialize?prefCd=30&kikanCd=2096900000&kikanKbn=2", "url2": "hrrp://www.hakubunkai.com" }, "geometry": { "type": "Point", "coordinates": [ 135.331696, 34.265245 ] } },
{ "type": "Feature", "properties": { "内容": "医療法人甃友会　安川診療所【2:診療所】【診療科目:内科_泌尿器科】和歌山県岩出市西国分６８８－１", "url": "https://www.iryou.teikyouseido.mhlw.go.jp/znk-web/juminkanja/S2430/initialize?prefCd=30&kikanCd=2097000000&kikanKbn=2", "url2": "http://www.syuyukai.com/" }, "geometry": { "type": "Point", "coordinates": [ 135.331974, 34.264579 ] } },
{ "type": "Feature", "properties": { "内容": "岩田医院【2:診療所】【診療科目:内科_循環器内科】和歌山県岩出市水栖５０３－５", "url": "https://www.iryou.teikyouseido.mhlw.go.jp/znk-web/juminkanja/S2430/initialize?prefCd=30&kikanCd=2097300000&kikanKbn=2", "url2": null }, "geometry": { "type": "Point", "coordinates": [ 135.324363, 34.269356 ] } },
{ "type": "Feature", "properties": { "内容": "医療法人　彌栄会　やよいメディカルクリニック【2:診療所】【診療科目:内科_糖尿病内科_代謝・内分泌内科_消化器内科_外科_整形外科_リハビリテーション科_放射線科】和歌山県岩出市中迫１３９", "url": "https://www.iryou.teikyouseido.mhlw.go.jp/znk-web/juminkanja/S2430/initialize?prefCd=30&kikanCd=2097400000&kikanKbn=2", "url2": "https://www.yaeikai.com/" }, "geometry": { "type": "Point", "coordinates": [ 135.315865, 34.261245 ] } },
{ "type": "Feature", "properties": { "内容": "きしもと耳鼻咽喉科【2:診療所】【診療科目:耳鼻いんこう科_アレルギー科】和歌山県岩出市中迫２８１－６", "url": "https://www.iryou.teikyouseido.mhlw.go.jp/znk-web/juminkanja/S2430/initialize?prefCd=30&kikanCd=2097600000&kikanKbn=2", "url2": "https://kishimotojibika.webnode.jp" }, "geometry": { "type": "Point", "coordinates": [ 135.311504, 34.264829 ] } },
{ "type": "Feature", "properties": { "内容": "かわぐちクリニック【2:診療所】【診療科目:内科_消化器内科_外科_肛門外科】和歌山県岩出市中迫２７５－９", "url": "https://www.iryou.teikyouseido.mhlw.go.jp/znk-web/juminkanja/S2430/initialize?prefCd=30&kikanCd=2097700000&kikanKbn=2", "url2": null }, "geometry": { "type": "Point", "coordinates": [ 135.311782, 34.264107 ] } },
{ "type": "Feature", "properties": { "内容": "みたに整形外科【2:診療所】【診療科目:内科_外科_整形外科_皮膚科_アレルギー科_リウマチ科_リハビリテーション科】和歌山県岩出市野上野４３１－２", "url": "https://www.iryou.teikyouseido.mhlw.go.jp/znk-web/juminkanja/S2430/initialize?prefCd=30&kikanCd=2097800000&kikanKbn=2", "url2": null }, "geometry": { "type": "Point", "coordinates": [ 135.324057, 34.276383 ] } },
{ "type": "Feature", "properties": { "内容": "上岩出診療所【2:診療所】【診療科目:内科_小児科_皮膚科】和歌山県岩出市南大池２０８－２５", "url": "https://www.iryou.teikyouseido.mhlw.go.jp/znk-web/juminkanja/S2430/initialize?prefCd=30&kikanCd=2097900000&kikanKbn=2", "url2": null }, "geometry": { "type": "Point", "coordinates": [ 135.326696, 34.274328 ] } },
{ "type": "Feature", "properties": { "内容": "こだま小児科【2:診療所】【診療科目:小児科_アレルギー科】和歌山県岩出市北大池１２４－５", "url": "https://www.iryou.teikyouseido.mhlw.go.jp/znk-web/juminkanja/S2430/initialize?prefCd=30&kikanCd=2098000000&kikanKbn=2", "url2": "http://kodama-cl.jp" }, "geometry": { "type": "Point", "coordinates": [ 135.326141, 34.275994 ] } },
{ "type": "Feature", "properties": { "内容": "山入こどもクリニック【2:診療所】【診療科目:小児科_アレルギー科】和歌山県岩出市岡田２３４－５", "url": "https://www.iryou.teikyouseido.mhlw.go.jp/znk-web/juminkanja/S2430/initialize?prefCd=30&kikanCd=2098100000&kikanKbn=2", "url2": null }, "geometry": { "type": "Point", "coordinates": [ 135.332168, 34.262384 ] } },
{ "type": "Feature", "properties": { "内容": "おおみや診療所【2:診療所】【診療科目:内科_外科_小児科】和歌山県岩出市宮５０－１", "url": "https://www.iryou.teikyouseido.mhlw.go.jp/znk-web/juminkanja/S2430/initialize?prefCd=30&kikanCd=2098600000&kikanKbn=2", "url2": "https://www.w-iryoseikyo.com/" }, "geometry": { "type": "Point", "coordinates": [ 135.315782, 34.255108 ] } },
{ "type": "Feature", "properties": { "内容": "林循環器内科クリニック【2:診療所】【診療科目:内科_糖尿病・代謝内科_呼吸器内科_心臓内科_消化器内科_アレルギー科】和歌山県岩出市清水４３８", "url": "https://www.iryou.teikyouseido.mhlw.go.jp/znk-web/juminkanja/S2430/initialize?prefCd=30&kikanCd=2098700000&kikanKbn=2", "url2": null }, "geometry": { "type": "Point", "coordinates": [ 135.319253, 34.257274 ] } },
{ "type": "Feature", "properties": { "内容": "稲田皮膚科【2:診療所】【診療科目:皮膚科】和歌山県岩出市川尻２３０－７", "url": "https://www.iryou.teikyouseido.mhlw.go.jp/znk-web/juminkanja/S2430/initialize?prefCd=30&kikanCd=2099300000&kikanKbn=2", "url2": null }, "geometry": { "type": "Point", "coordinates": [ 135.313836, 34.269078 ] } },
{ "type": "Feature", "properties": { "内容": "はしもと整形外科【2:診療所】【診療科目:整形外科_リウマチ科_リハビリテーション科】和歌山県岩出市川尻５３－１", "url": "https://www.iryou.teikyouseido.mhlw.go.jp/znk-web/juminkanja/S2430/initialize?prefCd=30&kikanCd=2099400000&kikanKbn=2", "url2": null }, "geometry": { "type": "Point", "coordinates": [ 135.309948, 34.267828 ] } },
{ "type": "Feature", "properties": { "内容": "原眼科クリニック【2:診療所】【診療科目:眼科】和歌山県岩出市野上野８３－８", "url": "https://www.iryou.teikyouseido.mhlw.go.jp/znk-web/juminkanja/S2430/initialize?prefCd=30&kikanCd=2099600000&kikanKbn=2", "url2": null }, "geometry": { "type": "Point", "coordinates": [ 135.318308, 34.275272 ] } },
{ "type": "Feature", "properties": { "内容": "医療法人　明紀会　宇野内科【2:診療所】【診療科目:内科_呼吸器内科_循環器内科_消化器内科_放射線科】和歌山県岩出市西野１８６－１０", "url": "https://www.iryou.teikyouseido.mhlw.go.jp/znk-web/juminkanja/S2430/initialize?prefCd=30&kikanCd=2099700000&kikanKbn=2", "url2": null }, "geometry": { "type": "Point", "coordinates": [ 135.310615, 34.256718 ] } },
{ "type": "Feature", "properties": { "内容": "木下こどもクリニック【2:診療所】【診療科目:小児科】和歌山県岩出市金屋２９７", "url": "https://www.iryou.teikyouseido.mhlw.go.jp/znk-web/juminkanja/S2430/initialize?prefCd=30&kikanCd=2099900000&kikanKbn=2", "url2": "http://www.kinoshita-kodomo-clinic.jp/" }, "geometry": { "type": "Point", "coordinates": [ 135.29706, 34.267078 ] } },
{ "type": "Feature", "properties": { "内容": "よしだクリニック【2:診療所】【診療科目:内科_神経内科_脳神経外科_整形外科_リハビリテーション科】和歌山県岩出市吉田４１３－１", "url": "https://www.iryou.teikyouseido.mhlw.go.jp/znk-web/juminkanja/S2430/initialize?prefCd=30&kikanCd=2100000000&kikanKbn=2", "url2": "http://yoshidaclinic.net/" }, "geometry": { "type": "Point", "coordinates": [ 135.275226, 34.263609 ] } },
{ "type": "Feature", "properties": { "内容": "胃腸肛門科家田医院【2:診療所】【診療科目:内科_消化器内科_外科_肛門外科_放射線科】和歌山県岩出市中黒５０７－１", "url": "https://www.iryou.teikyouseido.mhlw.go.jp/znk-web/juminkanja/S2430/initialize?prefCd=30&kikanCd=2100200000&kikanKbn=2", "url2": "https://iedaiin.com/" }, "geometry": { "type": "Point", "coordinates": [ 135.286085, 34.269329 ] } },
{ "type": "Feature", "properties": { "内容": "ナカイマ整形外科クリニック【2:診療所】【診療科目:内科_整形外科_皮膚科_リハビリテーション科】和歌山県岩出市金池３８９－１", "url": "https://www.iryou.teikyouseido.mhlw.go.jp/znk-web/juminkanja/S2430/initialize?prefCd=30&kikanCd=2100400000&kikanKbn=2", "url2": "https://nakaimaseikei.com/" }, "geometry": { "type": "Point", "coordinates": [ 135.289116, 34.276549 ] } },
{ "type": "Feature", "properties": { "内容": "塚本内科クリニック【2:診療所】【診療科目:内科_呼吸器内科_消化器内科_アレルギー科_リハビリテーション科】和歌山県岩出市金池３９２－１", "url": "https://www.iryou.teikyouseido.mhlw.go.jp/znk-web/juminkanja/S2430/initialize?prefCd=30&kikanCd=2100500000&kikanKbn=2", "url2": null }, "geometry": { "type": "Point", "coordinates": [ 135.289144, 34.276299 ] } },
{ "type": "Feature", "properties": { "内容": "根来こどもクリニック【2:診療所】【診療科目:小児科】和歌山県岩出市相谷３４－５", "url": "https://www.iryou.teikyouseido.mhlw.go.jp/znk-web/juminkanja/S2430/initialize?prefCd=30&kikanCd=2100600000&kikanKbn=2", "url2": null }, "geometry": { "type": "Point", "coordinates": [ 135.288949, 34.278271 ] } },
{ "type": "Feature", "properties": { "内容": "医療法人あさかクリニック【2:診療所】【診療科目:内科_脳神経内科_消化器内科_神経内科_小児科_精神科】和歌山県和歌山市新庄４６６－１", "url": "https://www.iryou.teikyouseido.mhlw.go.jp/znk-web/juminkanja/S2430/initialize?prefCd=30&kikanCd=2100700000&kikanKbn=2", "url2": "https://asaka-c.jp/" }, "geometry": { "type": "Point", "coordinates": [ 135.286979, 34.247663 ] } },
{ "type": "Feature", "properties": { "内容": "辻岡医院【2:診療所】【診療科目:内科_循環器内科_消化器内科_小児科_放射線科】和歌山県和歌山市満屋８８－１", "url": "https://www.iryou.teikyouseido.mhlw.go.jp/znk-web/juminkanja/S2430/initialize?prefCd=30&kikanCd=2100900000&kikanKbn=2", "url2": null }, "geometry": { "type": "Point", "coordinates": [ 135.277007, 34.247469 ] } },
{ "type": "Feature", "properties": { "内容": "加藤整形外科【2:診療所】【診療科目:整形外科_リウマチ科_リハビリテーション科】和歌山県和歌山市吐前２８３", "url": "https://www.iryou.teikyouseido.mhlw.go.jp/znk-web/juminkanja/S2430/initialize?prefCd=30&kikanCd=2101000000&kikanKbn=2", "url2": null }, "geometry": { "type": "Point", "coordinates": [ 135.27198, 34.240608 ] } },
{ "type": "Feature", "properties": { "内容": "坂部クリニック【2:診療所】【診療科目:内科_小児科】和歌山県和歌山市谷１８番地", "url": "https://www.iryou.teikyouseido.mhlw.go.jp/znk-web/juminkanja/S2430/initialize?prefCd=30&kikanCd=2101100000&kikanKbn=2", "url2": null }, "geometry": { "type": "Point", "coordinates": [ 135.267785, 34.26991 ] } },
{ "type": "Feature", "properties": { "内容": "串上内科消化器科【2:診療所】【診療科目:内科_呼吸器内科_循環器内科_消化器内科_胃腸内科_小児科_アレルギー科】和歌山県和歌山市川辺１３３－１", "url": "https://www.iryou.teikyouseido.mhlw.go.jp/znk-web/juminkanja/S2430/initialize?prefCd=30&kikanCd=2101200000&kikanKbn=2", "url2": "https://www.kushigami-cl.com/" }, "geometry": { "type": "Point", "coordinates": [ 135.263063, 34.258133 ] } },
{ "type": "Feature", "properties": { "内容": "米田医院【2:診療所】【診療科目:内科_呼吸器内科_循環器内科_消化器内科_アレルギー科_リハビリテーション科】和歌山県和歌山市島２３４－６", "url": "https://www.iryou.teikyouseido.mhlw.go.jp/znk-web/juminkanja/S2430/initialize?prefCd=30&kikanCd=2101500000&kikanKbn=2", "url2": null }, "geometry": { "type": "Point", "coordinates": [ 135.252287, 34.256356 ] } },
{ "type": "Feature", "properties": { "内容": "二澤医院【2:診療所】【診療科目:内科_感染症内科_糖尿病・内分泌内科_小児科_皮膚科_放射線科】和歌山県和歌山市島２６－８１", "url": "https://www.iryou.teikyouseido.mhlw.go.jp/znk-web/juminkanja/S2430/initialize?prefCd=30&kikanCd=2101600000&kikanKbn=2", "url2": null }, "geometry": { "type": "Point", "coordinates": [ 135.253398, 34.260661 ] } },
{ "type": "Feature", "properties": { "内容": "はまだ産婦人科【2:診療所】【診療科目:小児科_産婦人科】和歌山県和歌山市島２３０－２", "url": "https://www.iryou.teikyouseido.mhlw.go.jp/znk-web/juminkanja/S2430/initialize?prefCd=30&kikanCd=2101700000&kikanKbn=2", "url2": "http://hama-san.com/" }, "geometry": { "type": "Point", "coordinates": [ 135.252842, 34.257106 ] } },
{ "type": "Feature", "properties": { "内容": "たにやまクリニック【2:診療所】【診療科目:内科_ペインクリニック内科】和歌山県和歌山市和佐関戸２４４－４", "url": "https://www.iryou.teikyouseido.mhlw.go.jp/znk-web/juminkanja/S2430/initialize?prefCd=30&kikanCd=2102000000&kikanKbn=2", "url2": null }, "geometry": { "type": "Point", "coordinates": [ 135.254871, 34.240135 ] } },
{ "type": "Feature", "properties": { "内容": "山本皮膚科【2:診療所】【診療科目:皮膚科】和歌山県和歌山市祢宜９７１－１", "url": "https://www.iryou.teikyouseido.mhlw.go.jp/znk-web/juminkanja/S2430/initialize?prefCd=30&kikanCd=2102200000&kikanKbn=2", "url2": null }, "geometry": { "type": "Point", "coordinates": [ 135.249121, 34.23497 ] } },
{ "type": "Feature", "properties": { "内容": "きのしたクリニック【2:診療所】【診療科目:内科_循環器内科_神経内科_外科_脳神経外科_整形外科_小児科_リハビリテーション科_放射線科】和歌山県和歌山市祢宜９７０－１", "url": "https://www.iryou.teikyouseido.mhlw.go.jp/znk-web/juminkanja/S2430/initialize?prefCd=30&kikanCd=2102300000&kikanKbn=2", "url2": "http://www.taishin-kinoshita.or.jp" }, "geometry": { "type": "Point", "coordinates": [ 135.248649, 34.23497 ] } },
{ "type": "Feature", "properties": { "内容": "中居内科【2:診療所】【診療科目:内科_消化器内科】和歌山県和歌山市和佐中２３１－１", "url": "https://www.iryou.teikyouseido.mhlw.go.jp/znk-web/juminkanja/S2430/initialize?prefCd=30&kikanCd=2102500000&kikanKbn=2", "url2": null }, "geometry": { "type": "Point", "coordinates": [ 135.242455, 34.235746 ] } },
{ "type": "Feature", "properties": { "内容": "綿貫第二クリニック【2:診療所】【診療科目:内科_ペインクリニック内科_整形外科_麻酔科】和歌山県和歌山市北野２８５番地", "url": "https://www.iryou.teikyouseido.mhlw.go.jp/znk-web/juminkanja/S2430/initialize?prefCd=30&kikanCd=2102700000&kikanKbn=2", "url2": "https://anju-watanuki.or.jp" }, "geometry": { "type": "Point", "coordinates": [ 135.247453, 34.26841 ] } },
{ "type": "Feature", "properties": { "内容": "綿貫整形外科【2:診療所】【診療科目:整形外科_リハビリテーション科_放射線科_麻酔科】和歌山県和歌山市北野２８１番地", "url": "https://www.iryou.teikyouseido.mhlw.go.jp/znk-web/juminkanja/S2430/initialize?prefCd=30&kikanCd=2103000000&kikanKbn=2", "url2": "http://watanuki.or.jp/index.html" }, "geometry": { "type": "Point", "coordinates": [ 135.247026, 34.268501 ] } },
{ "type": "Feature", "properties": { "内容": "紀伊クリニック【2:診療所】【診療科目:内科_外科_整形外科_リハビリテーション科_放射線科】和歌山県和歌山市宇田森２７５番地の１０", "url": "https://www.iryou.teikyouseido.mhlw.go.jp/znk-web/juminkanja/S2430/initialize?prefCd=30&kikanCd=2103100000&kikanKbn=2", "url2": "kiinosatokiiclinic.com" }, "geometry": { "type": "Point", "coordinates": [ 135.249731, 34.263856 ] } },
{ "type": "Feature", "properties": { "内容": "クリニック森【2:診療所】【診療科目:内科_消化器内科_小児科_リハビリテーション科】和歌山県和歌山市西田井２１６－１", "url": "https://www.iryou.teikyouseido.mhlw.go.jp/znk-web/juminkanja/S2430/initialize?prefCd=30&kikanCd=2103300000&kikanKbn=2", "url2": null }, "geometry": { "type": "Point", "coordinates": [ 135.233039, 34.258133 ] } },
{ "type": "Feature", "properties": { "内容": "医療法人靖徳会　花野医院【2:診療所】【診療科目:内科_呼吸器内科_循環器内科_消化器内科_放射線科】和歌山県和歌山市弘西７７４－１０", "url": "https://www.iryou.teikyouseido.mhlw.go.jp/znk-web/juminkanja/S2430/initialize?prefCd=30&kikanCd=2103800000&kikanKbn=2", "url2": null }, "geometry": { "type": "Point", "coordinates": [ 135.24287, 34.268577 ] } },
{ "type": "Feature", "properties": { "内容": "医療法人　森医院【2:診療所】【診療科目:内科_呼吸器内科_循環器内科_消化器内科_小児科_放射線科】和歌山県和歌山市弘西７９３", "url": "https://www.iryou.teikyouseido.mhlw.go.jp/znk-web/juminkanja/S2430/initialize?prefCd=30&kikanCd=2103900000&kikanKbn=2", "url2": null }, "geometry": { "type": "Point", "coordinates": [ 135.243425, 34.267077 ] } },
{ "type": "Feature", "properties": { "内容": "医療法人英正会　長雄整形外科【2:診療所】【診療科目:整形外科_リハビリテーション科】和歌山県紀の川市下井阪４４７－１", "url": "https://www.iryou.teikyouseido.mhlw.go.jp/znk-web/juminkanja/S2430/initialize?prefCd=30&kikanCd=2104100000&kikanKbn=2", "url2": null }, "geometry": { "type": "Point", "coordinates": [ 135.341196, 34.257274 ] } },
{ "type": "Feature", "properties": { "内容": "梅田内科医院【2:診療所】【診療科目:内科_呼吸器内科_循環器内科_消化器内科_小児科_リハビリテーション科_放射線科】和歌山県紀の川市南勢田１７５", "url": "https://www.iryou.teikyouseido.mhlw.go.jp/znk-web/juminkanja/S2430/initialize?prefCd=30&kikanCd=2104300000&kikanKbn=2", "url2": null }, "geometry": { "type": "Point", "coordinates": [ 135.37347, 34.276244 ] } },
{ "type": "Feature", "properties": { "内容": "奥クリニック【2:診療所】【診療科目:内科_呼吸器内科_循環器内科_消化器内科_胃腸内科_リハビリテーション科_放射線科】和歌山県紀の川市黒土２６３－１", "url": "https://www.iryou.teikyouseido.mhlw.go.jp/znk-web/juminkanja/S2430/initialize?prefCd=30&kikanCd=2104500000&kikanKbn=2", "url2": null }, "geometry": { "type": "Point", "coordinates": [ 135.378942, 34.260635 ] } },
{ "type": "Feature", "properties": { "内容": "医療法人　かしい小児科【2:診療所】【診療科目:小児科】和歌山県紀の川市打田１４１７－４", "url": "https://www.iryou.teikyouseido.mhlw.go.jp/znk-web/juminkanja/S2430/initialize?prefCd=30&kikanCd=2104700000&kikanKbn=2", "url2": null }, "geometry": { "type": "Point", "coordinates": [ 135.365305, 34.259413 ] } },
{ "type": "Feature", "properties": { "内容": "正木クリニック【2:診療所】【診療科目:内科_消化器内科_外科_肛門外科】和歌山県紀の川市打田１４１５－４", "url": "https://www.iryou.teikyouseido.mhlw.go.jp/znk-web/juminkanja/S2430/initialize?prefCd=30&kikanCd=2104800000&kikanKbn=2", "url2": "http://www.myclinic.ne.jp/masaki/" }, "geometry": { "type": "Point", "coordinates": [ 135.364805, 34.25883 ] } },
{ "type": "Feature", "properties": { "内容": "宮井内科【2:診療所】【診療科目:内科】和歌山県紀の川市上野１３－１０", "url": "https://www.iryou.teikyouseido.mhlw.go.jp/znk-web/juminkanja/S2430/initialize?prefCd=30&kikanCd=2104900000&kikanKbn=2", "url2": "http://wwwcitydo.com/prf/wakayama/guide/sg365001409.html" }, "geometry": { "type": "Point", "coordinates": [ 135.363278, 34.259635 ] } },
{ "type": "Feature", "properties": { "内容": "循環器内科するたクリニック【2:診療所】【診療科目:内科_循環器内科】和歌山県紀の川市上野７８－１", "url": "https://www.iryou.teikyouseido.mhlw.go.jp/znk-web/juminkanja/S2430/initialize?prefCd=30&kikanCd=2105000000&kikanKbn=2", "url2": "http://www.myclinic.ne.jp/surutacl/pc" }, "geometry": { "type": "Point", "coordinates": [ 135.362278, 34.261996 ] } },
{ "type": "Feature", "properties": { "内容": "医療法人　泉谷眼科【2:診療所】【診療科目:眼科】和歌山県紀の川市上野１４－１", "url": "https://www.iryou.teikyouseido.mhlw.go.jp/znk-web/juminkanja/S2430/initialize?prefCd=30&kikanCd=2105100000&kikanKbn=2", "url2": null }, "geometry": { "type": "Point", "coordinates": [ 135.36325, 34.260024 ] } },
{ "type": "Feature", "properties": { "内容": "山口胃腸科【2:診療所】【診療科目:内科_消化器内科_外科_肛門外科】和歌山県紀の川市西大井１４８－９", "url": "https://www.iryou.teikyouseido.mhlw.go.jp/znk-web/juminkanja/S2430/initialize?prefCd=30&kikanCd=2105200000&kikanKbn=2", "url2": null }, "geometry": { "type": "Point", "coordinates": [ 135.361305, 34.265912 ] } },
{ "type": "Feature", "properties": { "内容": "いちごクリニック【2:診療所】【診療科目:内科_小児科_アレルギー科】和歌山県紀の川市西大井２１０－１", "url": "https://www.iryou.teikyouseido.mhlw.go.jp/znk-web/juminkanja/S2430/initialize?prefCd=30&kikanCd=2105300000&kikanKbn=2", "url2": null }, "geometry": { "type": "Point", "coordinates": [ 135.358166, 34.266884 ] } },
{ "type": "Feature", "properties": { "内容": "医療法人　西浦内科クリニック【2:診療所】【診療科目:内科_糖尿病・内分泌内科_呼吸器内科_消化器内科_リハビリテーション科】和歌山県紀の川市西大井１１７－６", "url": "https://www.iryou.teikyouseido.mhlw.go.jp/znk-web/juminkanja/S2430/initialize?prefCd=30&kikanCd=2105400000&kikanKbn=2", "url2": "http://i-nishiuranaika.webmedipr.jp" }, "geometry": { "type": "Point", "coordinates": [ 135.362721, 34.267134 ] } },
{ "type": "Feature", "properties": { "内容": "坂中内科【2:診療所】【診療科目:内科_循環器内科_消化器内科_小児科】和歌山県紀の川市花野９１－４", "url": "https://www.iryou.teikyouseido.mhlw.go.jp/znk-web/juminkanja/S2430/initialize?prefCd=30&kikanCd=2105500000&kikanKbn=2", "url2": null }, "geometry": { "type": "Point", "coordinates": [ 135.358222, 34.258719 ] } },
{ "type": "Feature", "properties": { "内容": "上田内科クリニック【2:診療所】【診療科目:内科_糖尿病・代謝内科_呼吸器内科_循環器内科_消化器内科_小児科_アレルギー科_リハビリテーション科_放射線科】和歌山県紀の川市東国分４３１－１", "url": "https://www.iryou.teikyouseido.mhlw.go.jp/znk-web/juminkanja/S2430/initialize?prefCd=30&kikanCd=2105900000&kikanKbn=2", "url2": "http://www.naxnet.or.jp/~uedaa/" }, "geometry": { "type": "Point", "coordinates": [ 135.34364, 34.269912 ] } },
{ "type": "Feature", "properties": { "内容": "林内科【2:診療所】【診療科目:内科_糖尿病・代謝内科_循環器内科_消化器内科_小児科_放射線科】和歌山県紀の川市長田中３９４－３", "url": "https://www.iryou.teikyouseido.mhlw.go.jp/znk-web/juminkanja/S2430/initialize?prefCd=30&kikanCd=2106000000&kikanKbn=2", "url2": null }, "geometry": { "type": "Point", "coordinates": [ 135.391413, 34.277301 ] } },
{ "type": "Feature", "properties": { "内容": "中田内科・胃腸科【2:診療所】【診療科目:内科_呼吸器内科_循環器内科_消化器内科_胃腸内科_リハビリテーション科】和歌山県紀の川市猪垣５５－３", "url": "https://www.iryou.teikyouseido.mhlw.go.jp/znk-web/juminkanja/S2430/initialize?prefCd=30&kikanCd=2106100000&kikanKbn=2", "url2": null }, "geometry": { "type": "Point", "coordinates": [ 135.397718, 34.281578 ] } },
{ "type": "Feature", "properties": { "内容": "馬渕医院【2:診療所】【診療科目:内科_産婦人科】和歌山県紀の川市粉河２２１３", "url": "https://www.iryou.teikyouseido.mhlw.go.jp/znk-web/juminkanja/S2430/initialize?prefCd=30&kikanCd=2106500000&kikanKbn=2", "url2": "http://www.mabuchi-iin.com/" }, "geometry": { "type": "Point", "coordinates": [ 135.402496, 34.275773 ] } },
{ "type": "Feature", "properties": { "内容": "はしづめ眼科【2:診療所】【診療科目:眼科】和歌山県紀の川市粉河２１４８－１", "url": "https://www.iryou.teikyouseido.mhlw.go.jp/znk-web/juminkanja/S2430/initialize?prefCd=30&kikanCd=2106600000&kikanKbn=2", "url2": null }, "geometry": { "type": "Point", "coordinates": [ 135.403607, 34.276801 ] } },
{ "type": "Feature", "properties": { "内容": "医療法人　慈愛会　勝田胃腸内科外科医院【2:診療所】【診療科目:内科_消化器内科_外科_消化器外科_乳腺外科_肛門外科_リハビリテーション科_放射線科_麻酔科】和歌山県紀の川市粉河１９１６", "url": "https://www.iryou.teikyouseido.mhlw.go.jp/znk-web/juminkanja/S2430/initialize?prefCd=30&kikanCd=2107000000&kikanKbn=2", "url2": "http://www.katsuda-ichouka.or.jp" }, "geometry": { "type": "Point", "coordinates": [ 135.403964, 34.27606 ] } },
{ "type": "Feature", "properties": { "内容": "高木内科【2:診療所】【診療科目:内科_呼吸器内科_循環器内科_消化器内科_小児科_放射線科】和歌山県紀の川市粉河４１８番地－２", "url": "https://www.iryou.teikyouseido.mhlw.go.jp/znk-web/juminkanja/S2430/initialize?prefCd=30&kikanCd=2107100000&kikanKbn=2", "url2": "http://www.takagi-naika.net/index.html" }, "geometry": { "type": "Point", "coordinates": [ 135.408218, 34.269108 ] } },
{ "type": "Feature", "properties": { "内容": "紀の川市国民健康保険直営鞆渕診療所【2:診療所】【診療科目:内科】和歌山県紀の川市中鞆渕９１１", "url": "https://www.iryou.teikyouseido.mhlw.go.jp/znk-web/juminkanja/S2430/initialize?prefCd=30&kikanCd=2107400000&kikanKbn=2", "url2": "https://www.city.kinokawa.lg.jp/020/2023-0126-1804-28.html" }, "geometry": { "type": "Point", "coordinates": [ 135.453716, 34.221586 ] } },
{ "type": "Feature", "properties": { "内容": "澤田泌尿器科・内科クリニック【2:診療所】【診療科目:内科_泌尿器科】和歌山県紀の川市西野山４８０－５", "url": "https://www.iryou.teikyouseido.mhlw.go.jp/znk-web/juminkanja/S2430/initialize?prefCd=30&kikanCd=2107500000&kikanKbn=2", "url2": null }, "geometry": { "type": "Point", "coordinates": [ 135.441255, 34.28202 ] } },
{ "type": "Feature", "properties": { "内容": "佐藤クリニック【2:診療所】【診療科目:内科_循環器内科_消化器内科】和歌山県紀の川市藤崎３６３－２", "url": "https://www.iryou.teikyouseido.mhlw.go.jp/znk-web/juminkanja/S2430/initialize?prefCd=30&kikanCd=2107800000&kikanKbn=2", "url2": null }, "geometry": { "type": "Point", "coordinates": [ 135.42491, 34.270941 ] } },
{ "type": "Feature", "properties": { "内容": "阪口クリニック【2:診療所】【診療科目:内科_外科】和歌山県紀の川市名手市場６３", "url": "https://www.iryou.teikyouseido.mhlw.go.jp/znk-web/juminkanja/S2430/initialize?prefCd=30&kikanCd=2107900000&kikanKbn=2", "url2": null }, "geometry": { "type": "Point", "coordinates": [ 135.434243, 34.273969 ] } },
{ "type": "Feature", "properties": { "内容": "黒岩クリニック【2:診療所】【診療科目:内科_呼吸器内科_循環器内科_消化器内科_リハビリテーション科_放射線科】和歌山県伊都郡かつらぎ町妙寺９９８", "url": "https://www.iryou.teikyouseido.mhlw.go.jp/znk-web/juminkanja/S2430/initialize?prefCd=30&kikanCd=2108100000&kikanKbn=2", "url2": null }, "geometry": { "type": "Point", "coordinates": [ 135.5224, 34.302883 ] } },
{ "type": "Feature", "properties": { "内容": "阪中外科【2:診療所】【診療科目:内科_外科_整形外科】和歌山県伊都郡かつらぎ町妙寺２１－１", "url": "https://www.iryou.teikyouseido.mhlw.go.jp/znk-web/juminkanja/S2430/initialize?prefCd=30&kikanCd=2108300000&kikanKbn=2", "url2": null }, "geometry": { "type": "Point", "coordinates": [ 135.524457, 34.298829 ] } },
{ "type": "Feature", "properties": { "内容": "米田小児科医院【2:診療所】【診療科目:小児科_アレルギー科_予防接種】和歌山県伊都郡かつらぎ町妙寺４３７－１３", "url": "https://www.iryou.teikyouseido.mhlw.go.jp/znk-web/juminkanja/S2430/initialize?prefCd=30&kikanCd=2108400000&kikanKbn=2", "url2": "http://koseikai.kids.coocan.jp/" }, "geometry": { "type": "Point", "coordinates": [ 135.521457, 34.297051 ] } },
{ "type": "Feature", "properties": { "内容": "かつらぎ町国民健康保険天野診療所【2:診療所】【診療科目:内科】和歌山県伊都郡かつらぎ町下天野９４２－１", "url": "https://www.iryou.teikyouseido.mhlw.go.jp/znk-web/juminkanja/S2430/initialize?prefCd=30&kikanCd=2108700000&kikanKbn=2", "url2": null }, "geometry": { "type": "Point", "coordinates": [ 135.514709, 34.258111 ] } },
{ "type": "Feature", "properties": { "内容": "北林医院【2:診療所】【診療科目:外科_整形外科】和歌山県伊都郡かつらぎ町笠田東６４８－５", "url": "https://www.iryou.teikyouseido.mhlw.go.jp/znk-web/juminkanja/S2430/initialize?prefCd=30&kikanCd=2108900000&kikanKbn=2", "url2": null }, "geometry": { "type": "Point", "coordinates": [ 135.475933, 34.289051 ] } },
{ "type": "Feature", "properties": { "内容": "医療法人　九曜會　前田医院【2:診療所】【診療科目:内科_小児科】和歌山県伊都郡かつらぎ町笠田東７２７", "url": "https://www.iryou.teikyouseido.mhlw.go.jp/znk-web/juminkanja/S2430/initialize?prefCd=30&kikanCd=2109000000&kikanKbn=2", "url2": null }, "geometry": { "type": "Point", "coordinates": [ 135.478544, 34.289134 ] } },
{ "type": "Feature", "properties": { "内容": "永野医院【2:診療所】【診療科目:内科_循環器内科_消化器内科】和歌山県伊都郡かつらぎ町笠田東９７－１", "url": "https://www.iryou.teikyouseido.mhlw.go.jp/znk-web/juminkanja/S2430/initialize?prefCd=30&kikanCd=2109200000&kikanKbn=2", "url2": null }, "geometry": { "type": "Point", "coordinates": [ 135.482716, 34.288122 ] } },
{ "type": "Feature", "properties": { "内容": "たかの耳鼻咽喉科【2:診療所】【診療科目:耳鼻いんこう科_頭頸部・耳鼻いんこう科_アレルギー科】和歌山県伊都郡かつらぎ町笠田東２２５－５", "url": "https://www.iryou.teikyouseido.mhlw.go.jp/znk-web/juminkanja/S2430/initialize?prefCd=30&kikanCd=2109300000&kikanKbn=2", "url2": null }, "geometry": { "type": "Point", "coordinates": [ 135.480628, 34.285634 ] } },
{ "type": "Feature", "properties": { "内容": "馬場眼科【2:診療所】【診療科目:眼科】和歌山県伊都郡かつらぎ町佐野１００８－１", "url": "https://www.iryou.teikyouseido.mhlw.go.jp/znk-web/juminkanja/S2430/initialize?prefCd=30&kikanCd=2109600000&kikanKbn=2", "url2": null }, "geometry": { "type": "Point", "coordinates": [ 135.488099, 34.29144 ] } },
{ "type": "Feature", "properties": { "内容": "ハギノ眼科クリニック【2:診療所】【診療科目:眼科】和歌山県橋本市高野口町名古曽７００－３", "url": "https://www.iryou.teikyouseido.mhlw.go.jp/znk-web/juminkanja/S2430/initialize?prefCd=30&kikanCd=2110000000&kikanKbn=2", "url2": null }, "geometry": { "type": "Point", "coordinates": [ 135.562925, 34.305107 ] } },
{ "type": "Feature", "properties": { "内容": "阪上医院【2:診療所】【診療科目:内科_呼吸器内科_循環器内科_消化器内科_放射線科】和歌山県橋本市高野口町名古曽１０３８－２", "url": "https://www.iryou.teikyouseido.mhlw.go.jp/znk-web/juminkanja/S2430/initialize?prefCd=30&kikanCd=2110100000&kikanKbn=2", "url2": null }, "geometry": { "type": "Point", "coordinates": [ 135.558203, 34.306578 ] } },
{ "type": "Feature", "properties": { "内容": "医療法人　河原整形外科【2:診療所】【診療科目:整形外科_リハビリテーション科】和歌山県橋本市高野口町名古曽２８３－１", "url": "https://www.iryou.teikyouseido.mhlw.go.jp/znk-web/juminkanja/S2430/initialize?prefCd=30&kikanCd=2110200000&kikanKbn=2", "url2": null }, "geometry": { "type": "Point", "coordinates": [ 135.565731, 34.304718 ] } },
{ "type": "Feature", "properties": { "内容": "栗山クリニック【2:診療所】【診療科目:内科_循環器内科_消化器内科_外科_脳神経外科_整形外科_リハビリテーション科_放射線科】和歌山県橋本市高野口町小田６５３－２", "url": "https://www.iryou.teikyouseido.mhlw.go.jp/znk-web/juminkanja/S2430/initialize?prefCd=30&kikanCd=2110400000&kikanKbn=2", "url2": null }, "geometry": { "type": "Point", "coordinates": [ 135.55987, 34.300745 ] } },
{ "type": "Feature", "properties": { "内容": "玉井医院【2:診療所】【診療科目:内科_呼吸器内科_循環器内科_消化器内科_小児科_放射線科】和歌山県橋本市高野口町名倉６４１", "url": "https://www.iryou.teikyouseido.mhlw.go.jp/znk-web/juminkanja/S2430/initialize?prefCd=30&kikanCd=2110700000&kikanKbn=2", "url2": "http://yume.kitken.com/com/yume_hosp/clinic_tamai.html" }, "geometry": { "type": "Point", "coordinates": [ 135.557425, 34.305661 ] } },
{ "type": "Feature", "properties": { "内容": "狩谷医院【2:診療所】【診療科目:内科_婦人科】和歌山県橋本市高野口町向島１８３－１", "url": "https://www.iryou.teikyouseido.mhlw.go.jp/znk-web/juminkanja/S2430/initialize?prefCd=30&kikanCd=2111000000&kikanKbn=2", "url2": null }, "geometry": { "type": "Point", "coordinates": [ 135.553426, 34.30194 ] } },
{ "type": "Feature", "properties": { "内容": "虎谷内科小児科医院【2:診療所】【診療科目:内科_循環器内科_消化器内科_小児科_放射線科】和歌山県橋本市高野口町向島１７７", "url": "https://www.iryou.teikyouseido.mhlw.go.jp/znk-web/juminkanja/S2430/initialize?prefCd=30&kikanCd=2111100000&kikanKbn=2", "url2": null }, "geometry": { "type": "Point", "coordinates": [ 135.552621, 34.302718 ] } },
{ "type": "Feature", "properties": { "内容": "森下クリニック【2:診療所】【診療科目:内科_呼吸器内科_循環器内科_消化器内科_女性内科_アレルギー疾患内科_リハビリテーション科_放射線科】和歌山県橋本市高野口町向島４２－１３", "url": "https://www.iryou.teikyouseido.mhlw.go.jp/znk-web/juminkanja/S2430/initialize?prefCd=30&kikanCd=2111200000&kikanKbn=2", "url2": null }, "geometry": { "type": "Point", "coordinates": [ 135.555704, 34.299773 ] } },
{ "type": "Feature", "properties": { "内容": "辻本クリニック【2:診療所】【診療科目:内科_循環器内科_消化器内科_整形外科_小児科】和歌山県橋本市高野口町大野２３５－１", "url": "https://www.iryou.teikyouseido.mhlw.go.jp/znk-web/juminkanja/S2430/initialize?prefCd=30&kikanCd=2111500000&kikanKbn=2", "url2": "http://tsujiclinic.sakura.ne.jp/index.html" }, "geometry": { "type": "Point", "coordinates": [ 135.548621, 34.304856 ] } },
{ "type": "Feature", "properties": { "内容": "だけクリニック耳鼻咽喉科・アレルギー科【2:診療所】【診療科目:耳鼻いんこう科_アレルギー科】和歌山県和歌山市蔵小路１５‐１", "url": "https://www.iryou.teikyouseido.mhlw.go.jp/znk-web/juminkanja/S2430/initialize?prefCd=30&kikanCd=2111800000&kikanKbn=2", "url2": "http://dakeclinic.jp/" }, "geometry": { "type": "Point", "coordinates": [ 135.184988, 34.229774 ] } },
{ "type": "Feature", "properties": { "内容": "山西内科【2:診療所】【診療科目:内科_呼吸器内科_循環器内科_消化器内科_放射線科】和歌山県海南市藤白１６６‐９", "url": "https://www.iryou.teikyouseido.mhlw.go.jp/znk-web/juminkanja/S2430/initialize?prefCd=30&kikanCd=2111900000&kikanKbn=2", "url2": "http://www7b.biglobe.ne.jp/~yamanishi-clinic/" }, "geometry": { "type": "Point", "coordinates": [ 135.210212, 34.146117 ] } },
{ "type": "Feature", "properties": { "内容": "しばもり耳鼻咽喉科【2:診療所】【診療科目:耳鼻いんこう科_アレルギー科】和歌山県和歌山市楠本７２－１２３", "url": "https://www.iryou.teikyouseido.mhlw.go.jp/znk-web/juminkanja/S2430/initialize?prefCd=30&kikanCd=2112000000&kikanKbn=2", "url2": null }, "geometry": { "type": "Point", "coordinates": [ 135.253342, 34.259828 ] } },
{ "type": "Feature", "properties": { "内容": "やもとクリニック【2:診療所】【診療科目:内科_消化器内科_外科_肛門外科_放射線科】和歌山県東牟婁郡串本町上野山１９１番地", "url": "https://www.iryou.teikyouseido.mhlw.go.jp/znk-web/juminkanja/S2430/initialize?prefCd=30&kikanCd=2112100000&kikanKbn=2", "url2": null }, "geometry": { "type": "Point", "coordinates": [ 135.832585, 33.516982 ] } },
{ "type": "Feature", "properties": { "内容": "多美クリニック【2:診療所】【診療科目:内科_神経内科】和歌山県和歌山市太田１丁目１３－１０", "url": "https://www.iryou.teikyouseido.mhlw.go.jp/znk-web/juminkanja/S2430/initialize?prefCd=30&kikanCd=2112200000&kikanKbn=2", "url2": "http://www.tami-clinic.jp" }, "geometry": { "type": "Point", "coordinates": [ 135.193543, 34.232163 ] } },
{ "type": "Feature", "properties": { "内容": "みなかた内科【2:診療所】【診療科目:内科_呼吸器内科_循環器内科_消化器内科_小児科_放射線科】和歌山県和歌山市松江北５丁目５番９号", "url": "https://www.iryou.teikyouseido.mhlw.go.jp/znk-web/juminkanja/S2430/initialize?prefCd=30&kikanCd=2112300000&kikanKbn=2", "url2": "http://www7b.biglobe.ne.jp/~minakata-naika/" }, "geometry": { "type": "Point", "coordinates": [ 135.131935, 34.249966 ] } },
{ "type": "Feature", "properties": { "内容": "ほんぐうクリニック【2:診療所】【診療科目:内科_循環器内科_小児科】和歌山県田辺市本宮町本宮１４７－３", "url": "https://www.iryou.teikyouseido.mhlw.go.jp/znk-web/juminkanja/S2430/initialize?prefCd=30&kikanCd=2112400000&kikanKbn=2", "url2": "https://honguclinic.jimdofree.com" }, "geometry": { "type": "Point", "coordinates": [ 135.775568, 33.839104 ] } },
{ "type": "Feature", "properties": { "内容": "しおや整形外科リハビリテーション科【2:診療所】【診療科目:整形外科_リハビリテーション科】和歌山県和歌山市塩屋５丁目１－１５", "url": "https://www.iryou.teikyouseido.mhlw.go.jp/znk-web/juminkanja/S2430/initialize?prefCd=30&kikanCd=2112700000&kikanKbn=2", "url2": null }, "geometry": { "type": "Point", "coordinates": [ 135.17874, 34.201666 ] } },
{ "type": "Feature", "properties": { "内容": "耳鼻咽喉科ごとう医院【2:診療所】【診療科目:小児耳鼻いんこう科_耳鼻いんこう科_頭頸部・耳鼻いんこう科_アレルギー科】和歌山県有田郡湯浅町湯浅１２８－２", "url": "https://www.iryou.teikyouseido.mhlw.go.jp/znk-web/juminkanja/S2430/initialize?prefCd=30&kikanCd=2112800000&kikanKbn=2", "url2": null }, "geometry": { "type": "Point", "coordinates": [ 135.173387, 34.034767 ] } },
{ "type": "Feature", "properties": { "内容": "じょうはたクリニック【2:診療所】【診療科目:内科_胃腸内科_外科_肛門外科】和歌山県和歌山市神前３２２－６", "url": "https://www.iryou.teikyouseido.mhlw.go.jp/znk-web/juminkanja/S2430/initialize?prefCd=30&kikanCd=2112900000&kikanKbn=2", "url2": null }, "geometry": { "type": "Point", "coordinates": [ 135.201568, 34.212224 ] } },
{ "type": "Feature", "properties": { "内容": "みずこしこどもクリニック【2:診療所】【診療科目:小児科】和歌山県和歌山市弘西７９０－１", "url": "https://www.iryou.teikyouseido.mhlw.go.jp/znk-web/juminkanja/S2430/initialize?prefCd=30&kikanCd=2113000000&kikanKbn=2", "url2": null }, "geometry": { "type": "Point", "coordinates": [ 135.242703, 34.267493 ] } },
{ "type": "Feature", "properties": { "内容": "西川内科クリニック【2:診療所】【診療科目:内科_循環器内科_消化器内科_リハビリテーション科】和歌山県和歌山市黒田１丁目２－４寺本興産ビル１Ｆ", "url": "https://www.iryou.teikyouseido.mhlw.go.jp/znk-web/juminkanja/S2430/initialize?prefCd=30&kikanCd=2113100000&kikanKbn=2", "url2": null }, "geometry": { "type": "Point", "coordinates": [ 135.19307, 34.232941 ] } },
{ "type": "Feature", "properties": { "内容": "おくだこどもクリニック【2:診療所】【診療科目:小児科】和歌山県御坊市湯川町小松原５５１－４", "url": "https://www.iryou.teikyouseido.mhlw.go.jp/znk-web/juminkanja/S2430/initialize?prefCd=30&kikanCd=2113200000&kikanKbn=2", "url2": null }, "geometry": { "type": "Point", "coordinates": [ 135.152645, 33.905169 ] } },
{ "type": "Feature", "properties": { "内容": "まちだ内科クリニック【2:診療所】【診療科目:内科_糖尿病・代謝内科_呼吸器内科_循環器内科_消化器内科_アレルギー科】和歌山県田辺市下三栖１２５７番４", "url": "https://www.iryou.teikyouseido.mhlw.go.jp/znk-web/juminkanja/S2430/initialize?prefCd=30&kikanCd=2113300000&kikanKbn=2", "url2": null }, "geometry": { "type": "Point", "coordinates": [ 135.420685, 33.734887 ] } },
{ "type": "Feature", "properties": { "内容": "さわ内科医院【2:診療所】【診療科目:内科_呼吸器内科_循環器内科_消化器内科_リハビリテーション科_放射線科】和歌山県和歌山市新留丁３２", "url": "https://www.iryou.teikyouseido.mhlw.go.jp/znk-web/juminkanja/S2430/initialize?prefCd=30&kikanCd=2113400000&kikanKbn=2", "url2": null }, "geometry": { "type": "Point", "coordinates": [ 135.185794, 34.225164 ] } },
{ "type": "Feature", "properties": { "内容": "和歌山南放射線科クリニック【2:診療所】【診療科目:内科_脳神経内科_放射線科】和歌山県和歌山市紀三井寺８７０番地２", "url": "https://www.iryou.teikyouseido.mhlw.go.jp/znk-web/juminkanja/S2430/initialize?prefCd=30&kikanCd=2113500000&kikanKbn=2", "url2": "http://pet-wakayama.com" }, "geometry": { "type": "Point", "coordinates": [ 135.184212, 34.188889 ] } },
{ "type": "Feature", "properties": { "内容": "上岩出内科・消化器内科【2:診療所】【診療科目:内科_消化器内科_肝臓内科】和歌山県岩出市野上野６６－１", "url": "https://www.iryou.teikyouseido.mhlw.go.jp/znk-web/juminkanja/S2430/initialize?prefCd=30&kikanCd=2113600000&kikanKbn=2", "url2": "http://www.kamiiwade.com" }, "geometry": { "type": "Point", "coordinates": [ 135.320474, 34.276243 ] } },
{ "type": "Feature", "properties": { "内容": "なかた消化器・内科クリニック【2:診療所】【診療科目:内科_消化器内科】和歌山県和歌山市神前１４４－１２", "url": "https://www.iryou.teikyouseido.mhlw.go.jp/znk-web/juminkanja/S2430/initialize?prefCd=30&kikanCd=2113800000&kikanKbn=2", "url2": "www.naishikyo.jp" }, "geometry": { "type": "Point", "coordinates": [ 135.205509, 34.214941 ] } },
{ "type": "Feature", "properties": { "内容": "林耳鼻咽喉科【2:診療所】【診療科目:耳鼻いんこう科_アレルギー科】和歌山県橋本市市脇１丁目１番２号", "url": "https://www.iryou.teikyouseido.mhlw.go.jp/znk-web/juminkanja/S2430/initialize?prefCd=30&kikanCd=2114700000&kikanKbn=2", "url2": "https://www.hayashijibi.com" }, "geometry": { "type": "Point", "coordinates": [ 135.603366, 34.314244 ] } },
{ "type": "Feature", "properties": { "内容": "黒田内科医院【2:診療所】【診療科目:内科_呼吸器内科_循環器内科_消化器内科_小児科】和歌山県和歌山市直川１－８", "url": "https://www.iryou.teikyouseido.mhlw.go.jp/znk-web/juminkanja/S2430/initialize?prefCd=30&kikanCd=2115200000&kikanKbn=2", "url2": "http://www17.plala.or.jp/kurodanaika/" }, "geometry": { "type": "Point", "coordinates": [ 135.208821, 34.261111 ] } },
{ "type": "Feature", "properties": { "内容": "中西内科胃腸科医院【2:診療所】【診療科目:内科_呼吸器内科_循環器内科_消化器内科_小児科】和歌山県田辺市下屋敷町１４番地の２", "url": "https://www.iryou.teikyouseido.mhlw.go.jp/znk-web/juminkanja/S2430/initialize?prefCd=30&kikanCd=2115300000&kikanKbn=2", "url2": null }, "geometry": { "type": "Point", "coordinates": [ 135.381995, 33.729303 ] } },
{ "type": "Feature", "properties": { "内容": "にしもと内科クリニック【2:診療所】【診療科目:内科_呼吸器内科_循環器内科_消化器内科_小児科_アレルギー科】和歌山県海草郡紀美野町吉野４６－２", "url": "https://www.iryou.teikyouseido.mhlw.go.jp/znk-web/juminkanja/S2430/initialize?prefCd=30&kikanCd=2115900000&kikanKbn=2", "url2": "http://www.jtw.zaq.ne.jp/nishimoto-clinic/" }, "geometry": { "type": "Point", "coordinates": [ 135.320091, 34.157784 ] } },
{ "type": "Feature", "properties": { "内容": "秋岡皮ふ科クリニック【2:診療所】【診療科目:皮膚科】和歌山県和歌山市九番丁４－１　ラウムズ和歌山九番丁１階", "url": "https://www.iryou.teikyouseido.mhlw.go.jp/znk-web/juminkanja/S2430/initialize?prefCd=30&kikanCd=2116000000&kikanKbn=2", "url2": "http://akioka.jp" }, "geometry": { "type": "Point", "coordinates": [ 135.170822, 34.231413 ] } },
{ "type": "Feature", "properties": { "内容": "新宮市国民健康保険直営熊野川診療所附属玉置口診療所【2:診療所】【診療科目:内科】和歌山県新宮市熊野川町玉置口１５０", "url": "https://www.iryou.teikyouseido.mhlw.go.jp/znk-web/juminkanja/S2430/initialize?prefCd=30&kikanCd=2116200000&kikanKbn=2", "url2": null }, "geometry": { "type": "Point", "coordinates": [ 135.87922, 33.894543 ] } },
{ "type": "Feature", "properties": { "内容": "さくら内科クリニック【2:診療所】【診療科目:内科_呼吸器内科_循環器内科_消化器内科_アレルギー科】和歌山県和歌山市黒田１８－６", "url": "https://www.iryou.teikyouseido.mhlw.go.jp/znk-web/juminkanja/S2430/initialize?prefCd=30&kikanCd=2116300000&kikanKbn=2", "url2": "http://www.ne.jp/asahi/naika-clinic/sakura/" }, "geometry": { "type": "Point", "coordinates": [ 135.198903, 34.236246 ] } },
{ "type": "Feature", "properties": { "内容": "医療法人　共立ハートクリニック【2:診療所】【診療科目:内科_循環器内科】和歌山県有田市宮崎町８７－１", "url": "https://www.iryou.teikyouseido.mhlw.go.jp/znk-web/juminkanja/S2430/initialize?prefCd=30&kikanCd=2116400000&kikanKbn=2", "url2": null }, "geometry": { "type": "Point", "coordinates": [ 135.117944, 34.080011 ] } },
{ "type": "Feature", "properties": { "内容": "ゆあさクリニック【2:診療所】【診療科目:内科_呼吸器内科_消化器内科_放射線科】和歌山県有田郡有田川町下津野１２８８－１", "url": "https://www.iryou.teikyouseido.mhlw.go.jp/znk-web/juminkanja/S2430/initialize?prefCd=30&kikanCd=2116500000&kikanKbn=2", "url2": "http://yuasa-clinic.jimdofree.com" }, "geometry": { "type": "Point", "coordinates": [ 135.215021, 34.063376 ] } },
{ "type": "Feature", "properties": { "内容": "はぜはら整形外科クリニック【2:診療所】【診療科目:整形外科_リハビリテーション科_麻酔科】和歌山県和歌山市松島２００－４", "url": "https://www.iryou.teikyouseido.mhlw.go.jp/znk-web/juminkanja/S2430/initialize?prefCd=30&kikanCd=2116600000&kikanKbn=2", "url2": null }, "geometry": { "type": "Point", "coordinates": [ 135.208791, 34.24469 ] } },
{ "type": "Feature", "properties": { "内容": "楠見台耳鼻咽喉科【2:診療所】【診療科目:耳鼻いんこう科】和歌山県和歌山市大谷４２０－１", "url": "https://www.iryou.teikyouseido.mhlw.go.jp/znk-web/juminkanja/S2430/initialize?prefCd=30&kikanCd=2116700000&kikanKbn=2", "url2": null }, "geometry": { "type": "Point", "coordinates": [ 135.178866, 34.261152 ] } },
{ "type": "Feature", "properties": { "内容": "アイリス眼科クリニック【2:診療所】【診療科目:眼科】和歌山県和歌山市内原８１２－７", "url": "https://www.iryou.teikyouseido.mhlw.go.jp/znk-web/juminkanja/S2430/initialize?prefCd=30&kikanCd=2116800000&kikanKbn=2", "url2": "http://www.iris-clinic.com/" }, "geometry": { "type": "Point", "coordinates": [ 135.196518, 34.172502 ] } },
{ "type": "Feature", "properties": { "内容": "みぞばたクリニック【2:診療所】【診療科目:内科_消化器内科_外科_肛門外科_アレルギー科_放射線科】和歌山県海草郡紀美野町動木９９－１", "url": "https://www.iryou.teikyouseido.mhlw.go.jp/znk-web/juminkanja/S2430/initialize?prefCd=30&kikanCd=2116900000&kikanKbn=2", "url2": null }, "geometry": { "type": "Point", "coordinates": [ 135.305981, 34.166728 ] } },
{ "type": "Feature", "properties": { "内容": "くさち耳鼻咽喉科医院【2:診療所】【診療科目:耳鼻いんこう科】和歌山県新宮市井の沢３－５", "url": "https://www.iryou.teikyouseido.mhlw.go.jp/znk-web/juminkanja/S2430/initialize?prefCd=30&kikanCd=2117000000&kikanKbn=2", "url2": null }, "geometry": { "type": "Point", "coordinates": [ 135.991777, 33.72337 ] } },
{ "type": "Feature", "properties": { "内容": "西本クリニック【2:診療所】【診療科目:内科_呼吸器内科_神経内科_麻酔科】和歌山県和歌山市七番丁１６ワイチビル２Ｆ", "url": "https://www.iryou.teikyouseido.mhlw.go.jp/znk-web/juminkanja/S2430/initialize?prefCd=30&kikanCd=2117100000&kikanKbn=2", "url2": null }, "geometry": { "type": "Point", "coordinates": [ 135.17035, 34.230274 ] } },
{ "type": "Feature", "properties": { "内容": "医療法人　仁泉会　丸山整形外科【2:診療所】【診療科目:整形外科_リハビリテーション科_放射線科】和歌山県和歌山市舟大工町１２番地", "url": "https://www.iryou.teikyouseido.mhlw.go.jp/znk-web/juminkanja/S2430/initialize?prefCd=30&kikanCd=2117200000&kikanKbn=2", "url2": "http://www.maruyama-seikei.com/" }, "geometry": { "type": "Point", "coordinates": [ 135.169295, 34.234551 ] } },
{ "type": "Feature", "properties": { "内容": "高橋眼科クリニック【2:診療所】【診療科目:眼科】和歌山県和歌山市大谷２２１－６", "url": "https://www.iryou.teikyouseido.mhlw.go.jp/znk-web/juminkanja/S2430/initialize?prefCd=30&kikanCd=2117800000&kikanKbn=2", "url2": null }, "geometry": { "type": "Point", "coordinates": [ 135.17146, 34.25941 ] } },
{ "type": "Feature", "properties": { "内容": "伊藤内科【2:診療所】【診療科目:内科_糖尿病内科_呼吸器内科_循環器内科_消化器内科_小児科_放射線科】和歌山県岩出市西野１９０－１", "url": "https://www.iryou.teikyouseido.mhlw.go.jp/znk-web/juminkanja/S2430/initialize?prefCd=30&kikanCd=2117900000&kikanKbn=2", "url2": null }, "geometry": { "type": "Point", "coordinates": [ 135.310726, 34.257023 ] } },
{ "type": "Feature", "properties": { "内容": "さいとうクリニック【2:診療所】【診療科目:耳鼻いんこう科】和歌山県海南市重根東一丁目７番地８", "url": "https://www.iryou.teikyouseido.mhlw.go.jp/znk-web/juminkanja/S2430/initialize?prefCd=30&kikanCd=2118000000&kikanKbn=2", "url2": null }, "geometry": { "type": "Point", "coordinates": [ 135.24768, 34.155089 ] } },
{ "type": "Feature", "properties": { "内容": "植阪クリニック【2:診療所】【診療科目:内科_消化器内科_外科_肛門外科】和歌山県橋本市高野口町伏原１４４－２", "url": "https://www.iryou.teikyouseido.mhlw.go.jp/znk-web/juminkanja/S2430/initialize?prefCd=30&kikanCd=2118100000&kikanKbn=2", "url2": null }, "geometry": { "type": "Point", "coordinates": [ 135.56962, 34.303551 ] } },
{ "type": "Feature", "properties": { "内容": "しおたに循環器内科クリニック【2:診療所】【診療科目:内科_呼吸器内科_循環器内科_アレルギー科】和歌山県和歌山市三葛６７７－１", "url": "https://www.iryou.teikyouseido.mhlw.go.jp/znk-web/juminkanja/S2430/initialize?prefCd=30&kikanCd=2118200000&kikanKbn=2", "url2": "http://www.shiotani-clinic.jp/" }, "geometry": { "type": "Point", "coordinates": [ 135.189906, 34.194306 ] } },
{ "type": "Feature", "properties": { "内容": "なかお眼科医院【2:診療所】【診療科目:眼科】和歌山県和歌山市北野５１７－４", "url": "https://www.iryou.teikyouseido.mhlw.go.jp/znk-web/juminkanja/S2430/initialize?prefCd=30&kikanCd=2118300000&kikanKbn=2", "url2": "https://www.nakao-ganka-wakayama.com" }, "geometry": { "type": "Point", "coordinates": [ 135.244064, 34.267271 ] } },
{ "type": "Feature", "properties": { "内容": "医療法人　久生会　山本クリニック【2:診療所】【診療科目:内科_呼吸器内科_循環器内科_消化器内科_放射線科】和歌山県海南市名高５０６－４", "url": "https://www.iryou.teikyouseido.mhlw.go.jp/znk-web/juminkanja/S2430/initialize?prefCd=30&kikanCd=2118500000&kikanKbn=2", "url2": "http://care-net.biz/30/kyuseikai/" }, "geometry": { "type": "Point", "coordinates": [ 135.212211, 34.153144 ] } },
{ "type": "Feature", "properties": { "内容": "サンクリニック【2:診療所】【診療科目:内科_消化器内科_外科_整形外科_麻酔科】和歌山県和歌山市中之島１７１６番地", "url": "https://www.iryou.teikyouseido.mhlw.go.jp/znk-web/juminkanja/S2430/initialize?prefCd=30&kikanCd=2118600000&kikanKbn=2", "url2": null }, "geometry": { "type": "Point", "coordinates": [ 135.18269, 34.237587 ] } },
{ "type": "Feature", "properties": { "内容": "和中内科・循環器科【2:診療所】【診療科目:内科_呼吸器内科_循環器内科_放射線科】和歌山県和歌山市和歌浦西１－７－１", "url": "https://www.iryou.teikyouseido.mhlw.go.jp/znk-web/juminkanja/S2430/initialize?prefCd=30&kikanCd=2118700000&kikanKbn=2", "url2": null }, "geometry": { "type": "Point", "coordinates": [ 135.169435, 34.195499 ] } },
{ "type": "Feature", "properties": { "内容": "松尾クリニック【2:診療所】【診療科目:内科_外科_整形外科_小児科_耳鼻いんこう科_皮膚科_アレルギー科_リウマチ科_リハビリテーション科_放射線科】和歌山県和歌山市小瀬田１０９－２", "url": "https://www.iryou.teikyouseido.mhlw.go.jp/znk-web/juminkanja/S2430/initialize?prefCd=30&kikanCd=2118800000&kikanKbn=2", "url2": "http://matsuo-clinic.com/" }, "geometry": { "type": "Point", "coordinates": [ 135.230014, 34.179391 ] } },
{ "type": "Feature", "properties": { "内容": "宇治田循環器科内科【2:診療所】【診療科目:内科_呼吸器内科_循環器内科_消化器内科_腎臓内科_リハビリテーション科_放射線科】和歌山県和歌山市榎原２０４番地の８", "url": "https://www.iryou.teikyouseido.mhlw.go.jp/znk-web/juminkanja/S2430/initialize?prefCd=30&kikanCd=2118900000&kikanKbn=2", "url2": "http://www.medi-wel.jp/" }, "geometry": { "type": "Point", "coordinates": [ 135.125353, 34.25402 ] } },
{ "type": "Feature", "properties": { "内容": "さいかクリニック【2:診療所】【診療科目:内科_呼吸器内科_循環器内科_消化器内科_小児科】和歌山県海南市下津町丁９７－１", "url": "https://www.iryou.teikyouseido.mhlw.go.jp/znk-web/juminkanja/S2430/initialize?prefCd=30&kikanCd=2119000000&kikanKbn=2", "url2": null }, "geometry": { "type": "Point", "coordinates": [ 135.155439, 34.12173 ] } },
{ "type": "Feature", "properties": { "内容": "長嶋雄一クリニック【2:診療所】【診療科目:内科_消化器内科】和歌山県田辺市下三栖１４８３－１５", "url": "https://www.iryou.teikyouseido.mhlw.go.jp/znk-web/juminkanja/S2430/initialize?prefCd=30&kikanCd=2119100000&kikanKbn=2", "url2": "http://www.nagashimayuichi.com/" }, "geometry": { "type": "Point", "coordinates": [ 135.420824, 33.729832 ] } },
{ "type": "Feature", "properties": { "内容": "いしぐちクリニック【2:診療所】【診療科目:内科_胃腸内科】和歌山県和歌山市北島４５３－１", "url": "https://www.iryou.teikyouseido.mhlw.go.jp/znk-web/juminkanja/S2430/initialize?prefCd=30&kikanCd=2119300000&kikanKbn=2", "url2": "http://www.ishiguchi-clinic.com" }, "geometry": { "type": "Point", "coordinates": [ 135.155268, 34.237995 ] } },
{ "type": "Feature", "properties": { "内容": "ねごろクリニック【2:診療所】【診療科目:内科_漢方内科_皮膚科_心療内科_アレルギー科_放射線科】和歌山県和歌山市中之島２３４５", "url": "https://www.iryou.teikyouseido.mhlw.go.jp/znk-web/juminkanja/S2430/initialize?prefCd=30&kikanCd=2119500000&kikanKbn=2", "url2": "http://www.negoro-clinic.com" }, "geometry": { "type": "Point", "coordinates": [ 135.185182, 34.235358 ] } },
{ "type": "Feature", "properties": { "内容": "真寿苑クリニック【2:診療所】【診療科目:内科_循環器内科】和歌山県田辺市神島台４番１号", "url": "https://www.iryou.teikyouseido.mhlw.go.jp/znk-web/juminkanja/S2430/initialize?prefCd=30&kikanCd=2119600000&kikanKbn=2", "url2": "http://sjk-tanabe.or.jp" }, "geometry": { "type": "Point", "coordinates": [ 135.402744, 33.70764 ] } },
{ "type": "Feature", "properties": { "内容": "高田整形外科内科クリニック【2:診療所】【診療科目:内科_外科_整形外科_リハビリテーション科】和歌山県和歌山市西庄３３８番地の５７", "url": "https://www.iryou.teikyouseido.mhlw.go.jp/znk-web/juminkanja/S2430/initialize?prefCd=30&kikanCd=2119700000&kikanKbn=2", "url2": null }, "geometry": { "type": "Point", "coordinates": [ 135.116409, 34.258215 ] } },
{ "type": "Feature", "properties": { "内容": "しおたにクリニック【2:診療所】【診療科目:内科_呼吸器内科_循環器内科_消化器内科_放射線科】和歌山県海南市七山３５０", "url": "https://www.iryou.teikyouseido.mhlw.go.jp/znk-web/juminkanja/S2430/initialize?prefCd=30&kikanCd=2119800000&kikanKbn=2", "url2": null }, "geometry": { "type": "Point", "coordinates": [ 135.304063, 34.18867 ] } },
{ "type": "Feature", "properties": { "内容": "メンタルクリニックおおや【2:診療所】【診療科目:精神科_心療内科】和歌山県和歌山市美園町５－６１　ＪＲ和歌山駅ステーションビルＭＩＯ５Ｆ", "url": "https://www.iryou.teikyouseido.mhlw.go.jp/znk-web/juminkanja/S2430/initialize?prefCd=30&kikanCd=2120000000&kikanKbn=2", "url2": "http://www.clinic-owl-oya.com/" }, "geometry": { "type": "Point", "coordinates": [ 135.191154, 34.23183 ] } },
{ "type": "Feature", "properties": { "内容": "たきわき皮フ科クリニック【2:診療所】【診療科目:皮膚科】和歌山県橋本市高野口町伏原１８８－１", "url": "https://www.iryou.teikyouseido.mhlw.go.jp/znk-web/juminkanja/S2430/initialize?prefCd=30&kikanCd=2120200000&kikanKbn=2", "url2": "http://tclinic.html.xdomain.jp" }, "geometry": { "type": "Point", "coordinates": [ 135.570396, 34.306662 ] } },
{ "type": "Feature", "properties": { "内容": "南クリニック胃腸・肛門科【2:診療所】【診療科目:内科_消化器内科_外科_肛門外科_皮膚科_リハビリテーション科_放射線科】和歌山県橋本市市脇４丁目７番６号", "url": "https://www.iryou.teikyouseido.mhlw.go.jp/znk-web/juminkanja/S2430/initialize?prefCd=30&kikanCd=2120500000&kikanKbn=2", "url2": null }, "geometry": { "type": "Point", "coordinates": [ 135.599617, 34.310857 ] } },
{ "type": "Feature", "properties": { "内容": "医療法人涼悠会　トメモリ眼科・形成外科【2:診療所】【診療科目:形成外科_眼科】和歌山県橋本市市脇５－４－２３", "url": "https://www.iryou.teikyouseido.mhlw.go.jp/znk-web/juminkanja/S2430/initialize?prefCd=30&kikanCd=2120600000&kikanKbn=2", "url2": "http://www.tomemori-ganka.com/" }, "geometry": { "type": "Point", "coordinates": [ 135.602032, 34.312801 ] } },
{ "type": "Feature", "properties": { "内容": "元寺町スキンクリニック【2:診療所】【診療科目:形成外科_美容外科_美容皮膚科】和歌山県和歌山市元寺町一丁目３２番地　　元寺町ビル４Ｆ", "url": "https://www.iryou.teikyouseido.mhlw.go.jp/znk-web/juminkanja/S2430/initialize?prefCd=30&kikanCd=2120800000&kikanKbn=2", "url2": null }, "geometry": { "type": "Point", "coordinates": [ 135.17721, 34.234107 ] } },
{ "type": "Feature", "properties": { "内容": "あまの内科クリニック【2:診療所】【診療科目:内科_消化器内科_放射線科】和歌山県有田市宮崎町１２０－１", "url": "https://www.iryou.teikyouseido.mhlw.go.jp/znk-web/juminkanja/S2430/initialize?prefCd=30&kikanCd=2120900000&kikanKbn=2", "url2": null }, "geometry": { "type": "Point", "coordinates": [ 135.117583, 34.079456 ] } },
{ "type": "Feature", "properties": { "内容": "小倉内科【2:診療所】【診療科目:内科_糖尿病・代謝内科】和歌山県和歌山市吉礼６１－８", "url": "https://www.iryou.teikyouseido.mhlw.go.jp/znk-web/juminkanja/S2430/initialize?prefCd=30&kikanCd=2121100000&kikanKbn=2", "url2": null }, "geometry": { "type": "Point", "coordinates": [ 135.236429, 34.20325 ] } },
{ "type": "Feature", "properties": { "内容": "紀泉ＫＤクリニック【2:診療所】【診療科目:内科_循環器内科_消化器内科_腎臓内科_人工透析内科_内視鏡内科_リハビリテーション科】和歌山県和歌山市善明寺３５８番地の１", "url": "https://www.iryou.teikyouseido.mhlw.go.jp/znk-web/juminkanja/S2430/initialize?prefCd=30&kikanCd=2121200000&kikanKbn=2", "url2": "http://www.hakubunkai.com" }, "geometry": { "type": "Point", "coordinates": [ 135.185903, 34.261632 ] } },
{ "type": "Feature", "properties": { "内容": "谷地内科医院【2:診療所】【診療科目:内科_呼吸器内科_循環器内科_消化器内科】和歌山県新宮市新宮５５４番地ー１大橋通りＴビル１Ｆ", "url": "https://www.iryou.teikyouseido.mhlw.go.jp/znk-web/juminkanja/S2430/initialize?prefCd=30&kikanCd=2121300000&kikanKbn=2", "url2": null }, "geometry": { "type": "Point", "coordinates": [ 135.9865, 33.727509 ] } },
{ "type": "Feature", "properties": { "内容": "クリニック　ルピナス【2:診療所】【診療科目:内科_神経内科_精神科_心療内科】和歌山県東牟婁郡那智勝浦町宇久井７１４－３", "url": "https://www.iryou.teikyouseido.mhlw.go.jp/znk-web/juminkanja/S2430/initialize?prefCd=30&kikanCd=2121500000&kikanKbn=2", "url2": "http://rupinasu.jp/" }, "geometry": { "type": "Point", "coordinates": [ 135.982865, 33.659599 ] } },
{ "type": "Feature", "properties": { "内容": "たまい内科【2:診療所】【診療科目:内科_糖尿病内科_代謝・内分泌内科_呼吸器内科_循環器内科_消化器内科_アレルギー科】和歌山県和歌山市紀三井寺１４５４", "url": "https://www.iryou.teikyouseido.mhlw.go.jp/znk-web/juminkanja/S2430/initialize?prefCd=30&kikanCd=2121600000&kikanKbn=2", "url2": "https://tamai-naika.jp" }, "geometry": { "type": "Point", "coordinates": [ 135.187768, 34.185724 ] } },
{ "type": "Feature", "properties": { "内容": "岡本クリニック【2:診療所】【診療科目:内科_麻酔科】和歌山県橋本市清水５１２－７", "url": "https://www.iryou.teikyouseido.mhlw.go.jp/znk-web/juminkanja/S2430/initialize?prefCd=30&kikanCd=2121800000&kikanKbn=2", "url2": "http://www.e-okamoto-clinic.com/" }, "geometry": { "type": "Point", "coordinates": [ 135.600422, 34.30719 ] } },
{ "type": "Feature", "properties": { "内容": "嶋倉クリニック【2:診療所】【診療科目:内科_放射線科】和歌山県和歌山市堀止西１丁目３－５", "url": "https://www.iryou.teikyouseido.mhlw.go.jp/znk-web/juminkanja/S2430/initialize?prefCd=30&kikanCd=2122100000&kikanKbn=2", "url2": "http://www.shimakura-clinic.com" }, "geometry": { "type": "Point", "coordinates": [ 135.168712, 34.214831 ] } },
{ "type": "Feature", "properties": { "内容": "こばやし内科クリニック【2:診療所】【診療科目:内科_呼吸器内科_循環器内科_消化器内科】和歌山県和歌山市木ノ本５５２－１", "url": "https://www.iryou.teikyouseido.mhlw.go.jp/znk-web/juminkanja/S2430/initialize?prefCd=30&kikanCd=2122200000&kikanKbn=2", "url2": null }, "geometry": { "type": "Point", "coordinates": [ 135.133019, 34.261659 ] } },
{ "type": "Feature", "properties": { "内容": "金澤内科クリニック【2:診療所】【診療科目:内科_消化器内科】和歌山県和歌山市本町６丁目２６", "url": "https://www.iryou.teikyouseido.mhlw.go.jp/znk-web/juminkanja/S2430/initialize?prefCd=30&kikanCd=2122300000&kikanKbn=2", "url2": null }, "geometry": { "type": "Point", "coordinates": [ 135.174571, 34.240468 ] } },
{ "type": "Feature", "properties": { "内容": "小池内科【2:診療所】【診療科目:内科_呼吸器内科_循環器内科_消化器内科】和歌山県御坊市湯川町財部５１６－３", "url": "https://www.iryou.teikyouseido.mhlw.go.jp/znk-web/juminkanja/S2430/initialize?prefCd=30&kikanCd=2122400000&kikanKbn=2", "url2": null }, "geometry": { "type": "Point", "coordinates": [ 135.153062, 33.900837 ] } },
{ "type": "Feature", "properties": { "内容": "まつもと眼科【2:診療所】【診療科目:眼科】和歌山県和歌山市井ノ口１２３－３", "url": "https://www.iryou.teikyouseido.mhlw.go.jp/znk-web/juminkanja/S2430/initialize?prefCd=30&kikanCd=2122700000&kikanKbn=2", "url2": "http://www7b.biglobe.ne.jp/~gankamatumoto/" }, "geometry": { "type": "Point", "coordinates": [ 135.249343, 34.234942 ] } },
{ "type": "Feature", "properties": { "内容": "萬谷医院【2:診療所】【診療科目:内科_呼吸器内科_循環器内科_消化器内科_神経内科_小児科_皮膚科】和歌山県有田市宮崎町２３７", "url": "https://www.iryou.teikyouseido.mhlw.go.jp/znk-web/juminkanja/S2430/initialize?prefCd=30&kikanCd=2123000000&kikanKbn=2", "url2": null }, "geometry": { "type": "Point", "coordinates": [ 135.11489, 34.079261 ] } },
{ "type": "Feature", "properties": { "内容": "真貴診療所【2:診療所】【診療科目:内科_呼吸器内科_循環器内科_外科】和歌山県西牟婁郡白浜町堅田字細野２７９２－１", "url": "https://www.iryou.teikyouseido.mhlw.go.jp/znk-web/juminkanja/S2430/initialize?prefCd=30&kikanCd=2123100000&kikanKbn=2", "url2": null }, "geometry": { "type": "Point", "coordinates": [ 135.380108, 33.680975 ] } },
{ "type": "Feature", "properties": { "内容": "みなみ胃腸肛門科、外科【2:診療所】【診療科目:内科_消化器内科_外科_肛門外科_皮膚科_放射線科】和歌山県橋本市しらさぎ台２－１２", "url": "https://www.iryou.teikyouseido.mhlw.go.jp/znk-web/juminkanja/S2430/initialize?prefCd=30&kikanCd=2123400000&kikanKbn=2", "url2": "http://www.niph.go.jp" }, "geometry": { "type": "Point", "coordinates": [ 135.611447, 34.338965 ] } },
{ "type": "Feature", "properties": { "内容": "きのくに漢方クリニック【2:診療所】【診療科目:内科_外科_消化器外科_小児科_アレルギー科】和歌山県和歌山市小松原通１丁目１－３５サンビル４Ｆ", "url": "https://www.iryou.teikyouseido.mhlw.go.jp/znk-web/juminkanja/S2430/initialize?prefCd=30&kikanCd=2123500000&kikanKbn=2", "url2": "wildbodysmartbrain.jp" }, "geometry": { "type": "Point", "coordinates": [ 135.1686, 34.225691 ] } },
{ "type": "Feature", "properties": { "内容": "奥本医院【2:診療所】【診療科目:内科_循環器内科_消化器内科_小児科】和歌山県和歌山市福島５６１", "url": "https://www.iryou.teikyouseido.mhlw.go.jp/znk-web/juminkanja/S2430/initialize?prefCd=30&kikanCd=2123600000&kikanKbn=2", "url2": "http://okumoto.jp" }, "geometry": { "type": "Point", "coordinates": [ 135.162072, 34.245522 ] } },
{ "type": "Feature", "properties": { "内容": "串医院【2:診療所】【診療科目:内科_循環器内科】和歌山県田辺市中屋敷町６８－１", "url": "https://www.iryou.teikyouseido.mhlw.go.jp/znk-web/juminkanja/S2430/initialize?prefCd=30&kikanCd=2123900000&kikanKbn=2", "url2": null }, "geometry": { "type": "Point", "coordinates": [ 135.378523, 33.729581 ] } },
{ "type": "Feature", "properties": { "内容": "まつもと内科【2:診療所】【診療科目:内科_糖尿病内科】和歌山県紀の川市貴志川町長山２４４", "url": "https://www.iryou.teikyouseido.mhlw.go.jp/znk-web/juminkanja/S2430/initialize?prefCd=30&kikanCd=2124200000&kikanKbn=2", "url2": null }, "geometry": { "type": "Point", "coordinates": [ 135.292563, 34.211195 ] } },
{ "type": "Feature", "properties": { "内容": "白浜町国民健康保険直営川添診療所【2:診療所】【診療科目:内科】和歌山県西牟婁郡白浜町市鹿野１１０３番地", "url": "https://www.iryou.teikyouseido.mhlw.go.jp/znk-web/juminkanja/S2430/initialize?prefCd=30&kikanCd=2124700000&kikanKbn=2", "url2": "http://www.hamayu-hp.or.jp/" }, "geometry": { "type": "Point", "coordinates": [ 135.5337, 33.658291 ] } },
{ "type": "Feature", "properties": { "内容": "奥野クリニック【2:診療所】【診療科目:内科_神経内科_外科_脳神経外科_整形外科_リハビリテーション科_放射線科】和歌山県橋本市御幸辻１４８番の１", "url": "https://www.iryou.teikyouseido.mhlw.go.jp/znk-web/juminkanja/S2430/initialize?prefCd=30&kikanCd=2125000000&kikanKbn=2", "url2": "http://www.okunoclinic.jp" }, "geometry": { "type": "Point", "coordinates": [ 135.605587, 34.336909 ] } },
{ "type": "Feature", "properties": { "内容": "阪井循環器内科医院【2:診療所】【診療科目:内科_糖尿病・代謝内科_呼吸器内科_循環器内科】和歌山県和歌山市十番丁１２　　　　十番丁ビル１Ｆ", "url": "https://www.iryou.teikyouseido.mhlw.go.jp/znk-web/juminkanja/S2430/initialize?prefCd=30&kikanCd=2125200000&kikanKbn=2", "url2": "http://e-heart.jp/" }, "geometry": { "type": "Point", "coordinates": [ 135.173989, 34.230913 ] } },
{ "type": "Feature", "properties": { "内容": "医療法人　淳風会　熊野路クリニック【2:診療所】【診療科目:糖尿病・代謝内科_人工透析内科_神経内科】和歌山県新宮市緑ケ丘２丁目１－２０", "url": "https://www.iryou.teikyouseido.mhlw.go.jp/znk-web/juminkanja/S2430/initialize?prefCd=30&kikanCd=2125300000&kikanKbn=2", "url2": "https://www.kumanoji-clinic.or.jp/" }, "geometry": { "type": "Point", "coordinates": [ 135.990166, 33.720954 ] } },
{ "type": "Feature", "properties": { "内容": "木下耳鼻いんこう科【2:診療所】【診療科目:耳鼻いんこう科】和歌山県和歌山市小雑賀７２８－１", "url": "https://www.iryou.teikyouseido.mhlw.go.jp/znk-web/juminkanja/S2430/initialize?prefCd=30&kikanCd=2125800000&kikanKbn=2", "url2": "https://kinoshita-jibika.com" }, "geometry": { "type": "Point", "coordinates": [ 135.186096, 34.198891 ] } },
{ "type": "Feature", "properties": { "内容": "池田耳鼻いんこう科院【2:診療所】【診療科目:耳鼻いんこう科_アレルギー科】和歌山県和歌山市和歌川町９番３９号", "url": "https://www.iryou.teikyouseido.mhlw.go.jp/znk-web/juminkanja/S2430/initialize?prefCd=30&kikanCd=2126200000&kikanKbn=2", "url2": "http://ikeda-jibika.jp/" }, "geometry": { "type": "Point", "coordinates": [ 135.177351, 34.193639 ] } },
{ "type": "Feature", "properties": { "内容": "たかの耳鼻咽喉科・アレルギー科【2:診療所】【診療科目:耳鼻いんこう科_アレルギー科】和歌山県田辺市たきない町２０番１０号", "url": "https://www.iryou.teikyouseido.mhlw.go.jp/znk-web/juminkanja/S2430/initialize?prefCd=30&kikanCd=2126400000&kikanKbn=2", "url2": null }, "geometry": { "type": "Point", "coordinates": [ 135.40205, 33.702195 ] } },
{ "type": "Feature", "properties": { "内容": "土井整形クリニック【2:診療所】【診療科目:整形外科_リウマチ科_リハビリテーション科】和歌山県和歌山市小雑賀１５８", "url": "https://www.iryou.teikyouseido.mhlw.go.jp/znk-web/juminkanja/S2430/initialize?prefCd=30&kikanCd=2126600000&kikanKbn=2", "url2": "http://www.doiseikei.com/index.html" }, "geometry": { "type": "Point", "coordinates": [ 135.183739, 34.204944 ] } },
{ "type": "Feature", "properties": { "内容": "しぶたこどもクリニック【2:診療所】【診療科目:小児科】和歌山県和歌山市北島４５３　コンプラベルデ２", "url": "https://www.iryou.teikyouseido.mhlw.go.jp/znk-web/juminkanja/S2430/initialize?prefCd=30&kikanCd=2126900000&kikanKbn=2", "url2": null }, "geometry": { "type": "Point", "coordinates": [ 135.155879, 34.238329 ] } },
{ "type": "Feature", "properties": { "内容": "梅本診療所【2:診療所】【診療科目:内科_消化器内科_外科_整形外科】和歌山県橋本市隅田町河瀬３５２", "url": "https://www.iryou.teikyouseido.mhlw.go.jp/znk-web/juminkanja/S2430/initialize?prefCd=30&kikanCd=2127300000&kikanKbn=2", "url2": null }, "geometry": { "type": "Point", "coordinates": [ 135.62753, 34.321383 ] } },
{ "type": "Feature", "properties": { "内容": "奥村マタニティクリニック【2:診療所】【診療科目:小児科_産婦人科_精神科】和歌山県橋本市東家４丁目１８－１３", "url": "https://www.iryou.teikyouseido.mhlw.go.jp/znk-web/juminkanja/S2430/initialize?prefCd=30&kikanCd=2127500000&kikanKbn=2", "url2": "http://www.okumuraclinic.or.jp/maternity/" }, "geometry": { "type": "Point", "coordinates": [ 135.610199, 34.315383 ] } },
{ "type": "Feature", "properties": { "内容": "医療法人　南労会　紀和クリニック【2:診療所】【診療科目:内科_脳神経内科_呼吸器内科_循環器内科_消化器内科_疼痛緩和内科_外科_脳神経外科_消化器外科_肝臓・胆のう・膵臓外科_乳腺外科_整形外科_形成外科_皮膚科_泌尿器科_精神科_歯科_リハビリテーション科】和歌山県橋本市岸上２３－１", "url": "https://www.iryou.teikyouseido.mhlw.go.jp/znk-web/juminkanja/S2430/initialize?prefCd=30&kikanCd=2127600000&kikanKbn=2", "url2": "http://www.nanroukai.or.jp/" }, "geometry": { "type": "Point", "coordinates": [ 135.581868, 34.305912 ] } },
{ "type": "Feature", "properties": { "内容": "奥村レディースクリニック【2:診療所】【診療科目:婦人科】和歌山県橋本市東家４丁目１７－１３", "url": "https://www.iryou.teikyouseido.mhlw.go.jp/znk-web/juminkanja/S2430/initialize?prefCd=30&kikanCd=2127700000&kikanKbn=2", "url2": "http://www.okumuraclinic.or.jp/ladies/" }, "geometry": { "type": "Point", "coordinates": [ 135.610255, 34.315715 ] } },
{ "type": "Feature", "properties": { "内容": "こころの郷クリニック【2:診療所】【診療科目:精神科_心療内科】和歌山県橋本市高野口町名古曽９１８－１", "url": "https://www.iryou.teikyouseido.mhlw.go.jp/znk-web/juminkanja/S2430/initialize?prefCd=30&kikanCd=2127800000&kikanKbn=2", "url2": null }, "geometry": { "type": "Point", "coordinates": [ 135.560425, 34.301495 ] } },
{ "type": "Feature", "properties": { "内容": "はんだ内科クリニック【2:診療所】【診療科目:内科_循環器内科_消化器内科】和歌山県和歌山市古屋５７－２", "url": "https://www.iryou.teikyouseido.mhlw.go.jp/znk-web/juminkanja/S2430/initialize?prefCd=30&kikanCd=2128300000&kikanKbn=2", "url2": null }, "geometry": { "type": "Point", "coordinates": [ 135.120881, 34.257298 ] } },
{ "type": "Feature", "properties": { "内容": "北村泌尿器科・内科クリニック【2:診療所】【診療科目:内科_泌尿器科】和歌山県和歌山市手平５丁目１－１５　マエダビル１Ｆ", "url": "https://www.iryou.teikyouseido.mhlw.go.jp/znk-web/juminkanja/S2430/initialize?prefCd=30&kikanCd=2128400000&kikanKbn=2", "url2": "http://www.kitamura-uro-cl.com" }, "geometry": { "type": "Point", "coordinates": [ 135.186738, 34.21586 ] } },
{ "type": "Feature", "properties": { "内容": "上田神経科クリニック【2:診療所】【診療科目:精神科_神経科_心療内科_老年精神科_老年心療内科】和歌山県伊都郡かつらぎ町笠田東１７１", "url": "https://www.iryou.teikyouseido.mhlw.go.jp/znk-web/juminkanja/S2430/initialize?prefCd=30&kikanCd=2128600000&kikanKbn=2", "url2": null }, "geometry": { "type": "Point", "coordinates": [ 135.479239, 34.28769 ] } },
{ "type": "Feature", "properties": { "内容": "九鬼クリニック耳鼻咽喉科【2:診療所】【診療科目:耳鼻いんこう科】和歌山県有田市新堂５６－１", "url": "https://www.iryou.teikyouseido.mhlw.go.jp/znk-web/juminkanja/S2430/initialize?prefCd=30&kikanCd=2129000000&kikanKbn=2", "url2": null }, "geometry": { "type": "Point", "coordinates": [ 135.12911, 34.084095 ] } },
{ "type": "Feature", "properties": { "内容": "細部医院【2:診療所】【診療科目:内科_小児科】和歌山県海南市下津町下２７９", "url": "https://www.iryou.teikyouseido.mhlw.go.jp/znk-web/juminkanja/S2430/initialize?prefCd=30&kikanCd=2129200000&kikanKbn=2", "url2": null }, "geometry": { "type": "Point", "coordinates": [ 135.16305, 34.128119 ] } },
{ "type": "Feature", "properties": { "内容": "松岡医院【2:診療所】【診療科目:内科_外科_整形外科】和歌山県橋本市高野口町名倉１８６－１", "url": "https://www.iryou.teikyouseido.mhlw.go.jp/znk-web/juminkanja/S2430/initialize?prefCd=30&kikanCd=2129600000&kikanKbn=2", "url2": null }, "geometry": { "type": "Point", "coordinates": [ 135.555093, 34.302523 ] } },
{ "type": "Feature", "properties": { "内容": "中西クリニック【2:診療所】【診療科目:内科_外科_肛門外科_整形外科_皮膚科_アレルギー科_リハビリテーション科】和歌山県和歌山市美園町５丁目７－４テンビル２Ｆ", "url": "https://www.iryou.teikyouseido.mhlw.go.jp/znk-web/juminkanja/S2430/initialize?prefCd=30&kikanCd=2129700000&kikanKbn=2", "url2": null }, "geometry": { "type": "Point", "coordinates": [ 135.190487, 34.231246 ] } },
{ "type": "Feature", "properties": { "内容": "さとう内科【2:診療所】【診療科目:内科_糖尿病内科_代謝内科_内分泌内科_脂質代謝内科_循環器内科_外科_消化器外科】和歌山県和歌山市太田６６７－６", "url": "https://www.iryou.teikyouseido.mhlw.go.jp/znk-web/juminkanja/S2430/initialize?prefCd=30&kikanCd=2130000000&kikanKbn=2", "url2": "https://satonaika.or.jp/sato-naika/" }, "geometry": { "type": "Point", "coordinates": [ 135.205069, 34.236358 ] } },
{ "type": "Feature", "properties": { "内容": "医療法人　笹屋内科外科【2:診療所】【診療科目:内科_外科】和歌山県新宮市緑ケ丘３丁目１番１号", "url": "https://www.iryou.teikyouseido.mhlw.go.jp/znk-web/juminkanja/S2430/initialize?prefCd=30&kikanCd=2130200000&kikanKbn=2", "url2": null }, "geometry": { "type": "Point", "coordinates": [ 135.991416, 33.718454 ] } },
{ "type": "Feature", "properties": { "内容": "上中クリニック【2:診療所】【診療科目:内科_消化器内科_外科_消化器外科_肛門外科】和歌山県和歌山市岩橋１５８３－１", "url": "https://www.iryou.teikyouseido.mhlw.go.jp/znk-web/juminkanja/S2430/initialize?prefCd=30&kikanCd=2130600000&kikanKbn=2", "url2": "https://www.uenaka-clinic.com/" }, "geometry": { "type": "Point", "coordinates": [ 135.223874, 34.231942 ] } },
{ "type": "Feature", "properties": { "内容": "みうら循環器内科【2:診療所】【診療科目:内科_循環器内科】和歌山県和歌山市北島４５３コンプラベルデ２　１Ｆ　Ａ－１号室", "url": "https://www.iryou.teikyouseido.mhlw.go.jp/znk-web/juminkanja/S2430/initialize?prefCd=30&kikanCd=2130700000&kikanKbn=2", "url2": null }, "geometry": { "type": "Point", "coordinates": [ 135.155907, 34.238384 ] } },
{ "type": "Feature", "properties": { "内容": "たなか眼科【2:診療所】【診療科目:眼科】和歌山県海南市日方１２９０－６６", "url": "https://www.iryou.teikyouseido.mhlw.go.jp/znk-web/juminkanja/S2430/initialize?prefCd=30&kikanCd=2131200000&kikanKbn=2", "url2": "https://tanaka-eye-clinic.my.canva.site" }, "geometry": { "type": "Point", "coordinates": [ 135.208822, 34.154533 ] } },
{ "type": "Feature", "properties": { "内容": "和歌山県立医科大学　サテライト診療所　本町【2:診療所】【診療科目:内科_糖尿病・代謝内科_循環器内科_神経内科_漢方内科_老年内科_リハビリテーション科】和歌山県和歌山市本町二丁目１番地　フォルテワジマビル５Ｆ", "url": "https://www.iryou.teikyouseido.mhlw.go.jp/znk-web/juminkanja/S2430/initialize?prefCd=30&kikanCd=2131300000&kikanKbn=2", "url2": "http://www.wakayama-med.ac.jp/med/miraic/sinryou/" }, "geometry": { "type": "Point", "coordinates": [ 135.174072, 34.234218 ] } },
{ "type": "Feature", "properties": { "内容": "西川内科診療所【2:診療所】【診療科目:内科_消化器内科_放射線科】和歌山県和歌山市匠町２９小山ビル１階", "url": "https://www.iryou.teikyouseido.mhlw.go.jp/znk-web/juminkanja/S2430/initialize?prefCd=30&kikanCd=2131400000&kikanKbn=2", "url2": null }, "geometry": { "type": "Point", "coordinates": [ 135.175211, 34.233968 ] } },
{ "type": "Feature", "properties": { "内容": "いぬい内科　呼吸器内科クリニック【2:診療所】【診療科目:内科_呼吸器内科】和歌山県海南市名高５３９－１８　岩崎ビル１階", "url": "https://www.iryou.teikyouseido.mhlw.go.jp/znk-web/juminkanja/S2430/initialize?prefCd=30&kikanCd=2131500000&kikanKbn=2", "url2": null }, "geometry": { "type": "Point", "coordinates": [ 135.211989, 34.155228 ] } },
{ "type": "Feature", "properties": { "内容": "ふくはらこどもクリニック【2:診療所】【診療科目:小児科_アレルギー科】和歌山県田辺市朝日ヶ丘１３－２４", "url": "https://www.iryou.teikyouseido.mhlw.go.jp/znk-web/juminkanja/S2430/initialize?prefCd=30&kikanCd=2132000000&kikanKbn=2", "url2": "http://www.fukuhara-kodomo.com/" }, "geometry": { "type": "Point", "coordinates": [ 135.392687, 33.733915 ] } },
{ "type": "Feature", "properties": { "内容": "ましょうクリニック【2:診療所】【診療科目:循環器内科_腎臓内科_人工透析内科】和歌山県新宮市佐野１０８５－１４", "url": "https://www.iryou.teikyouseido.mhlw.go.jp/znk-web/juminkanja/S2430/initialize?prefCd=30&kikanCd=2132100000&kikanKbn=2", "url2": null }, "geometry": { "type": "Point", "coordinates": [ 135.963476, 33.685041 ] } },
{ "type": "Feature", "properties": { "内容": "くらはしクリニック【2:診療所】【診療科目:内科_消化器内科_胃腸内科】和歌山県海南市黒江５４３", "url": "https://www.iryou.teikyouseido.mhlw.go.jp/znk-web/juminkanja/S2430/initialize?prefCd=30&kikanCd=2132200000&kikanKbn=2", "url2": "http://www.kurahashi-clinic.com" }, "geometry": { "type": "Point", "coordinates": [ 135.206461, 34.162616 ] } },
{ "type": "Feature", "properties": { "内容": "恵みクリニック【2:診療所】【診療科目:内科_呼吸器内科_外科_乳腺外科】和歌山県和歌山市坂田６４１－２", "url": "https://www.iryou.teikyouseido.mhlw.go.jp/znk-web/juminkanja/S2430/initialize?prefCd=30&kikanCd=2132400000&kikanKbn=2", "url2": "https://megumi-clinic.net" }, "geometry": { "type": "Point", "coordinates": [ 135.200877, 34.201944 ] } },
{ "type": "Feature", "properties": { "内容": "一般社団法人　たかみクリニック【2:診療所】【診療科目:内科_泌尿器科】和歌山県和歌山市布引８６５－６　アヴェベニュー名草１Ｆ", "url": "https://www.iryou.teikyouseido.mhlw.go.jp/znk-web/juminkanja/S2430/initialize?prefCd=30&kikanCd=2132500000&kikanKbn=2", "url2": "https://takami-clinic.amebaownd.com/" }, "geometry": { "type": "Point", "coordinates": [ 135.188684, 34.169642 ] } },
{ "type": "Feature", "properties": { "内容": "岡内科・胃腸科クリニック【2:診療所】【診療科目:糖尿病内科_代謝内科_呼吸器内科_循環器内科_消化器内科】和歌山県和歌山市木枕４１－１", "url": "https://www.iryou.teikyouseido.mhlw.go.jp/znk-web/juminkanja/S2430/initialize?prefCd=30&kikanCd=2132600000&kikanKbn=2", "url2": null }, "geometry": { "type": "Point", "coordinates": [ 135.258455, 34.205862 ] } },
{ "type": "Feature", "properties": { "内容": "たいようファミリークリニック【2:診療所】【診療科目:小児科_アレルギー科】和歌山県和歌山市新中島１２５－１", "url": "https://www.iryou.teikyouseido.mhlw.go.jp/znk-web/juminkanja/S2430/initialize?prefCd=30&kikanCd=2132900000&kikanKbn=2", "url2": "http://www.taiyo-kodomo.com" }, "geometry": { "type": "Point", "coordinates": [ 135.19643, 34.21464 ] } },
{ "type": "Feature", "properties": { "内容": "みなかたクリニック【2:診療所】【診療科目:内科_呼吸器内科_循環器内科_消化器内科_小児科_アレルギー科】和歌山県和歌山市和歌川町１０－３９", "url": "https://www.iryou.teikyouseido.mhlw.go.jp/znk-web/juminkanja/S2430/initialize?prefCd=30&kikanCd=2133100000&kikanKbn=2", "url2": "http://www.minakataclinic.com/" }, "geometry": { "type": "Point", "coordinates": [ 135.177046, 34.192945 ] } },
{ "type": "Feature", "properties": { "内容": "ナガタクリニック【2:診療所】【診療科目:内科_神経内科】和歌山県和歌山市岡織屋小路２番地", "url": "https://www.iryou.teikyouseido.mhlw.go.jp/znk-web/juminkanja/S2430/initialize?prefCd=30&kikanCd=2133200000&kikanKbn=2", "url2": "https://www.nagata-clinic-1.com" }, "geometry": { "type": "Point", "coordinates": [ 135.183321, 34.233774 ] } },
{ "type": "Feature", "properties": { "内容": "医療法人　医聖会　さくら眼科【2:診療所】【診療科目:眼科】和歌山県和歌山市美園町五丁目１２番地１　水了軒ビル２階", "url": "https://www.iryou.teikyouseido.mhlw.go.jp/znk-web/juminkanja/S2430/initialize?prefCd=30&kikanCd=2133300000&kikanKbn=2", "url2": "https://www.wakayama-eye.com/" }, "geometry": { "type": "Point", "coordinates": [ 135.19082, 34.23133 ] } },
{ "type": "Feature", "properties": { "内容": "いずみウィメンズクリニック【2:診療所】【診療科目:産科_婦人科】和歌山県新宮市清水元１丁目６－３３", "url": "https://www.iryou.teikyouseido.mhlw.go.jp/znk-web/juminkanja/S2430/initialize?prefCd=30&kikanCd=2133500000&kikanKbn=2", "url2": "http://www.izumi-w-clinic.jp/" }, "geometry": { "type": "Point", "coordinates": [ 135.997944, 33.717371 ] } },
{ "type": "Feature", "properties": { "内容": "むらがき心療内科皮フ科クリニック【2:診療所】【診療科目:内科_皮膚科_精神科_心療内科】和歌山県御坊市島６４６－１", "url": "https://www.iryou.teikyouseido.mhlw.go.jp/znk-web/juminkanja/S2430/initialize?prefCd=30&kikanCd=2133800000&kikanKbn=2", "url2": "http://muragaki.medical-hp.net/" }, "geometry": { "type": "Point", "coordinates": [ 135.162061, 33.894894 ] } },
{ "type": "Feature", "properties": { "内容": "いちご耳鼻咽喉科藤原クリニック【2:診療所】【診療科目:耳鼻いんこう科】和歌山県岩出市吉田３１９－１０", "url": "https://www.iryou.teikyouseido.mhlw.go.jp/znk-web/juminkanja/S2430/initialize?prefCd=30&kikanCd=2133900000&kikanKbn=2", "url2": "http://3387ichigo.com" }, "geometry": { "type": "Point", "coordinates": [ 135.281784, 34.264994 ] } },
{ "type": "Feature", "properties": { "内容": "中北クリニック【2:診療所】【診療科目:内科_脳神経外科】和歌山県西牟婁郡上富田町朝来９５－１", "url": "https://www.iryou.teikyouseido.mhlw.go.jp/znk-web/juminkanja/S2430/initialize?prefCd=30&kikanCd=2134400000&kikanKbn=2", "url2": "https://nakakita-clinic.jp" }, "geometry": { "type": "Point", "coordinates": [ 135.429436, 33.701585 ] } },
{ "type": "Feature", "properties": { "内容": "うえおく皮ふ科【2:診療所】【診療科目:形成外科_皮膚科】和歌山県紀の川市貴志川町長原４３５－１", "url": "https://www.iryou.teikyouseido.mhlw.go.jp/znk-web/juminkanja/S2430/initialize?prefCd=30&kikanCd=2134500000&kikanKbn=2", "url2": "http://www.dc-ueoku.jp" }, "geometry": { "type": "Point", "coordinates": [ 135.305118, 34.215612 ] } },
{ "type": "Feature", "properties": { "内容": "廣井皮膚科【2:診療所】【診療科目:皮膚科】和歌山県和歌山市吹屋町４丁目３４番地", "url": "https://www.iryou.teikyouseido.mhlw.go.jp/znk-web/juminkanja/S2430/initialize?prefCd=30&kikanCd=2134800000&kikanKbn=2", "url2": "https://hiroihifuka.jp/" }, "geometry": { "type": "Point", "coordinates": [ 135.189877, 34.224581 ] } },
{ "type": "Feature", "properties": { "内容": "ましまメンタルクリニック【2:診療所】【診療科目:精神科_心療内科】和歌山県岩出市川尻２６－２", "url": "https://www.iryou.teikyouseido.mhlw.go.jp/znk-web/juminkanja/S2430/initialize?prefCd=30&kikanCd=2135200000&kikanKbn=2", "url2": null }, "geometry": { "type": "Point", "coordinates": [ 135.31042, 34.26855 ] } },
{ "type": "Feature", "properties": { "内容": "上出皮フ科クリニック【2:診療所】【診療科目:皮膚科】和歌山県和歌山市西高松１丁目５－５０", "url": "https://www.iryou.teikyouseido.mhlw.go.jp/znk-web/juminkanja/S2430/initialize?prefCd=30&kikanCd=2135300000&kikanKbn=2", "url2": "http://www.uede-hifuka-clinic.com/" }, "geometry": { "type": "Point", "coordinates": [ 135.171323, 34.20911 ] } },
{ "type": "Feature", "properties": { "内容": "すずきこどもクリニック【2:診療所】【診療科目:小児科_アレルギー科】和歌山県新宮市下田２丁目３－２", "url": "https://www.iryou.teikyouseido.mhlw.go.jp/znk-web/juminkanja/S2430/initialize?prefCd=30&kikanCd=2135400000&kikanKbn=2", "url2": "http://www.suzukikodomo.jp" }, "geometry": { "type": "Point", "coordinates": [ 135.993111, 33.718232 ] } },
{ "type": "Feature", "properties": { "内容": "藤内メンタルクリニック【2:診療所】【診療科目:精神科_心療内科】和歌山県有田郡有田川町小島３１３－２", "url": "https://www.iryou.teikyouseido.mhlw.go.jp/znk-web/juminkanja/S2430/initialize?prefCd=30&kikanCd=2136200000&kikanKbn=2", "url2": "http://www.eonet.ne.jp/~shin-clinic.htm" }, "geometry": { "type": "Point", "coordinates": [ 135.194273, 34.06557 ] } },
{ "type": "Feature", "properties": { "内容": "しめざき眼科クリニック【2:診療所】【診療科目:眼科】和歌山県御坊市湯川町小松原５３１－２", "url": "https://www.iryou.teikyouseido.mhlw.go.jp/znk-web/juminkanja/S2430/initialize?prefCd=30&kikanCd=2136600000&kikanKbn=2", "url2": null }, "geometry": { "type": "Point", "coordinates": [ 135.153561, 33.905503 ] } },
{ "type": "Feature", "properties": { "内容": "九鬼耳鼻咽喉科【2:診療所】【診療科目:耳鼻いんこう科】和歌山県和歌山市津秦３番地の２６", "url": "https://www.iryou.teikyouseido.mhlw.go.jp/znk-web/juminkanja/S2430/initialize?prefCd=30&kikanCd=2137700000&kikanKbn=2", "url2": "https://www.kuki-jibiinkouka.com/" }, "geometry": { "type": "Point", "coordinates": [ 135.207597, 34.222942 ] } },
{ "type": "Feature", "properties": { "内容": "とめきクリニック【2:診療所】【診療科目:内科_消化器内科】和歌山県日高郡日高川町小熊２４７５－１", "url": "https://www.iryou.teikyouseido.mhlw.go.jp/znk-web/juminkanja/S2430/initialize?prefCd=30&kikanCd=2138000000&kikanKbn=2", "url2": "http://tomekikurinikku.com" }, "geometry": { "type": "Point", "coordinates": [ 135.188419, 33.912364 ] } },
{ "type": "Feature", "properties": { "内容": "御坊なかむらクリニック【2:診療所】【診療科目:内科_外科_皮膚科_心療内科】和歌山県御坊市湯川町財部７１５", "url": "https://www.iryou.teikyouseido.mhlw.go.jp/znk-web/juminkanja/S2430/initialize?prefCd=30&kikanCd=2138500000&kikanKbn=2", "url2": null }, "geometry": { "type": "Point", "coordinates": [ 135.152593, 33.896275 ] } },
{ "type": "Feature", "properties": { "内容": "古座川町小川へき地診療所【2:診療所】【診療科目:内科】和歌山県東牟婁郡古座川町小川７７４－１", "url": "https://www.iryou.teikyouseido.mhlw.go.jp/znk-web/juminkanja/S2430/initialize?prefCd=30&kikanCd=2138600000&kikanKbn=2", "url2": null }, "geometry": { "type": "Point", "coordinates": [ 135.765723, 33.601906 ] } },
{ "type": "Feature", "properties": { "内容": "小幡医院【2:診療所】【診療科目:形成外科_美容皮膚科】和歌山県田辺市湊４６－１７", "url": "https://www.iryou.teikyouseido.mhlw.go.jp/znk-web/juminkanja/S2430/initialize?prefCd=30&kikanCd=2138700000&kikanKbn=2", "url2": "https://www.obata-c.net/" }, "geometry": { "type": "Point", "coordinates": [ 135.385466, 33.731665 ] } },
{ "type": "Feature", "properties": { "内容": "鈴木眼科【2:診療所】【診療科目:眼科】和歌山県和歌山市美園町３丁目３４番地けやきＯＮＥ２０３", "url": "https://www.iryou.teikyouseido.mhlw.go.jp/znk-web/juminkanja/S2430/initialize?prefCd=30&kikanCd=2138900000&kikanKbn=2", "url2": "http://www.suzukiganka.info" }, "geometry": { "type": "Point", "coordinates": [ 135.18696, 34.231524 ] } },
{ "type": "Feature", "properties": { "内容": "のだ小児科【2:診療所】【診療科目:小児科】和歌山県紀の川市北大井１９８－７", "url": "https://www.iryou.teikyouseido.mhlw.go.jp/znk-web/juminkanja/S2430/initialize?prefCd=30&kikanCd=2139000000&kikanKbn=2", "url2": "http://noda-ped.atat.jp" }, "geometry": { "type": "Point", "coordinates": [ 135.368193, 34.273495 ] } },
{ "type": "Feature", "properties": { "内容": "おだ眼科クリニック【2:診療所】【診療科目:眼科】和歌山県和歌山市松江北７丁目１０－３４", "url": "https://www.iryou.teikyouseido.mhlw.go.jp/znk-web/juminkanja/S2430/initialize?prefCd=30&kikanCd=2139300000&kikanKbn=2", "url2": "https://www.oda-eye-clinic.com/" }, "geometry": { "type": "Point", "coordinates": [ 135.124909, 34.252771 ] } },
{ "type": "Feature", "properties": { "内容": "岡田内科消化器クリニック【2:診療所】【診療科目:内科_消化器内科】和歌山県和歌山市秋葉町２番１９号", "url": "https://www.iryou.teikyouseido.mhlw.go.jp/znk-web/juminkanja/S2430/initialize?prefCd=30&kikanCd=2139400000&kikanKbn=2", "url2": "http://www.okada-clinic.jp" }, "geometry": { "type": "Point", "coordinates": [ 135.169602, 34.200194 ] } },
{ "type": "Feature", "properties": { "内容": "ふじた眼科【2:診療所】【診療科目:眼科】和歌山県海南市沖野々２５９番地", "url": "https://www.iryou.teikyouseido.mhlw.go.jp/znk-web/juminkanja/S2430/initialize?prefCd=30&kikanCd=2139900000&kikanKbn=2", "url2": null }, "geometry": { "type": "Point", "coordinates": [ 135.275206, 34.162036 ] } },
{ "type": "Feature", "properties": { "内容": "本多内科【2:診療所】【診療科目:内科_小児科】和歌山県日高郡みなべ町芝５０３", "url": "https://www.iryou.teikyouseido.mhlw.go.jp/znk-web/juminkanja/S2430/initialize?prefCd=30&kikanCd=2140000000&kikanKbn=2", "url2": "http://www.hondanaika.net/" }, "geometry": { "type": "Point", "coordinates": [ 135.323415, 33.76479 ] } },
{ "type": "Feature", "properties": { "内容": "なおや内科クリニック【2:診療所】【診療科目:内科_糖尿病・代謝内科】和歌山県和歌山市美園町３丁目３４番地けやきＯＮＥ２０１", "url": "https://www.iryou.teikyouseido.mhlw.go.jp/znk-web/juminkanja/S2430/initialize?prefCd=30&kikanCd=2140400000&kikanKbn=2", "url2": "https://www.naoya_naika.jp" }, "geometry": { "type": "Point", "coordinates": [ 135.186932, 34.231524 ] } },
{ "type": "Feature", "properties": { "内容": "湊．小川クリニック【2:診療所】【診療科目:精神科】和歌山県田辺市湊２４－３７　榎本ビル１Ｆ", "url": "https://www.iryou.teikyouseido.mhlw.go.jp/znk-web/juminkanja/S2430/initialize?prefCd=30&kikanCd=2140900000&kikanKbn=2", "url2": null }, "geometry": { "type": "Point", "coordinates": [ 135.382216, 33.731498 ] } },
{ "type": "Feature", "properties": { "内容": "医療法人かなやクリニック【2:診療所】【診療科目:内科_消化器内科_外科_肛門外科】和歌山県有田郡有田川町金屋９０番１", "url": "https://www.iryou.teikyouseido.mhlw.go.jp/znk-web/juminkanja/S2430/initialize?prefCd=30&kikanCd=2141400000&kikanKbn=2", "url2": "https://www.kanayacl.com/" }, "geometry": { "type": "Point", "coordinates": [ 135.25599, 34.059266 ] } },
{ "type": "Feature", "properties": { "内容": "いまえクリニック【2:診療所】【診療科目:内科_外科_脳神経外科_リハビリテーション科_放射線科】和歌山県和歌山市加納２０１－８", "url": "https://www.iryou.teikyouseido.mhlw.go.jp/znk-web/juminkanja/S2430/initialize?prefCd=30&kikanCd=2141500000&kikanKbn=2", "url2": "http://www.imae-clinic.com/" }, "geometry": { "type": "Point", "coordinates": [ 135.205846, 34.245995 ] } },
{ "type": "Feature", "properties": { "内容": "真砂小児科【2:診療所】【診療科目:小児科】和歌山県新宮市丹鶴二丁目４番１３号", "url": "https://www.iryou.teikyouseido.mhlw.go.jp/znk-web/juminkanja/S2430/initialize?prefCd=30&kikanCd=2141600000&kikanKbn=2", "url2": null }, "geometry": { "type": "Point", "coordinates": [ 135.991311, 33.728958 ] } },
{ "type": "Feature", "properties": { "内容": "医療法人光愛心　　まつやま整形外科クリニック【2:診療所】【診療科目:整形外科_リウマチ科_リハビリテーション科】和歌山県和歌山市里８６－１", "url": "https://www.iryou.teikyouseido.mhlw.go.jp/znk-web/juminkanja/S2430/initialize?prefCd=30&kikanCd=2142100000&kikanKbn=2", "url2": "http://www.matsuyama-orthop.com/" }, "geometry": { "type": "Point", "coordinates": [ 135.263869, 34.263772 ] } },
{ "type": "Feature", "properties": { "内容": "和クリニック【2:診療所】【診療科目:内科】和歌山県和歌山市吹屋町４丁目１２－２", "url": "https://www.iryou.teikyouseido.mhlw.go.jp/znk-web/juminkanja/S2430/initialize?prefCd=30&kikanCd=2142300000&kikanKbn=2", "url2": "http://www.kazuclinic.jp" }, "geometry": { "type": "Point", "coordinates": [ 135.189486, 34.225945 ] } },
{ "type": "Feature", "properties": { "内容": "いわはし小児科【2:診療所】【診療科目:小児科】和歌山県和歌山市岩橋１０４８－２", "url": "https://www.iryou.teikyouseido.mhlw.go.jp/znk-web/juminkanja/S2430/initialize?prefCd=30&kikanCd=2143000000&kikanKbn=2", "url2": "http://iwahashishouni.web.fc2.com/" }, "geometry": { "type": "Point", "coordinates": [ 135.228178, 34.234802 ] } },
{ "type": "Feature", "properties": { "内容": "ほしの整形外科【2:診療所】【診療科目:整形外科_リウマチ科_リハビリテーション科】和歌山県和歌山市善明寺３０２番地１", "url": "https://www.iryou.teikyouseido.mhlw.go.jp/znk-web/juminkanja/S2430/initialize?prefCd=30&kikanCd=2143600000&kikanKbn=2", "url2": null }, "geometry": { "type": "Point", "coordinates": [ 135.186736, 34.261688 ] } },
{ "type": "Feature", "properties": { "内容": "まろクリニック【2:診療所】【診療科目:腎臓内科_人工透析内科_脳神経外科】和歌山県田辺市下万呂３９３－５", "url": "https://www.iryou.teikyouseido.mhlw.go.jp/znk-web/juminkanja/S2430/initialize?prefCd=30&kikanCd=2143800000&kikanKbn=2", "url2": "http://maroclinic.sakura.ne.jp" }, "geometry": { "type": "Point", "coordinates": [ 135.395632, 33.737358 ] } },
{ "type": "Feature", "properties": { "内容": "しもがいとメンタルクリニック【2:診療所】【診療科目:精神科_心療内科】和歌山県和歌山市黒田１丁目２－４寺本興産ビル３階", "url": "https://www.iryou.teikyouseido.mhlw.go.jp/znk-web/juminkanja/S2430/initialize?prefCd=30&kikanCd=2144100000&kikanKbn=2", "url2": "http://www.shimogaito-clinic.com" }, "geometry": { "type": "Point", "coordinates": [ 135.193098, 34.232969 ] } },
{ "type": "Feature", "properties": { "内容": "高野町立高野山総合診療所【2:診療所】【診療科目:内科_外科_小児科_眼科】和歌山県伊都郡高野町高野山６３１番地", "url": "https://www.iryou.teikyouseido.mhlw.go.jp/znk-web/juminkanja/S2430/initialize?prefCd=30&kikanCd=2144500000&kikanKbn=2", "url2": "http://www.town.koya.wakayama.jp/health/hospital/2151.html" }, "geometry": { "type": "Point", "coordinates": [ 135.586677, 34.216311 ] } },
{ "type": "Feature", "properties": { "内容": "けやきメンタルクリニック【2:診療所】【診療科目:精神科_心療内科】和歌山県和歌山市美園町３丁目３４番けやきＯＮＥ２階２０２", "url": "https://www.iryou.teikyouseido.mhlw.go.jp/znk-web/juminkanja/S2430/initialize?prefCd=30&kikanCd=2145000000&kikanKbn=2", "url2": "http://www.keyakimental.com" }, "geometry": { "type": "Point", "coordinates": [ 135.186905, 34.231524 ] } },
{ "type": "Feature", "properties": { "内容": "医療法人　優真会　やなせ整形外科【2:診療所】【診療科目:整形外科_リハビリテーション科】和歌山県和歌山市次郎丸１６７－２", "url": "https://www.iryou.teikyouseido.mhlw.go.jp/znk-web/juminkanja/S2430/initialize?prefCd=30&kikanCd=2145100000&kikanKbn=2", "url2": "http://yanase-orc.com/" }, "geometry": { "type": "Point", "coordinates": [ 135.150073, 34.255549 ] } },
{ "type": "Feature", "properties": { "内容": "赤ちゃんとこどものクリニックＢｅ【2:診療所】【診療科目:小児科】和歌山県田辺市たきない町３２－６", "url": "https://www.iryou.teikyouseido.mhlw.go.jp/znk-web/juminkanja/S2430/initialize?prefCd=30&kikanCd=2145300000&kikanKbn=2", "url2": "http://www.akakodo-be.jp/" }, "geometry": { "type": "Point", "coordinates": [ 135.3988, 33.703223 ] } },
{ "type": "Feature", "properties": { "内容": "ありいクリニック【2:診療所】【診療科目:内科_消化器内科】和歌山県和歌山市榎原８４－１", "url": "https://www.iryou.teikyouseido.mhlw.go.jp/znk-web/juminkanja/S2430/initialize?prefCd=30&kikanCd=2146200000&kikanKbn=2", "url2": null }, "geometry": { "type": "Point", "coordinates": [ 135.135463, 34.254799 ] } },
{ "type": "Feature", "properties": { "内容": "こんにちはクリニック【2:診療所】【診療科目:内科】和歌山県紀の川市桃山町元７８５番地１", "url": "https://www.iryou.teikyouseido.mhlw.go.jp/znk-web/juminkanja/S2430/initialize?prefCd=30&kikanCd=2146500000&kikanKbn=2", "url2": null }, "geometry": { "type": "Point", "coordinates": [ 135.35489, 34.237526 ] } },
{ "type": "Feature", "properties": { "内容": "田村耳鼻咽喉科【2:診療所】【診療科目:耳鼻いんこう科_アレルギー科】和歌山県和歌山市ふじと台６　ＥＳＴＡＣＩＯＮふじと台駅前ビル東棟４階Ｅ４０６号室", "url": "https://www.iryou.teikyouseido.mhlw.go.jp/znk-web/juminkanja/S2430/initialize?prefCd=30&kikanCd=2146700000&kikanKbn=2", "url2": "http://tamurajibika.com/" }, "geometry": { "type": "Point", "coordinates": [ 135.147461, 34.276463 ] } },
{ "type": "Feature", "properties": { "内容": "Ｔ－ｃｕｂｅ　メディカルクリニック【2:診療所】【診療科目:内科_糖尿病内科_内分泌内科_呼吸器内科_循環器内科_消化器内科_腎臓内科_神経内科_小児科_皮膚科_心療内科_アレルギー科_リハビリテーション科_放射線科】和歌山県御坊市湯川町財部６４６－１１", "url": "https://www.iryou.teikyouseido.mhlw.go.jp/znk-web/juminkanja/S2430/initialize?prefCd=30&kikanCd=2146900000&kikanKbn=2", "url2": null }, "geometry": { "type": "Point", "coordinates": [ 135.151201, 33.89808 ] } },
{ "type": "Feature", "properties": { "内容": "しまだ内科クリニック【2:診療所】【診療科目:内科_アレルギー科_リウマチ科_放射線科】和歌山県岩出市清水４７０", "url": "https://www.iryou.teikyouseido.mhlw.go.jp/znk-web/juminkanja/S2430/initialize?prefCd=30&kikanCd=2147400000&kikanKbn=2", "url2": null }, "geometry": { "type": "Point", "coordinates": [ 135.317476, 34.258384 ] } },
{ "type": "Feature", "properties": { "内容": "ゆうゆうクリニック【2:診療所】【診療科目:内科_老年・呼吸器内科_麻酔科】和歌山県和歌山市福島２６９番８", "url": "https://www.iryou.teikyouseido.mhlw.go.jp/znk-web/juminkanja/S2430/initialize?prefCd=30&kikanCd=2147600000&kikanKbn=2", "url2": "https://epark.jp/shopinfo/hpl17040/" }, "geometry": { "type": "Point", "coordinates": [ 135.168099, 34.250606 ] } },
{ "type": "Feature", "properties": { "内容": "どばしクリニック　胃腸内科・呼吸器内科・外科【2:診療所】【診療科目:呼吸器内科_消化器内科_外科_麻酔科】和歌山県紀の川市北勢田２２８番１", "url": "https://www.iryou.teikyouseido.mhlw.go.jp/znk-web/juminkanja/S2430/initialize?prefCd=30&kikanCd=2147700000&kikanKbn=2", "url2": null }, "geometry": { "type": "Point", "coordinates": [ 135.368942, 34.279717 ] } },
{ "type": "Feature", "properties": { "内容": "医療法人　うえだ内科外科クリニック【2:診療所】【診療科目:内科_消化器内科_外科_整形外科】和歌山県田辺市新万２８－２７", "url": "https://www.iryou.teikyouseido.mhlw.go.jp/znk-web/juminkanja/S2430/initialize?prefCd=30&kikanCd=2147900000&kikanKbn=2", "url2": "http://www.ddmap.jp/0739232700" }, "geometry": { "type": "Point", "coordinates": [ 135.397854, 33.733637 ] } },
{ "type": "Feature", "properties": { "内容": "医療法人　松本診療所【2:診療所】【診療科目:内科_精神科】和歌山県和歌山市田中町二丁目８０番", "url": "https://www.iryou.teikyouseido.mhlw.go.jp/znk-web/juminkanja/S2430/initialize?prefCd=30&kikanCd=2148800000&kikanKbn=2", "url2": null }, "geometry": { "type": "Point", "coordinates": [ 135.186544, 34.227663 ] } },
{ "type": "Feature", "properties": { "内容": "耳鼻咽喉科　はやしクリニック【2:診療所】【診療科目:耳鼻いんこう科_アレルギー科】和歌山県和歌山市岩橋９９２番地１", "url": "https://www.iryou.teikyouseido.mhlw.go.jp/znk-web/juminkanja/S2430/initialize?prefCd=30&kikanCd=2149400000&kikanKbn=2", "url2": "http://www.hayashi-ent.com/" }, "geometry": { "type": "Point", "coordinates": [ 135.230012, 34.237969 ] } },
{ "type": "Feature", "properties": { "内容": "伊都地方休日急患診療所【2:診療所】【診療科目:内科_外科_小児科】和歌山県橋本市東家１－３－１", "url": "https://www.iryou.teikyouseido.mhlw.go.jp/znk-web/juminkanja/S2430/initialize?prefCd=30&kikanCd=2149700000&kikanKbn=2", "url2": "http://www.hashimoto-kouiki.jp" }, "geometry": { "type": "Point", "coordinates": [ 135.603727, 34.315772 ] } },
{ "type": "Feature", "properties": { "内容": "さかい耳鼻咽喉科クリニック【2:診療所】【診療科目:小児耳鼻いんこう科_耳鼻いんこう科_アレルギー科_リハビリテーション科】和歌山県紀の川市貴志川町井ノ口１５７６－１", "url": "https://www.iryou.teikyouseido.mhlw.go.jp/znk-web/juminkanja/S2430/initialize?prefCd=30&kikanCd=2149800000&kikanKbn=2", "url2": "http://www.sakai-ent.com" }, "geometry": { "type": "Point", "coordinates": [ 135.319589, 34.200586 ] } },
{ "type": "Feature", "properties": { "内容": "眼科黒田クリニック【2:診療所】【診療科目:眼科】和歌山県和歌山市本町２丁目１番地フォルテワジマ２Ｆ", "url": "https://www.iryou.teikyouseido.mhlw.go.jp/znk-web/juminkanja/S2430/initialize?prefCd=30&kikanCd=2149900000&kikanKbn=2", "url2": null }, "geometry": { "type": "Point", "coordinates": [ 135.174072, 34.234162 ] } },
{ "type": "Feature", "properties": { "内容": "石本胃腸肛門クリニック【2:診療所】【診療科目:内科_呼吸器内科_消化器内科_外科_消化器外科_肛門外科_リハビリテーション科_放射線科】和歌山県和歌山市田中町３丁目１番地", "url": "https://www.iryou.teikyouseido.mhlw.go.jp/znk-web/juminkanja/S2430/initialize?prefCd=30&kikanCd=2150500000&kikanKbn=2", "url2": "http://www.ishimoto-hp.com/" }, "geometry": { "type": "Point", "coordinates": [ 135.187821, 34.228802 ] } },
{ "type": "Feature", "properties": { "内容": "木秀クリニック【2:診療所】【診療科目:内科_神経内科_脳神経外科_整形外科】和歌山県伊都郡かつらぎ町丁ノ町２５３０番地１１", "url": "https://www.iryou.teikyouseido.mhlw.go.jp/znk-web/juminkanja/S2430/initialize?prefCd=30&kikanCd=2150600000&kikanKbn=2", "url2": "http://www.kishuu-cl.jp/" }, "geometry": { "type": "Point", "coordinates": [ 135.517151, 34.295745 ] } },
{ "type": "Feature", "properties": { "内容": "月山ベビィクリニック【2:診療所】【診療科目:小児科】和歌山県和歌山市秋月４８３番地", "url": "https://www.iryou.teikyouseido.mhlw.go.jp/znk-web/juminkanja/S2430/initialize?prefCd=30&kikanCd=2150700000&kikanKbn=2", "url2": "https:www.mikazukikai.org" }, "geometry": { "type": "Point", "coordinates": [ 135.207403, 34.224636 ] } },
{ "type": "Feature", "properties": { "内容": "せせらぎクリニック【2:診療所】【診療科目:内科_心臓血管内科_外科_小児科_皮膚科】和歌山県和歌山市古屋１５３番地７", "url": "https://www.iryou.teikyouseido.mhlw.go.jp/znk-web/juminkanja/S2430/initialize?prefCd=30&kikanCd=2150800000&kikanKbn=2", "url2": "http://seseragi-clinic.com" }, "geometry": { "type": "Point", "coordinates": [ 135.121575, 34.254048 ] } },
{ "type": "Feature", "properties": { "内容": "森女性クリニック【2:診療所】【診療科目:産婦人科_婦人科】和歌山県和歌山市太田一丁目１０－１３", "url": "https://www.iryou.teikyouseido.mhlw.go.jp/znk-web/juminkanja/S2430/initialize?prefCd=30&kikanCd=2150900000&kikanKbn=2", "url2": "http://www.mori-ladies.com" }, "geometry": { "type": "Point", "coordinates": [ 135.192689, 34.231136 ] } },
{ "type": "Feature", "properties": { "内容": "えのもと内科クリニック【2:診療所】【診療科目:内科_呼吸器内科_消化器内科_アレルギー科】和歌山県田辺市たきない町２番１号", "url": "https://www.iryou.teikyouseido.mhlw.go.jp/znk-web/juminkanja/S2430/initialize?prefCd=30&kikanCd=2151000000&kikanKbn=2", "url2": "https://www.eonet.ne.jp/~enomotonaika" }, "geometry": { "type": "Point", "coordinates": [ 135.400077, 33.704612 ] } },
{ "type": "Feature", "properties": { "内容": "上田消化器内科クリニック【2:診療所】【診療科目:内科_消化器内科】和歌山県伊都郡かつらぎ町笠田東１７１", "url": "https://www.iryou.teikyouseido.mhlw.go.jp/znk-web/juminkanja/S2430/initialize?prefCd=30&kikanCd=2151100000&kikanKbn=2", "url2": "https://www.ueda-clinic.info/" }, "geometry": { "type": "Point", "coordinates": [ 135.479267, 34.287718 ] } },
{ "type": "Feature", "properties": { "内容": "うらがみ内科クリニック【2:診療所】【診療科目:内科_糖尿病・代謝内科_呼吸器内科_循環器内科_消化器内科_リハビリテーション科】和歌山県和歌山市加納２９７－１", "url": "https://www.iryou.teikyouseido.mhlw.go.jp/znk-web/juminkanja/S2430/initialize?prefCd=30&kikanCd=2151200000&kikanKbn=2", "url2": "http://www.uragamiclinic.jp/index.html#" }, "geometry": { "type": "Point", "coordinates": [ 135.206127, 34.244716 ] } },
{ "type": "Feature", "properties": { "内容": "花山ママクリニック【2:診療所】【診療科目:産婦人科】和歌山県和歌山市秋月４８３番地", "url": "https://www.iryou.teikyouseido.mhlw.go.jp/znk-web/juminkanja/S2430/initialize?prefCd=30&kikanCd=2151300000&kikanKbn=2", "url2": "http://www.curam.co.jp/mama" }, "geometry": { "type": "Point", "coordinates": [ 135.207458, 34.224664 ] } },
{ "type": "Feature", "properties": { "内容": "あきさきクリニック【2:診療所】【診療科目:内科_老年内科】和歌山県和歌山市新中島１２５－１", "url": "https://www.iryou.teikyouseido.mhlw.go.jp/znk-web/juminkanja/S2430/initialize?prefCd=30&kikanCd=2151400000&kikanKbn=2", "url2": "http://ddmap.jp/0734754165" }, "geometry": { "type": "Point", "coordinates": [ 135.196405, 34.214693 ] } },
{ "type": "Feature", "properties": { "内容": "おかもと眼科【2:診療所】【診療科目:眼科】和歌山県和歌山市中之島３０７－１", "url": "https://www.iryou.teikyouseido.mhlw.go.jp/znk-web/juminkanja/S2430/initialize?prefCd=30&kikanCd=2151500000&kikanKbn=2", "url2": "http://www.okamoto-eye-cl.com" }, "geometry": { "type": "Point", "coordinates": [ 135.19207, 34.244218 ] } },
{ "type": "Feature", "properties": { "内容": "浜之宮メンタルクリニック【2:診療所】【診療科目:精神科_心療内科】和歌山県和歌山市内原９４８番地", "url": "https://www.iryou.teikyouseido.mhlw.go.jp/znk-web/juminkanja/S2430/initialize?prefCd=30&kikanCd=2151700000&kikanKbn=2", "url2": "http://www.hamanomiya.net/" }, "geometry": { "type": "Point", "coordinates": [ 135.190462, 34.16942 ] } },
{ "type": "Feature", "properties": { "内容": "藤田眼科【2:診療所】【診療科目:眼科】和歌山県和歌山市小雑賀７１０", "url": "https://www.iryou.teikyouseido.mhlw.go.jp/znk-web/juminkanja/S2430/initialize?prefCd=30&kikanCd=2151800000&kikanKbn=2", "url2": "http://fujita-d-e.net" }, "geometry": { "type": "Point", "coordinates": [ 135.184767, 34.199861 ] } },
{ "type": "Feature", "properties": { "内容": "おくむらクリニック【2:診療所】【診療科目:精神科】和歌山県和歌山市十二番丁９　リヴァージュビル２階", "url": "https://www.iryou.teikyouseido.mhlw.go.jp/znk-web/juminkanja/S2430/initialize?prefCd=30&kikanCd=2152100000&kikanKbn=2", "url2": "https://okumura-mental.com" }, "geometry": { "type": "Point", "coordinates": [ 135.172017, 34.232246 ] } },
{ "type": "Feature", "properties": { "内容": "岡本皮フ科【2:診療所】【診療科目:皮膚科】和歌山県和歌山市小雑賀浜脇１５８　岡本クリニックビル２Ｆ", "url": "https://www.iryou.teikyouseido.mhlw.go.jp/znk-web/juminkanja/S2430/initialize?prefCd=30&kikanCd=2152400000&kikanKbn=2", "url2": "http://okamotohifuka.com" }, "geometry": { "type": "Point", "coordinates": [ 135.183744, 34.20492 ] } },
{ "type": "Feature", "properties": { "内容": "医療法人　線崎外科胃腸科クリニック【2:診療所】【診療科目:内科_胃腸内科_外科】和歌山県西牟婁郡上富田町岩田１９０３－３", "url": "https://www.iryou.teikyouseido.mhlw.go.jp/znk-web/juminkanja/S2430/initialize?prefCd=30&kikanCd=2152500000&kikanKbn=2", "url2": "http://www.senzaki-clinic.com/" }, "geometry": { "type": "Point", "coordinates": [ 135.438685, 33.708112 ] } },
{ "type": "Feature", "properties": { "内容": "本多内科クリニック【2:診療所】【診療科目:内科_消化器内科_アレルギー科】和歌山県和歌山市東長町６－３３", "url": "https://www.iryou.teikyouseido.mhlw.go.jp/znk-web/juminkanja/S2430/initialize?prefCd=30&kikanCd=2153000000&kikanKbn=2", "url2": "https://www.honda-n-clinic.com/" }, "geometry": { "type": "Point", "coordinates": [ 135.16649, 34.223885 ] } },
{ "type": "Feature", "properties": { "内容": "山中眼科【2:診療所】【診療科目:眼科】和歌山県和歌山市杉ノ馬場１丁目４１－１", "url": "https://www.iryou.teikyouseido.mhlw.go.jp/znk-web/juminkanja/S2430/initialize?prefCd=30&kikanCd=2153400000&kikanKbn=2", "url2": "yamanaka-eye-clinic.wixsite.com" }, "geometry": { "type": "Point", "coordinates": [ 135.168683, 34.235495 ] } },
{ "type": "Feature", "properties": { "内容": "かわくぼ皮ふ科クリニック【2:診療所】【診療科目:皮膚科】和歌山県和歌山市南休賀町１１番地", "url": "https://www.iryou.teikyouseido.mhlw.go.jp/znk-web/juminkanja/S2430/initialize?prefCd=30&kikanCd=2156000000&kikanKbn=2", "url2": "http://www.kawakubo-hifuka.jp/" }, "geometry": { "type": "Point", "coordinates": [ 135.179794, 34.230441 ] } },
{ "type": "Feature", "properties": { "内容": "あおたハートクリニック【2:診療所】【診療科目:循環器内科_心臓血管外科】和歌山県和歌山市三番丁５４　三番丁タワー１階１０１号室", "url": "https://www.iryou.teikyouseido.mhlw.go.jp/znk-web/juminkanja/S2430/initialize?prefCd=30&kikanCd=2156100000&kikanKbn=2", "url2": null }, "geometry": { "type": "Point", "coordinates": [ 135.178017, 34.227108 ] } },
{ "type": "Feature", "properties": { "内容": "医療法人　しらい眼科【2:診療所】【診療科目:眼科】和歌山県和歌山市ふじと台２３番地イオンモール和歌山Ｂ１Ｆ", "url": "https://www.iryou.teikyouseido.mhlw.go.jp/znk-web/juminkanja/S2430/initialize?prefCd=30&kikanCd=2156200000&kikanKbn=2", "url2": "http://shirai-ganka.com" }, "geometry": { "type": "Point", "coordinates": [ 135.148961, 34.275769 ] } },
{ "type": "Feature", "properties": { "内容": "多屋クリニック【2:診療所】【診療科目:内科_外科_リハビリテーション科】和歌山県和歌山市秋月２４番地しんあいクリニックセンター３Ｂ", "url": "https://www.iryou.teikyouseido.mhlw.go.jp/znk-web/juminkanja/S2430/initialize?prefCd=30&kikanCd=2156400000&kikanKbn=2", "url2": "http://www.tayaclinic.com/" }, "geometry": { "type": "Point", "coordinates": [ 135.204764, 34.235191 ] } },
{ "type": "Feature", "properties": { "内容": "耳鼻咽喉科・頭頸部外科　関口クリニック【2:診療所】【診療科目:耳鼻いんこう科_頭頸部・耳鼻いんこう科】和歌山県和歌山市島橋東ノ丁１－８", "url": "https://www.iryou.teikyouseido.mhlw.go.jp/znk-web/juminkanja/S2430/initialize?prefCd=30&kikanCd=2157200000&kikanKbn=2", "url2": null }, "geometry": { "type": "Point", "coordinates": [ 135.150768, 34.242994 ] } },
{ "type": "Feature", "properties": { "内容": "堀止こころのクリニック【2:診療所】【診療科目:精神科_心療内科】和歌山県和歌山市新堀東１丁目２－４９", "url": "https://www.iryou.teikyouseido.mhlw.go.jp/znk-web/juminkanja/S2430/initialize?prefCd=30&kikanCd=2157700000&kikanKbn=2", "url2": null }, "geometry": { "type": "Point", "coordinates": [ 135.171553, 34.213708 ] } },
{ "type": "Feature", "properties": { "内容": "たけい耳鼻咽喉科【2:診療所】【診療科目:頭頸部外科_耳鼻いんこう科_アレルギー科】和歌山県和歌山市木ノ本２６１－２１", "url": "https://www.iryou.teikyouseido.mhlw.go.jp/znk-web/juminkanja/S2430/initialize?prefCd=30&kikanCd=2157800000&kikanKbn=2", "url2": "http://www.tkent.jp/" }, "geometry": { "type": "Point", "coordinates": [ 135.127352, 34.260548 ] } },
{ "type": "Feature", "properties": { "内容": "宮井クリニック【2:診療所】【診療科目:外科_泌尿器科】和歌山県有田市宮原町須谷５３３－１", "url": "https://www.iryou.teikyouseido.mhlw.go.jp/znk-web/juminkanja/S2430/initialize?prefCd=30&kikanCd=2158800000&kikanKbn=2", "url2": null }, "geometry": { "type": "Point", "coordinates": [ 135.182173, 34.07299 ] } },
{ "type": "Feature", "properties": { "内容": "三木町歯科・内科【2:診療所】【診療科目:内科_糖尿病・代謝内科_呼吸器内科_循環器内科_消化器内科_歯科_歯科口腔外科_小児歯科】和歌山県和歌山市屋形町３丁目１１－１", "url": "https://www.iryou.teikyouseido.mhlw.go.jp/znk-web/juminkanja/S2430/initialize?prefCd=30&kikanCd=2159600000&kikanKbn=2", "url2": "http://www.mikimachi-medical.jp" }, "geometry": { "type": "Point", "coordinates": [ 135.178433, 34.228052 ] } },
{ "type": "Feature", "properties": { "内容": "美園町眼科医院【2:診療所】【診療科目:眼科】和歌山県和歌山市美園町５丁目６１番地先無番地　和歌山ミオ４階", "url": "https://www.iryou.teikyouseido.mhlw.go.jp/znk-web/juminkanja/S2430/initialize?prefCd=30&kikanCd=2159700000&kikanKbn=2", "url2": null }, "geometry": { "type": "Point", "coordinates": [ 135.191181, 34.231719 ] } },
{ "type": "Feature", "properties": { "内容": "クリニック　わろうだ【2:診療所】【診療科目:精神科_心療内科】和歌山県西牟婁郡上富田町南紀の台５４番１０号", "url": "https://www.iryou.teikyouseido.mhlw.go.jp/znk-web/juminkanja/S2430/initialize?prefCd=30&kikanCd=2160400000&kikanKbn=2", "url2": null }, "geometry": { "type": "Point", "coordinates": [ 135.403827, 33.696891 ] } },
{ "type": "Feature", "properties": { "内容": "こうぐち内科クリニック【2:診療所】【診療科目:内科_糖尿病・代謝内科_呼吸器内科_消化器内科_心療内科_アレルギー科_放射線科】和歌山県岩出市湯窪５１番", "url": "https://www.iryou.teikyouseido.mhlw.go.jp/znk-web/juminkanja/S2430/initialize?prefCd=30&kikanCd=2161400000&kikanKbn=2", "url2": "http://kouguchi-cl.com" }, "geometry": { "type": "Point", "coordinates": [ 135.294359, 34.268244 ] } },
{ "type": "Feature", "properties": { "内容": "しんどうなおこクリニック【2:診療所】【診療科目:内科_糖尿病内科_消化器内科】和歌山県和歌山市秋月２７５－１", "url": "https://www.iryou.teikyouseido.mhlw.go.jp/znk-web/juminkanja/S2430/initialize?prefCd=30&kikanCd=2161900000&kikanKbn=2", "url2": "http://www.shindonaoko-clinic.jp" }, "geometry": { "type": "Point", "coordinates": [ 135.203601, 34.230257 ] } },
{ "type": "Feature", "properties": { "内容": "古座川町国民健康保険　明神診療所【2:診療所】【診療科目:内科】和歌山県東牟婁郡古座川町川口２５４番地１", "url": "https://www.iryou.teikyouseido.mhlw.go.jp/znk-web/juminkanja/S2430/initialize?prefCd=30&kikanCd=2164700000&kikanKbn=2", "url2": "http://www.town.kozagawa.wakayama.jp/kurashi/sub003.html" }, "geometry": { "type": "Point", "coordinates": [ 135.775953, 33.542424 ] } },
{ "type": "Feature", "properties": { "内容": "メンタルクリニック　ふきあげ【2:診療所】【診療科目:精神科_心療内科】和歌山県和歌山市吹上２丁目５－４０　Ｄビル１階　南館", "url": "https://www.iryou.teikyouseido.mhlw.go.jp/znk-web/juminkanja/S2430/initialize?prefCd=30&kikanCd=2165000000&kikanKbn=2", "url2": "http://mental-fukiage.com/" }, "geometry": { "type": "Point", "coordinates": [ 135.169573, 34.219831 ] } },
{ "type": "Feature", "properties": { "内容": "新谷クリニック【2:診療所】【診療科目:外科_泌尿器科】和歌山県新宮市橋本２丁目５－５４", "url": "https://www.iryou.teikyouseido.mhlw.go.jp/znk-web/juminkanja/S2430/initialize?prefCd=30&kikanCd=2165200000&kikanKbn=2", "url2": "http://shintani-cl.com/" }, "geometry": { "type": "Point", "coordinates": [ 135.987739, 33.716577 ] } },
{ "type": "Feature", "properties": { "内容": "中山内科【2:診療所】【診療科目:内科_呼吸器内科_循環器内科_消化器内科_放射線科】和歌山県和歌山市十番丁６１", "url": "https://www.iryou.teikyouseido.mhlw.go.jp/znk-web/juminkanja/S2430/initialize?prefCd=30&kikanCd=2165700000&kikanKbn=2", "url2": null }, "geometry": { "type": "Point", "coordinates": [ 135.176267, 34.230719 ] } },
{ "type": "Feature", "properties": { "内容": "伊藤クリニック【2:診療所】【診療科目:内科_糖尿病・代謝内科_呼吸器内科_循環器内科_消化器内科_外科_脳神経外科_消化器外科_肛門外科_整形外科_泌尿器科_リハビリテーション科_放射線科】和歌山県橋本市高野口町伏原１０１１", "url": "https://www.iryou.teikyouseido.mhlw.go.jp/znk-web/juminkanja/S2430/initialize?prefCd=30&kikanCd=2165800000&kikanKbn=2", "url2": "itou-clinic-hashimoto.jp" }, "geometry": { "type": "Point", "coordinates": [ 135.574091, 34.309578 ] } },
{ "type": "Feature", "properties": { "内容": "医療法人誠人会　与田病院附属　ふじと台クリニック【2:診療所】【診療科目:内科_内分泌内科_糖尿病・代謝内科_呼吸器内科_消化器内科_整形外科_小児科】和歌山県和歌山市ふじと台６番地エスタシオンふじと台駅前ビル東棟４階Ｅ４０１号室", "url": "https://www.iryou.teikyouseido.mhlw.go.jp/znk-web/juminkanja/S2430/initialize?prefCd=30&kikanCd=2166000000&kikanKbn=2", "url2": "https://fujitodai-clinic.jp" }, "geometry": { "type": "Point", "coordinates": [ 135.147461, 34.276435 ] } },
{ "type": "Feature", "properties": { "内容": "増井内科【2:診療所】【診療科目:内科_糖尿病・代謝内科_呼吸器内科_循環器内科_消化器内科_漢方内科_小児科_心療内科】和歌山県和歌山市次郎丸６９－１", "url": "https://www.iryou.teikyouseido.mhlw.go.jp/znk-web/juminkanja/S2430/initialize?prefCd=30&kikanCd=2166200000&kikanKbn=2", "url2": null }, "geometry": { "type": "Point", "coordinates": [ 135.148813, 34.255151 ] } },
{ "type": "Feature", "properties": { "内容": "橋本クリニック【2:診療所】【診療科目:内科_外科】和歌山県新宮市谷王子町２番地４", "url": "https://www.iryou.teikyouseido.mhlw.go.jp/znk-web/juminkanja/S2430/initialize?prefCd=30&kikanCd=2166900000&kikanKbn=2", "url2": null }, "geometry": { "type": "Point", "coordinates": [ 135.987888, 33.727759 ] } },
{ "type": "Feature", "properties": { "内容": "いらなみのりこメンタルケアクリニック【2:診療所】【診療科目:精神科_心療内科】和歌山県和歌山市田中町３丁目４番地", "url": "https://www.iryou.teikyouseido.mhlw.go.jp/znk-web/juminkanja/S2430/initialize?prefCd=30&kikanCd=2167400000&kikanKbn=2", "url2": "http://www.serenity-iranaminoriko.com" }, "geometry": { "type": "Point", "coordinates": [ 135.187905, 34.228941 ] } },
{ "type": "Feature", "properties": { "内容": "たなべクリニック【2:診療所】【診療科目:内科_腎臓内科_人工透析内科】和歌山県田辺市上の山１丁目１４番３８号", "url": "https://www.iryou.teikyouseido.mhlw.go.jp/znk-web/juminkanja/S2430/initialize?prefCd=30&kikanCd=2167500000&kikanKbn=2", "url2": "http://tanabe-toseki.jp/" }, "geometry": { "type": "Point", "coordinates": [ 135.365134, 33.739775 ] } },
{ "type": "Feature", "properties": { "内容": "乾耳鼻咽喉科医院【2:診療所】【診療科目:耳鼻いんこう科_アレルギー科】和歌山県田辺市上屋敷１丁目９－５", "url": "https://www.iryou.teikyouseido.mhlw.go.jp/znk-web/juminkanja/S2430/initialize?prefCd=30&kikanCd=2168200000&kikanKbn=2", "url2": "https://inuientcl.com/" }, "geometry": { "type": "Point", "coordinates": [ 135.375106, 33.732442 ] } },
{ "type": "Feature", "properties": { "内容": "在宅総合ケアセンター　赤ひげクリニック【2:診療所】【診療科目:内科_整形外科_心療内科_リハビリテーション科】和歌山県紀の川市桃山町神田３７８", "url": "https://www.iryou.teikyouseido.mhlw.go.jp/znk-web/juminkanja/S2430/initialize?prefCd=30&kikanCd=2168500000&kikanKbn=2", "url2": "http://www.mikurumakai.or.jp" }, "geometry": { "type": "Point", "coordinates": [ 135.353585, 34.228638 ] } },
{ "type": "Feature", "properties": { "内容": "しらさぎ台クリニック　山内耳鼻咽喉科【2:診療所】【診療科目:耳鼻いんこう科_アレルギー科】和歌山県橋本市しらさぎ台１２－１３", "url": "https://www.iryou.teikyouseido.mhlw.go.jp/znk-web/juminkanja/S2430/initialize?prefCd=30&kikanCd=2168700000&kikanKbn=2", "url2": "http://yamauchi-jibika.jp/" }, "geometry": { "type": "Point", "coordinates": [ 135.612058, 34.339131 ] } },
{ "type": "Feature", "properties": { "内容": "ふじたクリニック【2:診療所】【診療科目:内科_消化器内科_外科_肛門外科】和歌山県田辺市秋津町１５８－４", "url": "https://www.iryou.teikyouseido.mhlw.go.jp/znk-web/juminkanja/S2430/initialize?prefCd=30&kikanCd=2169800000&kikanKbn=2", "url2": "https://fujita-clinic.click" }, "geometry": { "type": "Point", "coordinates": [ 135.393521, 33.744358 ] } },
{ "type": "Feature", "properties": { "内容": "横田整形外科【2:診療所】【診療科目:整形外科_リウマチ科_リハビリテーション科_放射線科】和歌山県橋本市城山台２－４５－１４", "url": "https://www.iryou.teikyouseido.mhlw.go.jp/znk-web/juminkanja/S2430/initialize?prefCd=30&kikanCd=2171100000&kikanKbn=2", "url2": "http://yokota-seikei.com" }, "geometry": { "type": "Point", "coordinates": [ 135.60728, 34.348491 ] } },
{ "type": "Feature", "properties": { "内容": "井上整形外科・内科【2:診療所】【診療科目:内科_消化器内科_外科_脳神経外科_整形外科_リハビリテーション科】和歌山県和歌山市小人町南ノ丁２０番地", "url": "https://www.iryou.teikyouseido.mhlw.go.jp/znk-web/juminkanja/S2430/initialize?prefCd=30&kikanCd=2171500000&kikanKbn=2", "url2": null }, "geometry": { "type": "Point", "coordinates": [ 135.166183, 34.229496 ] } },
{ "type": "Feature", "properties": { "内容": "まきのクリニック【2:診療所】【診療科目:内科_呼吸器内科_循環器内科_消化器内科_アレルギー科】和歌山県和歌山市冬野１７６１－１０", "url": "https://www.iryou.teikyouseido.mhlw.go.jp/znk-web/juminkanja/S2430/initialize?prefCd=30&kikanCd=2172900000&kikanKbn=2", "url2": null }, "geometry": { "type": "Point", "coordinates": [ 135.215515, 34.189863 ] } },
{ "type": "Feature", "properties": { "内容": "林正泌尿器科クリニック【2:診療所】【診療科目:形成外科_泌尿器科】和歌山県和歌山市小松原通４丁目３０番小松原丸岩ビル１階１０１号", "url": "https://www.iryou.teikyouseido.mhlw.go.jp/znk-web/juminkanja/S2430/initialize?prefCd=30&kikanCd=2173000000&kikanKbn=2", "url2": null }, "geometry": { "type": "Point", "coordinates": [ 135.169073, 34.219581 ] } },
{ "type": "Feature", "properties": { "内容": "いわき眼科クリニック【2:診療所】【診療科目:眼科】和歌山県新宮市野田８－４９", "url": "https://www.iryou.teikyouseido.mhlw.go.jp/znk-web/juminkanja/S2430/initialize?prefCd=30&kikanCd=2174000000&kikanKbn=2", "url2": null }, "geometry": { "type": "Point", "coordinates": [ 135.994524, 33.72195 ] } },
{ "type": "Feature", "properties": { "内容": "風土記の丘診療所【2:診療所】【診療科目:内科_消化器内科_老年内科_臨床検査科】和歌山県和歌山市岩橋１２７１－１", "url": "https://www.iryou.teikyouseido.mhlw.go.jp/znk-web/juminkanja/S2430/initialize?prefCd=30&kikanCd=2174200000&kikanKbn=2", "url2": "https://www.fudoki.net/" }, "geometry": { "type": "Point", "coordinates": [ 135.228954, 34.230369 ] } },
{ "type": "Feature", "properties": { "内容": "十一番丁てらしたクリニック【2:診療所】【診療科目:内科_循環器内科_外科_脳神経外科_整形外科_リハビリテーション科_放射線科】和歌山県和歌山市十一番丁１８", "url": "https://www.iryou.teikyouseido.mhlw.go.jp/znk-web/juminkanja/S2430/initialize?prefCd=30&kikanCd=2175200000&kikanKbn=2", "url2": "http://www.kyowa.ac.jp/terashitaclinic/index.html" }, "geometry": { "type": "Point", "coordinates": [ 135.175767, 34.232191 ] } },
{ "type": "Feature", "properties": { "内容": "ちさこ赤ちゃんこどもクリニック【2:診療所】【診療科目:小児科】和歌山県有田郡有田川町下津野５５０", "url": "https://www.iryou.teikyouseido.mhlw.go.jp/znk-web/juminkanja/S2430/initialize?prefCd=30&kikanCd=2175400000&kikanKbn=2", "url2": "http://chisako-baby-child.com/" }, "geometry": { "type": "Point", "coordinates": [ 135.216632, 34.065709 ] } },
{ "type": "Feature", "properties": { "内容": "矢田耳鼻咽喉科【2:診療所】【診療科目:耳鼻いんこう科】和歌山県御坊市湯川町財部２４４－５", "url": "https://www.iryou.teikyouseido.mhlw.go.jp/znk-web/juminkanja/S2430/initialize?prefCd=30&kikanCd=2175500000&kikanKbn=2", "url2": "http://yata-jibika.jp/" }, "geometry": { "type": "Point", "coordinates": [ 135.14945, 33.901504 ] } },
{ "type": "Feature", "properties": { "内容": "耳鼻咽喉科　ゆうクリニック【2:診療所】【診療科目:耳鼻いんこう科】和歌山県紀の川市中井阪２０５－３", "url": "https://www.iryou.teikyouseido.mhlw.go.jp/znk-web/juminkanja/S2430/initialize?prefCd=30&kikanCd=2176600000&kikanKbn=2", "url2": "http://ent-yu.com/" }, "geometry": { "type": "Point", "coordinates": [ 135.341251, 34.260358 ] } },
{ "type": "Feature", "properties": { "内容": "稲田クリニック【2:診療所】【診療科目:小児科_産科_婦人科】和歌山県和歌山市和田４６１番地", "url": "https://www.iryou.teikyouseido.mhlw.go.jp/znk-web/juminkanja/S2430/initialize?prefCd=30&kikanCd=2178100000&kikanKbn=2", "url2": "http://www.inadacl.jp" }, "geometry": { "type": "Point", "coordinates": [ 135.205709, 34.201666 ] } },
{ "type": "Feature", "properties": { "内容": "松平ハタ医科歯科クリニック【2:診療所】【診療科目:内科_呼吸器内科_循環器内科_歯科_矯正歯科_歯科口腔外科_小児歯科_小児矯正歯科_アレルギー科】和歌山県和歌山市鷹匠町１丁目６０番地", "url": "https://www.iryou.teikyouseido.mhlw.go.jp/znk-web/juminkanja/S2430/initialize?prefCd=30&kikanCd=2179200000&kikanKbn=2", "url2": "http://www.matsuhira-dentalclinic.com/" }, "geometry": { "type": "Point", "coordinates": [ 135.178072, 34.223386 ] } },
{ "type": "Feature", "properties": { "内容": "高橋ファミリークリニック【2:診療所】【診療科目:内科_内分泌内科_呼吸器内科】和歌山県東牟婁郡那智勝浦町天満８００", "url": "https://www.iryou.teikyouseido.mhlw.go.jp/znk-web/juminkanja/S2430/initialize?prefCd=30&kikanCd=2181600000&kikanKbn=2", "url2": "http://takahashifamily-c.p-kit.com/" }, "geometry": { "type": "Point", "coordinates": [ 135.940536, 33.632296 ] } },
{ "type": "Feature", "properties": { "内容": "にしかわ眼科クリニック【2:診療所】【診療科目:眼科】和歌山県和歌山市古屋１１２―１", "url": "https://www.iryou.teikyouseido.mhlw.go.jp/znk-web/juminkanja/S2430/initialize?prefCd=30&kikanCd=2182300000&kikanKbn=2", "url2": "http://www.nishikawa-eyeclinic.com" }, "geometry": { "type": "Point", "coordinates": [ 135.118376, 34.255296 ] } },
{ "type": "Feature", "properties": { "内容": "こしみちクリニック【2:診療所】【診療科目:内科_脳神経外科_整形外科_リハビリテーション科】和歌山県東牟婁郡串本町鬮野川１３５６－４", "url": "https://www.iryou.teikyouseido.mhlw.go.jp/znk-web/juminkanja/S2430/initialize?prefCd=30&kikanCd=2184400000&kikanKbn=2", "url2": "http://koshimichi-cl.com" }, "geometry": { "type": "Point", "coordinates": [ 135.791333, 33.485864 ] } },
{ "type": "Feature", "properties": { "内容": "神島心療内科【2:診療所】【診療科目:精神科_心療内科】和歌山県田辺市たきない町１番８号", "url": "https://www.iryou.teikyouseido.mhlw.go.jp/znk-web/juminkanja/S2430/initialize?prefCd=30&kikanCd=2185400000&kikanKbn=2", "url2": "http://kashima-mental.com/" }, "geometry": { "type": "Point", "coordinates": [ 135.399966, 33.705168 ] } },
{ "type": "Feature", "properties": { "内容": "めがね先生の上田こどもクリニック【2:診療所】【診療科目:小児科】和歌山県橋本市紀見字椿原５９１－６", "url": "https://www.iryou.teikyouseido.mhlw.go.jp/znk-web/juminkanja/S2430/initialize?prefCd=30&kikanCd=2185600000&kikanKbn=2", "url2": "http://meganesensei.com/" }, "geometry": { "type": "Point", "coordinates": [ 135.617271, 34.339788 ] } },
{ "type": "Feature", "properties": { "内容": "辻クリニック【2:診療所】【診療科目:内科_循環器内科_消化器内科_外科_肛門外科_皮膚科】和歌山県和歌山市六十谷７４８－１０４", "url": "https://www.iryou.teikyouseido.mhlw.go.jp/znk-web/juminkanja/S2430/initialize?prefCd=30&kikanCd=2186300000&kikanKbn=2", "url2": null }, "geometry": { "type": "Point", "coordinates": [ 135.202929, 34.262188 ] } },
{ "type": "Feature", "properties": { "内容": "たぶせ在宅クリニック【2:診療所】【診療科目:内科】和歌山県和歌山市湊桶屋町１０　Ｍ＆Ｍビル２階　Ａ号室", "url": "https://www.iryou.teikyouseido.mhlw.go.jp/znk-web/juminkanja/S2430/initialize?prefCd=30&kikanCd=2187500000&kikanKbn=2", "url2": "http://www.tabuse-zaitaku.jp/" }, "geometry": { "type": "Point", "coordinates": [ 135.167407, 34.220109 ] } },
{ "type": "Feature", "properties": { "内容": "中谷医科歯科クリニック【2:診療所】【診療科目:内科_歯科_矯正歯科_歯科口腔外科_小児歯科】和歌山県和歌山市屋形町１丁目２６番地", "url": "https://www.iryou.teikyouseido.mhlw.go.jp/znk-web/juminkanja/S2430/initialize?prefCd=30&kikanCd=2187600000&kikanKbn=2", "url2": "http://nakatani-ikashika.jp/" }, "geometry": { "type": "Point", "coordinates": [ 135.177405, 34.230996 ] } },
{ "type": "Feature", "properties": { "内容": "医療法人清和会　和歌山形成外科【2:診療所】【診療科目:心臓血管外科_形成外科】和歌山県和歌山市美園町５－１２－１　水了軒ビル３ＦＢ", "url": "https://www.iryou.teikyouseido.mhlw.go.jp/znk-web/juminkanja/S2430/initialize?prefCd=30&kikanCd=2187700000&kikanKbn=2", "url2": "http://varixclinic.jp" }, "geometry": { "type": "Point", "coordinates": [ 135.19082, 34.23133 ] } },
{ "type": "Feature", "properties": { "内容": "山西内科胃腸科眼科医院【2:診療所】【診療科目:内科_消化器内科_眼科】和歌山県田辺市湊１番７号", "url": "https://www.iryou.teikyouseido.mhlw.go.jp/znk-web/juminkanja/S2430/initialize?prefCd=30&kikanCd=2189200000&kikanKbn=2", "url2": "http://www.yamanishi-naga.sakura.ne.jp/index.html" }, "geometry": { "type": "Point", "coordinates": [ 135.385001, 33.732036 ] } },
{ "type": "Feature", "properties": { "内容": "はた乳腺クリニック【2:診療所】【診療科目:内科_外科_乳腺外科】和歌山県岩出市川尻２３０番地の１", "url": "https://www.iryou.teikyouseido.mhlw.go.jp/znk-web/juminkanja/S2430/initialize?prefCd=30&kikanCd=2191100000&kikanKbn=2", "url2": "http://www.hata-breast-clinic.jp/sp/" }, "geometry": { "type": "Point", "coordinates": [ 135.313531, 34.269106 ] } },
{ "type": "Feature", "properties": { "内容": "うつのみやレディースクリニック【2:診療所】【診療科目:内科_産婦人科_産科_婦人科_泌尿器科】和歌山県和歌山市美園町５丁目４番２０号", "url": "https://www.iryou.teikyouseido.mhlw.go.jp/znk-web/juminkanja/S2430/initialize?prefCd=30&kikanCd=2191900000&kikanKbn=2", "url2": "http://utsunomiya-lc.com/" }, "geometry": { "type": "Point", "coordinates": [ 135.189765, 34.230052 ] } },
{ "type": "Feature", "properties": { "内容": "ますだクリニック【2:診療所】【診療科目:内科_腎臓内科_泌尿器科】和歌山県岩出市相谷４８２－３", "url": "https://www.iryou.teikyouseido.mhlw.go.jp/znk-web/juminkanja/S2430/initialize?prefCd=30&kikanCd=2192700000&kikanKbn=2", "url2": "http://www.masudaclinic-iwade.jp/" }, "geometry": { "type": "Point", "coordinates": [ 135.284089, 34.276021 ] } },
{ "type": "Feature", "properties": { "内容": "よしい眼科【2:診療所】【診療科目:眼科】和歌山県田辺市上の山一丁目１４番３４号", "url": "https://www.iryou.teikyouseido.mhlw.go.jp/znk-web/juminkanja/S2430/initialize?prefCd=30&kikanCd=2194400000&kikanKbn=2", "url2": null }, "geometry": { "type": "Point", "coordinates": [ 135.365433, 33.739403 ] } },
{ "type": "Feature", "properties": { "内容": "三谷医院【2:診療所】【診療科目:内科】和歌山県和歌山市和歌浦東３丁目５－５３", "url": "https://www.iryou.teikyouseido.mhlw.go.jp/znk-web/juminkanja/S2430/initialize?prefCd=30&kikanCd=2194800000&kikanKbn=2", "url2": null }, "geometry": { "type": "Point", "coordinates": [ 135.176256, 34.189278 ] } },
{ "type": "Feature", "properties": { "内容": "なないろこどもクリニック【2:診療所】【診療科目:小児科_新生児内科】和歌山県和歌山市吹上２丁目４－４６　ニチホス医療ビル２Ｆ", "url": "https://www.iryou.teikyouseido.mhlw.go.jp/znk-web/juminkanja/S2430/initialize?prefCd=30&kikanCd=2196600000&kikanKbn=2", "url2": "http://www.nanairo-kodomo.com" }, "geometry": { "type": "Point", "coordinates": [ 135.169546, 34.220359 ] } },
{ "type": "Feature", "properties": { "内容": "有井医院【2:診療所】【診療科目:内科_小児科_放射線科】和歌山県和歌山市湊２丁目７番８号", "url": "https://www.iryou.teikyouseido.mhlw.go.jp/znk-web/juminkanja/S2430/initialize?prefCd=30&kikanCd=2198200000&kikanKbn=2", "url2": null }, "geometry": { "type": "Point", "coordinates": [ 135.147519, 34.233662 ] } },
{ "type": "Feature", "properties": { "内容": "有本クリニック【2:診療所】【診療科目:内科_呼吸器内科_外科_皮膚科】和歌山県和歌山市太田３８－１４", "url": "https://www.iryou.teikyouseido.mhlw.go.jp/znk-web/juminkanja/S2430/initialize?prefCd=30&kikanCd=2199000000&kikanKbn=2", "url2": null }, "geometry": { "type": "Point", "coordinates": [ 135.194598, 34.22522 ] } },
{ "type": "Feature", "properties": { "内容": "なかたに医院【2:診療所】【診療科目:内科_消化器内科_外科】和歌山県西牟婁郡上富田町朝来７８２番地１", "url": "https://www.iryou.teikyouseido.mhlw.go.jp/znk-web/juminkanja/S2430/initialize?prefCd=30&kikanCd=2199100000&kikanKbn=2", "url2": "https://nakatani-iin.com/" }, "geometry": { "type": "Point", "coordinates": [ 135.428048, 33.694753 ] } },
{ "type": "Feature", "properties": { "内容": "中西内科呼吸器内科クリニック【2:診療所】【診療科目:内科_呼吸器内科_アレルギー科】和歌山県和歌山市塩屋５丁目１２２－１", "url": "https://www.iryou.teikyouseido.mhlw.go.jp/znk-web/juminkanja/S2430/initialize?prefCd=30&kikanCd=2199200000&kikanKbn=2", "url2": "http://www.nakanishi-respi.com/" }, "geometry": { "type": "Point", "coordinates": [ 135.179796, 34.201003 ] } },
{ "type": "Feature", "properties": { "内容": "たま整形外科【2:診療所】【診療科目:脳神経外科_整形外科_リハビリテーション科_放射線科】和歌山県紀の川市貴志川町井ノ口９７４－４", "url": "https://www.iryou.teikyouseido.mhlw.go.jp/znk-web/juminkanja/S2430/initialize?prefCd=30&kikanCd=2199600000&kikanKbn=2", "url2": "http://www.mikurumakai.or.jp/affiliated/tamaseikeigeka/" }, "geometry": { "type": "Point", "coordinates": [ 135.315867, 34.198697 ] } },
{ "type": "Feature", "properties": { "内容": "月山チャイルドケアクリニック【2:診療所】【診療科目:内科_小児科_小児外科】和歌山県和歌山市秋月４８２－１", "url": "https://www.iryou.teikyouseido.mhlw.go.jp/znk-web/juminkanja/S2430/initialize?prefCd=30&kikanCd=2199900000&kikanKbn=2", "url2": "http://www.mikazukikai.jp" }, "geometry": { "type": "Point", "coordinates": [ 135.207338, 34.22505 ] } },
{ "type": "Feature", "properties": { "内容": "おおたに眼科【2:診療所】【診療科目:眼科】和歌山県岩出市中迫２６４－１", "url": "https://www.iryou.teikyouseido.mhlw.go.jp/znk-web/juminkanja/S2430/initialize?prefCd=30&kikanCd=2200500000&kikanKbn=2", "url2": "http://otanieye.com/" }, "geometry": { "type": "Point", "coordinates": [ 135.311893, 34.263884 ] } },
{ "type": "Feature", "properties": { "内容": "南たなべ眼科医院【2:診療所】【診療科目:眼科】和歌山県田辺市たきない町１９番１６号", "url": "https://www.iryou.teikyouseido.mhlw.go.jp/znk-web/juminkanja/S2430/initialize?prefCd=30&kikanCd=2200600000&kikanKbn=2", "url2": "https://www.minamitanabe-eye.com" }, "geometry": { "type": "Point", "coordinates": [ 135.401438, 33.702084 ] } },
{ "type": "Feature", "properties": { "内容": "くまのこころのクリニック【2:診療所】【診療科目:精神科_心療内科】和歌山県東牟婁郡那智勝浦町天満８４８－１", "url": "https://www.iryou.teikyouseido.mhlw.go.jp/znk-web/juminkanja/S2430/initialize?prefCd=30&kikanCd=2201800000&kikanKbn=2", "url2": "http://kumano-cocoro.com" }, "geometry": { "type": "Point", "coordinates": [ 135.938842, 33.631518 ] } },
{ "type": "Feature", "properties": { "内容": "いわくらクリニック【2:診療所】【診療科目:内科_消化器内科_肛門外科】和歌山県橋本市三石台１－３－１１－１０２", "url": "https://www.iryou.teikyouseido.mhlw.go.jp/znk-web/juminkanja/S2430/initialize?prefCd=30&kikanCd=2201900000&kikanKbn=2", "url2": "http://iwakura-giclinic.com/" }, "geometry": { "type": "Point", "coordinates": [ 135.602169, 34.35574 ] } },
{ "type": "Feature", "properties": { "内容": "なかむら皮膚科【2:診療所】【診療科目:皮膚科】和歌山県和歌山市直川３７５番地１", "url": "https://www.iryou.teikyouseido.mhlw.go.jp/znk-web/juminkanja/S2430/initialize?prefCd=30&kikanCd=2202800000&kikanKbn=2", "url2": "https://www.nakamura-hifuka.jp" }, "geometry": { "type": "Point", "coordinates": [ 135.221122, 34.260855 ] } },
{ "type": "Feature", "properties": { "内容": "医療法人　さんさんクリニック【2:診療所】【診療科目:小児科_耳鼻いんこう科】和歌山県和歌山市直川５６９－１", "url": "https://www.iryou.teikyouseido.mhlw.go.jp/znk-web/juminkanja/S2430/initialize?prefCd=30&kikanCd=2206100000&kikanKbn=2", "url2": "https://sunsunclinic.net/" }, "geometry": { "type": "Point", "coordinates": [ 135.218317, 34.261493 ] } },
{ "type": "Feature", "properties": { "内容": "やましたレディース・マタニティクリニック【2:診療所】【診療科目:内科_産科_婦人科】和歌山県和歌山市元寺町西ノ丁９", "url": "https://www.iryou.teikyouseido.mhlw.go.jp/znk-web/juminkanja/S2430/initialize?prefCd=30&kikanCd=2207800000&kikanKbn=2", "url2": "http://yamashita-lmc.com" }, "geometry": { "type": "Point", "coordinates": [ 135.175099, 34.23894 ] } },
{ "type": "Feature", "properties": { "内容": "おやこの診療所【2:診療所】【診療科目:児童精神科_精神科】和歌山県和歌山市黒田１丁目１－１０　クリニックビル上林４Ｆ", "url": "https://www.iryou.teikyouseido.mhlw.go.jp/znk-web/juminkanja/S2430/initialize?prefCd=30&kikanCd=2208800000&kikanKbn=2", "url2": "https://oyako-clinic.com/" }, "geometry": { "type": "Point", "coordinates": [ 135.192348, 34.233135 ] } },
{ "type": "Feature", "properties": { "内容": "きつねじま歯科内科医院【2:診療所】【診療科目:内科_歯科】和歌山県和歌山市狐島６１５番地１６６", "url": "https://www.iryou.teikyouseido.mhlw.go.jp/znk-web/juminkanja/S2430/initialize?prefCd=30&kikanCd=2210900000&kikanKbn=2", "url2": "https://plus.dentamap.jp/hpplus/user/foxfox/" }, "geometry": { "type": "Point", "coordinates": [ 135.148462, 34.250243 ] } },
{ "type": "Feature", "properties": { "内容": "くろしお耳鼻咽喉科【2:診療所】【診療科目:耳鼻いんこう科】和歌山県新宮市三輪崎１９５６－１０", "url": "https://www.iryou.teikyouseido.mhlw.go.jp/znk-web/juminkanja/S2430/initialize?prefCd=30&kikanCd=2212000000&kikanKbn=2", "url2": "http://kuroshio-jibika.com" }, "geometry": { "type": "Point", "coordinates": [ 135.988524, 33.699072 ] } },
{ "type": "Feature", "properties": { "内容": "かじの内科クリニック【2:診療所】【診療科目:内科_呼吸器内科_消化器内科】和歌山県新宮市新宮２６２１", "url": "https://www.iryou.teikyouseido.mhlw.go.jp/znk-web/juminkanja/S2430/initialize?prefCd=30&kikanCd=2212100000&kikanKbn=2", "url2": null }, "geometry": { "type": "Point", "coordinates": [ 135.993251, 33.706122 ] } },
{ "type": "Feature", "properties": { "内容": "なかふさ診療所【2:診療所】【診療科目:神経内科_外科_脳神経外科_形成外科_リハビリテーション科_放射線科】和歌山県岩出市中迫５５３－１", "url": "https://www.iryou.teikyouseido.mhlw.go.jp/znk-web/juminkanja/S2430/initialize?prefCd=30&kikanCd=2212300000&kikanKbn=2", "url2": "https://nakafusa-clinic.com" }, "geometry": { "type": "Point", "coordinates": [ 135.315864, 34.265884 ] } },
{ "type": "Feature", "properties": { "内容": "島循環器・内科【2:診療所】【診療科目:内科_循環器内科】和歌山県和歌山市堀止東１－２－７", "url": "https://www.iryou.teikyouseido.mhlw.go.jp/znk-web/juminkanja/S2430/initialize?prefCd=30&kikanCd=2213000000&kikanKbn=2", "url2": null }, "geometry": { "type": "Point", "coordinates": [ 135.170886, 34.214518 ] } },
{ "type": "Feature", "properties": { "内容": "ひらまつクリニック【2:診療所】【診療科目:内科_呼吸器内科_アレルギー科】和歌山県岩出市高塚５３番４", "url": "https://www.iryou.teikyouseido.mhlw.go.jp/znk-web/juminkanja/S2430/initialize?prefCd=30&kikanCd=2213100000&kikanKbn=2", "url2": "https://hiramatsu-cl.jp" }, "geometry": { "type": "Point", "coordinates": [ 135.320725, 34.254469 ] } },
{ "type": "Feature", "properties": { "内容": "ふるさと内科クリニック【2:診療所】【診療科目:内科_糖尿病・代謝内科_呼吸器内科_循環器内科_老年内科_小児科_アレルギー科】和歌山県岩出市西安上６２－１", "url": "https://www.iryou.teikyouseido.mhlw.go.jp/znk-web/juminkanja/S2430/initialize?prefCd=30&kikanCd=2213200000&kikanKbn=2", "url2": "http://furusato-naika.com" }, "geometry": { "type": "Point", "coordinates": [ 135.291056, 34.277499 ] } },
{ "type": "Feature", "properties": { "内容": "医療法人涼悠会　トメモリ眼科・形成外科　いわで宮本クリニック【2:診療所】【診療科目:形成外科_美容外科_眼科】和歌山県岩出市中黒１番地の３", "url": "https://www.iryou.teikyouseido.mhlw.go.jp/znk-web/juminkanja/S2430/initialize?prefCd=30&kikanCd=2214600000&kikanKbn=2", "url2": "http://www.tomemori-ganka.com/iwade/" }, "geometry": { "type": "Point", "coordinates": [ 135.295123, 34.2673 ] } },
{ "type": "Feature", "properties": { "内容": "坂田整形外科【2:診療所】【診療科目:内科_整形外科_リハビリテーション科】和歌山県田辺市上の山１丁目１３番２２号", "url": "https://www.iryou.teikyouseido.mhlw.go.jp/znk-web/juminkanja/S2430/initialize?prefCd=30&kikanCd=2215200000&kikanKbn=2", "url2": "http://sakata-ortho.com/index.html" }, "geometry": { "type": "Point", "coordinates": [ 135.365329, 33.738164 ] } },
{ "type": "Feature", "properties": { "内容": "皮フ科・アレルギー科　吉益クリニック【2:診療所】【診療科目:皮膚科_アレルギー科】和歌山県有田市糸我町西５５９－１", "url": "https://www.iryou.teikyouseido.mhlw.go.jp/znk-web/juminkanja/S2430/initialize?prefCd=30&kikanCd=2216300000&kikanKbn=2", "url2": "http://yoshimasu-clinic.com" }, "geometry": { "type": "Point", "coordinates": [ 135.170357, 34.07393 ] } },
{ "type": "Feature", "properties": { "内容": "和歌山駅前つじもと内科・呼吸器内科アレルギー科【2:診療所】【診療科目:内科_呼吸器内科_アレルギー科】和歌山県和歌山市黒田９５－５", "url": "https://www.iryou.teikyouseido.mhlw.go.jp/znk-web/juminkanja/S2430/initialize?prefCd=30&kikanCd=2216900000&kikanKbn=2", "url2": "https://wakayama-naika.com/" }, "geometry": { "type": "Point", "coordinates": [ 135.191904, 34.234108 ] } },
{ "type": "Feature", "properties": { "内容": "なかじま耳鼻咽喉科みのりクリニック【2:診療所】【診療科目:耳鼻いんこう科_アレルギー科】和歌山県海南市船尾２１５－３", "url": "https://www.iryou.teikyouseido.mhlw.go.jp/znk-web/juminkanja/S2430/initialize?prefCd=30&kikanCd=2218400000&kikanKbn=2", "url2": "https://nakajima-minoriclinic.com" }, "geometry": { "type": "Point", "coordinates": [ 135.203573, 34.15906 ] } },
{ "type": "Feature", "properties": { "内容": "よこい耳鼻咽喉科【2:診療所】【診療科目:耳鼻いんこう科_アレルギー科】和歌山県和歌山市冬野１４６６－８", "url": "https://www.iryou.teikyouseido.mhlw.go.jp/znk-web/juminkanja/S2430/initialize?prefCd=30&kikanCd=2219400000&kikanKbn=2", "url2": "https://yokoi-ent.com" }, "geometry": { "type": "Point", "coordinates": [ 135.213098, 34.175673 ] } },
{ "type": "Feature", "properties": { "内容": "あきづクリニック【2:診療所】【診療科目:内科_神経内科_リハビリテーション科】和歌山県田辺市秋津町１８９－１６", "url": "https://www.iryou.teikyouseido.mhlw.go.jp/znk-web/juminkanja/S2430/initialize?prefCd=30&kikanCd=2220600000&kikanKbn=2", "url2": "https://www.akizu-clinic.com" }, "geometry": { "type": "Point", "coordinates": [ 135.392715, 33.745664 ] } },
{ "type": "Feature", "properties": { "内容": "みらいビューティークリニック和歌山【2:診療所】【診療科目:美容外科_美容皮膚科】和歌山県和歌山市ふじと台６番地　ふじと台ステーションビルエスタシオン４階", "url": "https://www.iryou.teikyouseido.mhlw.go.jp/znk-web/juminkanja/S2430/initialize?prefCd=30&kikanCd=2221000000&kikanKbn=2", "url2": "https://mirai-beauty-clinic.jp" }, "geometry": { "type": "Point", "coordinates": [ 135.147156, 34.276296 ] } },
{ "type": "Feature", "properties": { "内容": "仲河眼科医院【2:診療所】【診療科目:眼科】和歌山県和歌山市黒田１３８－１", "url": "https://www.iryou.teikyouseido.mhlw.go.jp/znk-web/juminkanja/S2430/initialize?prefCd=30&kikanCd=2221800000&kikanKbn=2", "url2": "https://nakagawa-eyeclinic.com/" }, "geometry": { "type": "Point", "coordinates": [ 135.193959, 34.235413 ] } },
{ "type": "Feature", "properties": { "内容": "レディースクリニック和【2:診療所】【診療科目:産婦人科_婦人科】和歌山県岩出市中黒１－３", "url": "https://www.iryou.teikyouseido.mhlw.go.jp/znk-web/juminkanja/S2430/initialize?prefCd=30&kikanCd=2223900000&kikanKbn=2", "url2": "https://ladies-clinic-nagomi.com" }, "geometry": { "type": "Point", "coordinates": [ 135.295057, 34.266998 ] } },
{ "type": "Feature", "properties": { "内容": "医療法人　玉置医院【2:診療所】【診療科目:内科_呼吸器内科】和歌山県田辺市芳養松原一丁目１２番１号", "url": "https://www.iryou.teikyouseido.mhlw.go.jp/znk-web/juminkanja/S2430/initialize?prefCd=30&kikanCd=2224300000&kikanKbn=2", "url2": "https://tamaki-iin.com/" }, "geometry": { "type": "Point", "coordinates": [ 135.355274, 33.746579 ] } },
{ "type": "Feature", "properties": { "内容": "松本内科クリニック【2:診療所】【診療科目:内科_糖尿病・代謝内科_循環器内科】和歌山県和歌山市西高松１丁目８番１０号", "url": "https://www.iryou.teikyouseido.mhlw.go.jp/znk-web/juminkanja/S2430/initialize?prefCd=30&kikanCd=2224900000&kikanKbn=2", "url2": "matsumoto-medical-clinic.com" }, "geometry": { "type": "Point", "coordinates": [ 135.17049, 34.209443 ] } },
{ "type": "Feature", "properties": { "内容": "ホームケアクリニック　城北の杜【2:診療所】【診療科目:内科_緩和ケア内科】和歌山県和歌山市万町７番地　サピリア石倉３階３Ｆ号室", "url": "https://www.iryou.teikyouseido.mhlw.go.jp/znk-web/juminkanja/S2430/initialize?prefCd=30&kikanCd=2225400000&kikanKbn=2", "url2": "hcc-jnm.jp" }, "geometry": { "type": "Point", "coordinates": [ 135.172906, 34.23394 ] } },
{ "type": "Feature", "properties": { "内容": "和歌山ブレストクリニック【2:診療所】【診療科目:乳腺外科】和歌山県和歌山市東蔵前丁３９　キーノ和歌山３階", "url": "https://www.iryou.teikyouseido.mhlw.go.jp/znk-web/juminkanja/S2430/initialize?prefCd=30&kikanCd=2226500000&kikanKbn=2", "url2": "https://www.wakayama-bc.com/" }, "geometry": { "type": "Point", "coordinates": [ 135.167267, 34.236607 ] } },
{ "type": "Feature", "properties": { "内容": "よろずまちクリニック【2:診療所】【診療科目:精神科_心療内科】和歌山県和歌山市万町７番地　サピリア石倉２Ｆ", "url": "https://www.iryou.teikyouseido.mhlw.go.jp/znk-web/juminkanja/S2430/initialize?prefCd=30&kikanCd=2226600000&kikanKbn=2", "url2": "https://www.yorozumachi-cl.com" }, "geometry": { "type": "Point", "coordinates": [ 135.172906, 34.23394 ] } },
{ "type": "Feature", "properties": { "内容": "みね内科クリニック【2:診療所】【診療科目:内科_消化器内科】和歌山県新宮市緑ケ丘２丁目２－５５", "url": "https://www.iryou.teikyouseido.mhlw.go.jp/znk-web/juminkanja/S2430/initialize?prefCd=30&kikanCd=2227000000&kikanKbn=2", "url2": "http://mine-naika.jp" }, "geometry": { "type": "Point", "coordinates": [ 135.989727, 33.721593 ] } },
{ "type": "Feature", "properties": { "内容": "西岡クリニック【2:診療所】【診療科目:内科_外科_整形外科】和歌山県日高郡印南町印南２２７５－１６", "url": "https://www.iryou.teikyouseido.mhlw.go.jp/znk-web/juminkanja/S2430/initialize?prefCd=30&kikanCd=2227400000&kikanKbn=2", "url2": "https://www.nishioka-hp.net/cont7/main.html" }, "geometry": { "type": "Point", "coordinates": [ 135.220615, 33.815736 ] } },
{ "type": "Feature", "properties": { "内容": "かわしま医院【2:診療所】【診療科目:内科_糖尿病・代謝内科_消化器内科】和歌山県岩出市高塚１８８－１　スーパーエバグリーンプラス岩出高塚店２Ｆ", "url": "https://www.iryou.teikyouseido.mhlw.go.jp/znk-web/juminkanja/S2430/initialize?prefCd=30&kikanCd=2227500000&kikanKbn=2", "url2": "https://kawashima-iin2020.com/" }, "geometry": { "type": "Point", "coordinates": [ 135.324058, 34.261579 ] } },
{ "type": "Feature", "properties": { "内容": "三谷医院【2:診療所】【診療科目:内科_消化器内科_胃腸内科_外科】和歌山県西牟婁郡白浜町１３９６番地５", "url": "https://www.iryou.teikyouseido.mhlw.go.jp/znk-web/juminkanja/S2430/initialize?prefCd=30&kikanCd=2228000000&kikanKbn=2", "url2": "https://www.mitani-clinic-shirahama.com" }, "geometry": { "type": "Point", "coordinates": [ 135.347083, 33.681975 ] } },
{ "type": "Feature", "properties": { "内容": "エミナルクリニック和歌山院【2:診療所】【診療科目:美容皮膚科】和歌山県和歌山市美園町５－１－８　山榮ビル２階", "url": "https://www.iryou.teikyouseido.mhlw.go.jp/znk-web/juminkanja/S2430/initialize?prefCd=30&kikanCd=2228700000&kikanKbn=2", "url2": null }, "geometry": { "type": "Point", "coordinates": [ 135.190237, 34.231608 ] } },
{ "type": "Feature", "properties": { "内容": "ながおクリニック【2:診療所】【診療科目:内科_糖尿病・代謝内科_外科】和歌山県御坊市湯川町小松原５３１－１", "url": "https://www.iryou.teikyouseido.mhlw.go.jp/znk-web/juminkanja/S2430/initialize?prefCd=30&kikanCd=2230500000&kikanKbn=2", "url2": "https://nagao-clinic.jp" }, "geometry": { "type": "Point", "coordinates": [ 135.153644, 33.905003 ] } },
{ "type": "Feature", "properties": { "内容": "ありた内科・循環器内科クリニック【2:診療所】【診療科目:内科_循環器内科】和歌山県和歌山市梶取１番地２６", "url": "https://www.iryou.teikyouseido.mhlw.go.jp/znk-web/juminkanja/S2430/initialize?prefCd=30&kikanCd=2231100000&kikanKbn=2", "url2": "https://arita-clinic.com" }, "geometry": { "type": "Point", "coordinates": [ 135.1636, 34.253799 ] } },
{ "type": "Feature", "properties": { "内容": "内科・生活習慣病　くらしクリニック【2:診療所】【診療科目:内科_糖尿病内科_内分泌内科】和歌山県和歌山市東蔵前丁３９　キーノ和歌山３階", "url": "https://www.iryou.teikyouseido.mhlw.go.jp/znk-web/juminkanja/S2430/initialize?prefCd=30&kikanCd=2231300000&kikanKbn=2", "url2": "http://kurashiclinic.jp" }, "geometry": { "type": "Point", "coordinates": [ 135.166767, 34.236357 ] } },
{ "type": "Feature", "properties": { "内容": "大林クリニック【2:診療所】【診療科目:内科_呼吸器内科】和歌山県有田郡有田川町天満５６８－２", "url": "https://www.iryou.teikyouseido.mhlw.go.jp/znk-web/juminkanja/S2430/initialize?prefCd=30&kikanCd=2232400000&kikanKbn=2", "url2": "https://oobayashi-clinic.com/" }, "geometry": { "type": "Point", "coordinates": [ 135.2038, 34.062209 ] } },
{ "type": "Feature", "properties": { "内容": "こかわリハビリクリニック【2:診療所】【診療科目:脳神経外科_整形外科_リハビリテーション科】和歌山県紀の川市粉河４５１－９", "url": "https://www.iryou.teikyouseido.mhlw.go.jp/znk-web/juminkanja/S2430/initialize?prefCd=30&kikanCd=2236600000&kikanKbn=2", "url2": null }, "geometry": { "type": "Point", "coordinates": [ 135.408995, 34.269052 ] } },
{ "type": "Feature", "properties": { "内容": "みやもと眼科医院【2:診療所】【診療科目:眼科】和歌山県和歌山市紀三井寺６７０－１", "url": "https://www.iryou.teikyouseido.mhlw.go.jp/znk-web/juminkanja/S2430/initialize?prefCd=30&kikanCd=2237300000&kikanKbn=2", "url2": "http://www.miyamotogankaiin.com" }, "geometry": { "type": "Point", "coordinates": [ 135.186679, 34.183761 ] } },
{ "type": "Feature", "properties": { "内容": "トータルケア　まきクリニック【2:診療所】【診療科目:内科】和歌山県和歌山市木広町５丁目１－５", "url": "https://www.iryou.teikyouseido.mhlw.go.jp/znk-web/juminkanja/S2430/initialize?prefCd=30&kikanCd=2237400000&kikanKbn=2", "url2": "https://tc-makiclinic.com" }, "geometry": { "type": "Point", "coordinates": [ 135.190238, 34.227413 ] } },
{ "type": "Feature", "properties": { "内容": "坂本内科【2:診療所】【診療科目:内科_消化器内科_放射線科】和歌山県和歌山市今福４－２－２０", "url": "https://www.iryou.teikyouseido.mhlw.go.jp/znk-web/juminkanja/S2430/initialize?prefCd=30&kikanCd=2241900000&kikanKbn=2", "url2": null }, "geometry": { "type": "Point", "coordinates": [ 135.162685, 34.21211 ] } },
{ "type": "Feature", "properties": { "内容": "楠山整形外科【2:診療所】【診療科目:整形外科_リハビリテーション科】和歌山県日高郡日高町荊木８", "url": "https://www.iryou.teikyouseido.mhlw.go.jp/znk-web/juminkanja/S2430/initialize?prefCd=30&kikanCd=2242300000&kikanKbn=2", "url2": "https://kusuyama-seikei.jp/" }, "geometry": { "type": "Point", "coordinates": [ 135.144449, 33.925056 ] } },
{ "type": "Feature", "properties": { "内容": "大日山荘診療所【2:診療所】【診療科目:内科_外科】和歌山県和歌山市平尾２番地１", "url": "https://www.iryou.teikyouseido.mhlw.go.jp/znk-web/juminkanja/S2430/initialize?prefCd=30&kikanCd=2243000000&kikanKbn=2", "url2": null }, "geometry": { "type": "Point", "coordinates": [ 135.244817, 34.207167 ] } },
{ "type": "Feature", "properties": { "内容": "みきた皮ふ科【2:診療所】【診療科目:皮膚科】和歌山県和歌山市秋月２７５番１", "url": "https://www.iryou.teikyouseido.mhlw.go.jp/znk-web/juminkanja/S2430/initialize?prefCd=30&kikanCd=2243200000&kikanKbn=2", "url2": "https://mikita-hifuka.com" }, "geometry": { "type": "Point", "coordinates": [ 135.203717, 34.230255 ] } },
{ "type": "Feature", "properties": { "内容": "田辺市国民健康保険　上芳養診療所【2:診療所】【診療科目:内科】和歌山県田辺市上芳養３１６５番地", "url": "https://www.iryou.teikyouseido.mhlw.go.jp/znk-web/juminkanja/S2430/initialize?prefCd=30&kikanCd=2245100000&kikanKbn=2", "url2": null }, "geometry": { "type": "Point", "coordinates": [ 135.37402, 33.801407 ] } },
{ "type": "Feature", "properties": { "内容": "南紀の台クリニック【2:診療所】【診療科目:内科_腎臓内科_人工透析内科】和歌山県西牟婁郡上富田町南紀の台７２番地３号", "url": "https://www.iryou.teikyouseido.mhlw.go.jp/znk-web/juminkanja/S2430/initialize?prefCd=30&kikanCd=2246700000&kikanKbn=2", "url2": "http://medi-wel.jp/medical/nankinodai.html" }, "geometry": { "type": "Point", "coordinates": [ 135.408688, 33.695391 ] } },
{ "type": "Feature", "properties": { "内容": "谷ヒフ科【2:診療所】【診療科目:皮膚科_アレルギー科】和歌山県和歌山市和歌浦東２丁目９番４５号", "url": "https://www.iryou.teikyouseido.mhlw.go.jp/znk-web/juminkanja/S2430/initialize?prefCd=30&kikanCd=2247400000&kikanKbn=2", "url2": null }, "geometry": { "type": "Point", "coordinates": [ 135.176517, 34.192863 ] } },
{ "type": "Feature", "properties": { "内容": "医療法人みんなのこどもアレルギークリニック【2:診療所】【診療科目:小児科_アレルギー科】和歌山県和歌山市友田町四丁目１３０番地　Ａタワークリニックモール２階", "url": "https://www.iryou.teikyouseido.mhlw.go.jp/znk-web/juminkanja/S2430/initialize?prefCd=30&kikanCd=2248000000&kikanKbn=2", "url2": "https://kodomo-allergy.clinic/" }, "geometry": { "type": "Point", "coordinates": [ 135.18882, 34.233191 ] } },
{ "type": "Feature", "properties": { "内容": "和歌山駅前たまき乳腺外科クリニック【2:診療所】【診療科目:内科_外科_乳腺外科】和歌山県和歌山市友田町四丁目１３０番地　Ａタワー２０６号", "url": "https://www.iryou.teikyouseido.mhlw.go.jp/znk-web/juminkanja/S2430/initialize?prefCd=30&kikanCd=2248100000&kikanKbn=2", "url2": "https://tamaki-breastcl.jp/" }, "geometry": { "type": "Point", "coordinates": [ 135.18882, 34.233191 ] } },
{ "type": "Feature", "properties": { "内容": "斎藤耳鼻咽喉科【2:診療所】【診療科目:耳鼻いんこう科】和歌山県和歌山市古屋９５－１", "url": "https://www.iryou.teikyouseido.mhlw.go.jp/znk-web/juminkanja/S2430/initialize?prefCd=30&kikanCd=2248200000&kikanKbn=2", "url2": "https://saito-k-jibika.com" }, "geometry": { "type": "Point", "coordinates": [ 135.119765, 34.255443 ] } },
{ "type": "Feature", "properties": { "内容": "那賀休日急患診療所【2:診療所】【診療科目:内科_外科_小児科】和歌山県紀の川市東大井３６６番地１", "url": "https://www.iryou.teikyouseido.mhlw.go.jp/znk-web/juminkanja/S2430/initialize?prefCd=30&kikanCd=2249000000&kikanKbn=2", "url2": "http://www.naga.wakayama.med.or.jp/" }, "geometry": { "type": "Point", "coordinates": [ 135.364498, 34.26922 ] } },
{ "type": "Feature", "properties": { "内容": "ほんだ内科クリニック【2:診療所】【診療科目:内科_呼吸器内科_漢方内科_老年内科_アレルギー科】和歌山県和歌山市福島８８－５", "url": "https://www.iryou.teikyouseido.mhlw.go.jp/znk-web/juminkanja/S2430/initialize?prefCd=30&kikanCd=2249900000&kikanKbn=2", "url2": "https://honda-naika.jp" }, "geometry": { "type": "Point", "coordinates": [ 135.160711, 34.250216 ] } },
{ "type": "Feature", "properties": { "内容": "医療法人心月会　つきやま眼科クリニック【2:診療所】【診療科目:眼科】和歌山県橋本市古佐田１－５－５", "url": "https://www.iryou.teikyouseido.mhlw.go.jp/znk-web/juminkanja/S2430/initialize?prefCd=30&kikanCd=2252400000&kikanKbn=2", "url2": "https://tsukiyama-eye.jp" }, "geometry": { "type": "Point", "coordinates": [ 135.613781, 34.317467 ] } },
{ "type": "Feature", "properties": { "内容": "ふじ戸台レディースクリニック【2:診療所】【診療科目:産婦人科_産科_婦人科】和歌山県和歌山市ふじと台６番地　ふじと台ステーションビルエスタシオン東棟４階　　４０７号室", "url": "https://www.iryou.teikyouseido.mhlw.go.jp/znk-web/juminkanja/S2430/initialize?prefCd=30&kikanCd=2254800000&kikanKbn=2", "url2": "https://fujitodailc.net/" }, "geometry": { "type": "Point", "coordinates": [ 135.147484, 34.276414 ] } },
{ "type": "Feature", "properties": { "内容": "ＫＡＹ　ＣＬＩＮＩＣ【2:診療所】【診療科目:内科_外科_肛門外科_産婦人科_産科_婦人科】和歌山県和歌山市小雑賀三丁目３番１４号", "url": "https://www.iryou.teikyouseido.mhlw.go.jp/znk-web/juminkanja/S2430/initialize?prefCd=30&kikanCd=2257300000&kikanKbn=2", "url2": "https://kay-cl.com" }, "geometry": { "type": "Point", "coordinates": [ 135.185489, 34.212971 ] } },
{ "type": "Feature", "properties": { "内容": "岩出こころの診療所【2:診療所】【診療科目:精神科_心療内科_老年精神科】和歌山県岩出市大町１６０番１０", "url": "https://www.iryou.teikyouseido.mhlw.go.jp/znk-web/juminkanja/S2430/initialize?prefCd=30&kikanCd=2257500000&kikanKbn=2", "url2": "https://www.iwade-kokoro.jp/" }, "geometry": { "type": "Point", "coordinates": [ 135.321197, 34.257552 ] } },
{ "type": "Feature", "properties": { "内容": "土井皮フ科【2:診療所】【診療科目:皮膚科】和歌山県田辺市中万呂３２－１", "url": "https://www.iryou.teikyouseido.mhlw.go.jp/znk-web/juminkanja/S2430/initialize?prefCd=30&kikanCd=2258500000&kikanKbn=2", "url2": "https://doihifu.jp/" }, "geometry": { "type": "Point", "coordinates": [ 135.400712, 33.738055 ] } },
{ "type": "Feature", "properties": { "内容": "にしざわ泌尿器科クリニック【2:診療所】【診療科目:外科_泌尿器科】和歌山県岩出市中黒２４３‐２", "url": "https://www.iryou.teikyouseido.mhlw.go.jp/znk-web/juminkanja/S2430/initialize?prefCd=30&kikanCd=2259300000&kikanKbn=2", "url2": "https://nishizawa-urology.com/" }, "geometry": { "type": "Point", "coordinates": [ 135.294578, 34.270501 ] } },
{ "type": "Feature", "properties": { "内容": "わかやま友田町クリニック【2:診療所】【診療科目:神経内科_精神科_心療内科】和歌山県和歌山市友田町四丁目１３０番地　Ａｔｏｗｅｒ２階２０７－２号室", "url": "https://www.iryou.teikyouseido.mhlw.go.jp/znk-web/juminkanja/S2430/initialize?prefCd=30&kikanCd=2259600000&kikanKbn=2", "url2": "https://wakayama-tomodacho.com/" }, "geometry": { "type": "Point", "coordinates": [ 135.188833, 34.23317 ] } },
{ "type": "Feature", "properties": { "内容": "みゆき内科クリニック【2:診療所】【診療科目:内科_糖尿病内科_内分泌内科_消化器内科】和歌山県和歌山市西庄５５９－２１", "url": "https://www.iryou.teikyouseido.mhlw.go.jp/znk-web/juminkanja/S2430/initialize?prefCd=30&kikanCd=2259700000&kikanKbn=2", "url2": "https://miyuki-naika.jp/" }, "geometry": { "type": "Point", "coordinates": [ 135.105097, 34.260634 ] } },
{ "type": "Feature", "properties": { "内容": "湘南美容クリニック和歌山院【2:診療所】【診療科目:美容外科_美容皮膚科】和歌山県和歌山市友田町五丁目１８番地　和歌山ミオ北館２階", "url": "https://www.iryou.teikyouseido.mhlw.go.jp/znk-web/juminkanja/S2430/initialize?prefCd=30&kikanCd=2259800000&kikanKbn=2", "url2": "https://www.s-b-c.net/clinic/branch/wakayama/" }, "geometry": { "type": "Point", "coordinates": [ 135.190047, 34.232793 ] } },
{ "type": "Feature", "properties": { "内容": "しまクリニック【2:診療所】【診療科目:内科_肛門外科_小児科_産婦人科】和歌山県有田郡有田川町天満２４８－１", "url": "https://www.iryou.teikyouseido.mhlw.go.jp/znk-web/juminkanja/S2430/initialize?prefCd=30&kikanCd=2260600000&kikanKbn=2", "url2": "http://www.nnc.or.jp/~k-shima/" }, "geometry": { "type": "Point", "coordinates": [ 135.201411, 34.057849 ] } },
{ "type": "Feature", "properties": { "内容": "月森泌尿器科クリニック【2:診療所】【診療科目:内科_外科_泌尿器科】和歌山県田辺市明洋二丁目２１番５号", "url": "https://www.iryou.teikyouseido.mhlw.go.jp/znk-web/juminkanja/S2430/initialize?prefCd=30&kikanCd=2260700000&kikanKbn=2", "url2": "https://tsukimori-urology.com/" }, "geometry": { "type": "Point", "coordinates": [ 135.357264, 33.742187 ] } },
{ "type": "Feature", "properties": { "内容": "ブランクリニック　和歌山院【2:診療所】【診療科目:皮膚科_美容皮膚科】和歌山県和歌山市太田１丁目１０番地８　エヌ・アイ・シー第２ビル", "url": "https://www.iryou.teikyouseido.mhlw.go.jp/znk-web/juminkanja/S2430/initialize?prefCd=30&kikanCd=2260800000&kikanKbn=2", "url2": "https://bccl.jp/about/wakayama/" }, "geometry": { "type": "Point", "coordinates": [ 135.192516, 34.231305 ] } },
{ "type": "Feature", "properties": { "内容": "まえだクリニック【2:診療所】【診療科目:内科_消化器内科_外科_大腸・肛門外科】和歌山県和歌山市西浜７８１－２", "url": "https://www.iryou.teikyouseido.mhlw.go.jp/znk-web/juminkanja/S2430/initialize?prefCd=30&kikanCd=2261600000&kikanKbn=2", "url2": "https://www.maeda-clinic2022.com/" }, "geometry": { "type": "Point", "coordinates": [ 135.158858, 34.207654 ] } },
{ "type": "Feature", "properties": { "内容": "あや内科消化器クリニック【2:診療所】【診療科目:内科_消化器内科】和歌山県有田郡有田川町土生５１－１", "url": "https://www.iryou.teikyouseido.mhlw.go.jp/znk-web/juminkanja/S2430/initialize?prefCd=30&kikanCd=2261800000&kikanKbn=2", "url2": "https://aya-naika.com/" }, "geometry": { "type": "Point", "coordinates": [ 135.207565, 34.059439 ] } },
{ "type": "Feature", "properties": { "内容": "ようこクリニック【2:診療所】【診療科目:内科_消化器内科_内視鏡内科】和歌山県和歌山市中之島７６３番地", "url": "https://www.iryou.teikyouseido.mhlw.go.jp/znk-web/juminkanja/S2430/initialize?prefCd=30&kikanCd=2262000000&kikanKbn=2", "url2": "https://www.yoko-clinic-wakayama.com/" }, "geometry": { "type": "Point", "coordinates": [ 135.180561, 34.241168 ] } },
{ "type": "Feature", "properties": { "内容": "きむら皮膚科【2:診療所】【診療科目:皮膚科】和歌山県紀の川市花野４９６－７", "url": "https://www.iryou.teikyouseido.mhlw.go.jp/znk-web/juminkanja/S2430/initialize?prefCd=30&kikanCd=2262200000&kikanKbn=2", "url2": "https://kimura-hifuka.net/" }, "geometry": { "type": "Point", "coordinates": [ 135.356497, 34.261892 ] } },
{ "type": "Feature", "properties": { "内容": "ＴＣＢ　東京中央美容外科・ＴＣＢ　スキンクリニック　和歌山院【2:診療所】【診療科目:形成外科_美容外科_皮膚科_美容皮膚科】和歌山県和歌山市美園町４－８１－１　　ＳＯＰＨＩＡ和歌山イーストプラザ１号館３階", "url": "https://www.iryou.teikyouseido.mhlw.go.jp/znk-web/juminkanja/S2430/initialize?prefCd=30&kikanCd=2262800000&kikanKbn=2", "url2": "https://aoki-tsuyoshi.com/" }, "geometry": { "type": "Point", "coordinates": [ 135.189126, 34.230746 ] } },
{ "type": "Feature", "properties": { "内容": "にじいろ内科クリニック【2:診療所】【診療科目:内科_老年内科_小児科】和歌山県伊都郡かつらぎ町大谷８９３－９", "url": "https://www.iryou.teikyouseido.mhlw.go.jp/znk-web/juminkanja/S2430/initialize?prefCd=30&kikanCd=2263500000&kikanKbn=2", "url2": "https://www.nijiironaika.com/" }, "geometry": { "type": "Point", "coordinates": [ 135.490016, 34.292357 ] } },
{ "type": "Feature", "properties": { "内容": "宮整形外科クリニック【2:診療所】【診療科目:整形外科_リハビリテーション科】和歌山県和歌山市秋月４７４－１", "url": "https://www.iryou.teikyouseido.mhlw.go.jp/znk-web/juminkanja/S2430/initialize?prefCd=30&kikanCd=2263900000&kikanKbn=2", "url2": "https://miya-ortho-clinic.com/" }, "geometry": { "type": "Point", "coordinates": [ 135.206903, 34.226442 ] } },
{ "type": "Feature", "properties": { "内容": "宗教法人木本八幡宮　木本こころの診療所【2:診療所】【診療科目:精神科_心療内科】和歌山県和歌山市木ノ本１１５３", "url": "https://www.iryou.teikyouseido.mhlw.go.jp/znk-web/juminkanja/S2430/initialize?prefCd=30&kikanCd=2264000000&kikanKbn=2", "url2": "https://kimoto-kokoro.com" }, "geometry": { "type": "Point", "coordinates": [ 135.1227724, 34.2639796 ] } },
{ "type": "Feature", "properties": { "内容": "のうがわ内科・血液内科クリニック【2:診療所】【診療科目:内科_血液内科】和歌山県和歌山市元博労町２０番地", "url": "https://www.iryou.teikyouseido.mhlw.go.jp/znk-web/juminkanja/S2430/initialize?prefCd=30&kikanCd=2264900000&kikanKbn=2", "url2": "https//nohgawa-cl.com" }, "geometry": { "type": "Point", "coordinates": [ 135.169989, 34.235229 ] } },
{ "type": "Feature", "properties": { "内容": "医療法人明星会　星の森消化器内科クリニック【2:診療所】【診療科目:内科_消化器内科_放射線科】和歌山県岩出市中迫字塚本１４５他　フォレストモール岩出Ⅰ棟", "url": "https://www.iryou.teikyouseido.mhlw.go.jp/znk-web/juminkanja/S2430/initialize?prefCd=30&kikanCd=2265200000&kikanKbn=2", "url2": "https://hoshinomori-cl.com/" }, "geometry": { "type": "Point", "coordinates": [ 135.315376, 34.260111 ] } },
{ "type": "Feature", "properties": { "内容": "おのクリニック【2:診療所】【診療科目:児童精神科_精神科_心療内科】和歌山県和歌山市太田１－１４－１１オオトヨビル２階", "url": "https://www.iryou.teikyouseido.mhlw.go.jp/znk-web/juminkanja/S2430/initialize?prefCd=30&kikanCd=2265400000&kikanKbn=2", "url2": "https://onoclinic-wakayama.com" }, "geometry": { "type": "Point", "coordinates": [ 135.192778, 34.231745 ] } },
{ "type": "Feature", "properties": { "内容": "あいあい耳鼻咽喉科アレルギー科　みやざきクリニック【2:診療所】【診療科目:頭頸部外科_小児耳鼻いんこう科_耳鼻いんこう科_頭頸部・耳鼻いんこう科_アレルギー科】和歌山県岩出市中迫１４７　フォレストモール岩出", "url": "https://www.iryou.teikyouseido.mhlw.go.jp/znk-web/juminkanja/S2430/initialize?prefCd=30&kikanCd=2266100000&kikanKbn=2", "url2": null }, "geometry": { "type": "Point", "coordinates": [ 135.315004, 34.259801 ] } },
{ "type": "Feature", "properties": { "内容": "公園前もり眼科【2:診療所】【診療科目:眼科】和歌山県和歌山市十番丁１２十番丁ビル３階", "url": "https://www.iryou.teikyouseido.mhlw.go.jp/znk-web/juminkanja/S2430/initialize?prefCd=30&kikanCd=2266300000&kikanKbn=2", "url2": null }, "geometry": { "type": "Point", "coordinates": [ 135.173954, 34.230952 ] } },
{ "type": "Feature", "properties": { "内容": "いわぐろハートクリニック【2:診療所】【診療科目:内科_循環器内科】和歌山県西牟婁郡上富田町朝来５５６－１７", "url": "https://www.iryou.teikyouseido.mhlw.go.jp/znk-web/juminkanja/S2430/initialize?prefCd=30&kikanCd=2266800000&kikanKbn=2", "url2": null }, "geometry": { "type": "Point", "coordinates": [ 135.426032, 33.697286 ] } },
{ "type": "Feature", "properties": { "内容": "あしかわ在宅クリニック【2:診療所】【診療科目:内科_外科_救急科】和歌山県田辺市新庄町３０７６－６", "url": "https://www.iryou.teikyouseido.mhlw.go.jp/znk-web/juminkanja/S2430/initialize?prefCd=30&kikanCd=2266900000&kikanKbn=2", "url2": null }, "geometry": { "type": "Point", "coordinates": [ 135.388515500000011, 33.7008367 ] } },
{ "type": "Feature", "properties": { "内容": "Ａｚクリニック【2:診療所】【診療科目:皮膚科_泌尿器科】和歌山県和歌山市十一番丁９京橋ビル３０５", "url": "https://www.iryou.teikyouseido.mhlw.go.jp/znk-web/juminkanja/S2430/initialize?prefCd=30&kikanCd=2267000000&kikanKbn=2", "url2": null }, "geometry": { "type": "Point", "coordinates": [ 135.174708, 34.232299 ] } },
{ "type": "Feature", "properties": { "内容": "坂口内科・外科・往診クリニック【2:診療所】【診療科目:内科_緩和ケア内科_外科_整形外科_皮膚科_泌尿器科_リウマチ科_リハビリテーション科】和歌山県紀の川市貴志川町神戸４５２－１", "url": "https://www.iryou.teikyouseido.mhlw.go.jp/znk-web/juminkanja/S2430/initialize?prefCd=30&kikanCd=2267500000&kikanKbn=2", "url2": null }, "geometry": { "type": "Point", "coordinates": [ 135.31286, 34.213203 ] } },
{ "type": "Feature", "properties": { "内容": "みき眼科【2:診療所】【診療科目:眼科】和歌山県海南市船尾１９３－４", "url": "https://www.iryou.teikyouseido.mhlw.go.jp/znk-web/juminkanja/S2430/initialize?prefCd=30&kikanCd=226760000&kikanKbn=2", "url2": "https://www.miki-ganka.jp" }, "geometry": { "type": "Point", "coordinates": [ 135.207037, 34.158693 ] } },
{ "type": "Feature", "properties": { "内容": "和歌山市駅あかまつ消化器内科・内視鏡クリニック【2:診療所】【診療科目:消化器内科_内視鏡内科】和歌山県和歌山市東蔵前丁３９キーノ和歌山３階", "url": "https://www.iryou.teikyouseido.mhlw.go.jp/znk-web/juminkanja/S2430/initialize?prefCd=30&kikanCd=2303300003&kikanKbn=2", "url2": "https://www.akamatsu-ge-clinic.com/" }, "geometry": { "type": "Point", "coordinates": [ 135.166419, 34.236238 ] } },
{ "type": "Feature", "properties": { "内容": "医療法人社団マザー・キーファミール産院ありだ【2:診療所】【診療科目:女性内科_産婦人科_産科_婦人科_不妊外来】和歌山県有田市糸我町中番４０８－３", "url": "https://www.iryou.teikyouseido.mhlw.go.jp/znk-web/juminkanja/S2430/initialize?prefCd=30&kikanCd=2305400001&kikanKbn=2", "url2": null }, "geometry": { "type": "Point", "coordinates": [ 135.175222, 34.067067 ] } },
{ "type": "Feature", "properties": { "内容": "ありだがわ眼科医院【2:診療所】【診療科目:眼科】和歌山県有田郡有田川町天満３４２番地１", "url": "https://www.iryou.teikyouseido.mhlw.go.jp/znk-web/juminkanja/S2430/initialize?prefCd=30&kikanCd=2305400002&kikanKbn=2", "url2": null }, "geometry": { "type": "Point", "coordinates": [ 135.204448, 34.060993 ] } },
{ "type": "Feature", "properties": { "内容": "にしおかクリニック【2:診療所】【診療科目:内科_消化器内科】和歌山県有田郡有田川町小島２９１番地９", "url": "https://www.iryou.teikyouseido.mhlw.go.jp/znk-web/juminkanja/S2430/initialize?prefCd=30&kikanCd=2305400003&kikanKbn=2", "url2": "https://www.nishioka-hp.net/cont9/main.html" }, "geometry": { "type": "Point", "coordinates": [ 135.195369, 34.065665 ] } },
{ "type": "Feature", "properties": { "内容": "井上眼科【2:診療所】【診療科目:眼科】和歌山県御坊市湯川町財部８５２", "url": "https://www.iryou.teikyouseido.mhlw.go.jp/znk-web/juminkanja/S2430/initialize?prefCd=30&kikanCd=2305500001&kikanKbn=2", "url2": "https://www.inoue-ganka-wakayama.jp/" }, "geometry": { "type": "Point", "coordinates": [ 135.159885, 33.900971 ] } },
{ "type": "Feature", "properties": { "内容": "おくむら在宅クリニック【2:診療所】【診療科目:内科_糖尿病内科_緩和ケア内科_外科_救急科】和歌山県日高郡日高川町千津川６１１６－１", "url": "https://www.iryou.teikyouseido.mhlw.go.jp/znk-web/juminkanja/S2430/initialize?prefCd=30&kikanCd=2305500002&kikanKbn=2", "url2": null }, "geometry": { "type": "Point", "coordinates": [ 135.1845482, 33.9391496 ] } },
{ "type": "Feature", "properties": { "内容": "田辺市中辺路第１診療所【2:診療所】【診療科目:内科】和歌山県田辺市中辺路町栗栖川２８番地の２", "url": "https://www.iryou.teikyouseido.mhlw.go.jp/znk-web/juminkanja/S2430/initialize?prefCd=30&kikanCd=2305600001&kikanKbn=2", "url2": null }, "geometry": { "type": "Point", "coordinates": [ 135.507881, 33.78834 ] } }
]
}
