{
"type": "FeatureCollection",
"name": "geo_30_5",
"crs": { "type": "name", "properties": { "name": "urn:ogc:def:crs:OGC:1.3:CRS84" } },
"features": [
{ "type": "Feature", "properties": { "内容": "ふゆの薬局【5:薬局】和歌山県和歌山市冬野１７６４－１", "url": "https://www.iryou.teikyouseido.mhlw.go.jp/znk-web/juminkanja/S2430/initialize?prefCd=30&kikanCd=010402&kikanKbn=5", "url2": "https://www.rainbow-bridge.jp/" }, "geometry": { "type": "Point", "coordinates": [ 135.20797, 34.181849 ] } },
{ "type": "Feature", "properties": { "内容": "エグチ薬局秋月店【5:薬局】和歌山県和歌山市秋月５４５－２", "url": "https://www.iryou.teikyouseido.mhlw.go.jp/znk-web/juminkanja/S2430/initialize?prefCd=30&kikanCd=010530&kikanKbn=5", "url2": null }, "geometry": { "type": "Point", "coordinates": [ 135.20309, 34.226272 ] } },
{ "type": "Feature", "properties": { "内容": "エグチ薬局【5:薬局】和歌山県和歌山市黒田１２０　アソートクロダ１Ｆ", "url": "https://www.iryou.teikyouseido.mhlw.go.jp/znk-web/juminkanja/S2430/initialize?prefCd=30&kikanCd=010531&kikanKbn=5", "url2": null }, "geometry": { "type": "Point", "coordinates": [ 135.192422, 34.23605 ] } },
{ "type": "Feature", "properties": { "内容": "かるがも薬局和歌山駅前店【5:薬局】和歌山県和歌山市友田町５丁目４５", "url": "https://www.iryou.teikyouseido.mhlw.go.jp/znk-web/juminkanja/S2430/initialize?prefCd=30&kikanCd=010536&kikanKbn=5", "url2": null }, "geometry": { "type": "Point", "coordinates": [ 135.189441, 34.233111 ] } },
{ "type": "Feature", "properties": { "内容": "江本薬局【5:薬局】和歌山県和歌山市毛見２９５－９", "url": "https://www.iryou.teikyouseido.mhlw.go.jp/znk-web/juminkanja/S2430/initialize?prefCd=30&kikanCd=010825&kikanKbn=5", "url2": "http://emotoyakkyoku.com/" }, "geometry": { "type": "Point", "coordinates": [ 135.198052, 34.168376 ] } },
{ "type": "Feature", "properties": { "内容": "エース薬局北島店【5:薬局】和歌山県和歌山市北島１００－６", "url": "https://www.iryou.teikyouseido.mhlw.go.jp/znk-web/juminkanja/S2430/initialize?prefCd=30&kikanCd=010988&kikanKbn=5", "url2": "http://www.ginmeido.co.jp/" }, "geometry": { "type": "Point", "coordinates": [ 135.158686, 34.241863 ] } },
{ "type": "Feature", "properties": { "内容": "すみれ調剤薬局【5:薬局】和歌山県和歌山市塩屋６－２－６５", "url": "https://www.iryou.teikyouseido.mhlw.go.jp/znk-web/juminkanja/S2430/initialize?prefCd=30&kikanCd=011168&kikanKbn=5", "url2": "https://shohosen.jp/pharmacy/#sumire" }, "geometry": { "type": "Point", "coordinates": [ 135.177236, 34.197193 ] } },
{ "type": "Feature", "properties": { "内容": "ふたば調剤薬局【5:薬局】和歌山県和歌山市木ノ本１１６－３", "url": "https://www.iryou.teikyouseido.mhlw.go.jp/znk-web/juminkanja/S2430/initialize?prefCd=30&kikanCd=011185&kikanKbn=5", "url2": null }, "geometry": { "type": "Point", "coordinates": [ 135.124243, 34.257041 ] } },
{ "type": "Feature", "properties": { "内容": "森の薬局　花山店【5:薬局】和歌山県和歌山市秋月４８４", "url": "https://www.iryou.teikyouseido.mhlw.go.jp/znk-web/juminkanja/S2430/initialize?prefCd=30&kikanCd=011269&kikanKbn=5", "url2": null }, "geometry": { "type": "Point", "coordinates": [ 135.207339, 34.225041 ] } },
{ "type": "Feature", "properties": { "内容": "調剤薬局ツルハドラッグ琴の浦店【5:薬局】和歌山県和歌山市毛見９２８－６", "url": "https://www.iryou.teikyouseido.mhlw.go.jp/znk-web/juminkanja/S2430/initialize?prefCd=30&kikanCd=011829&kikanKbn=5", "url2": "http://www.tsuruha.co.jp/shop/?cm=v&amp;id=1499" }, "geometry": { "type": "Point", "coordinates": [ 135.185365, 34.158441 ] } },
{ "type": "Feature", "properties": { "内容": "たんぽぽ薬局　和歌山医大前店【5:薬局】和歌山県和歌山市紀三井寺８１１番地の６２", "url": "https://www.iryou.teikyouseido.mhlw.go.jp/znk-web/juminkanja/S2430/initialize?prefCd=30&kikanCd=011917&kikanKbn=5", "url2": "https://www.tanpopo-ph.co.jp/" }, "geometry": { "type": "Point", "coordinates": [ 135.183242, 34.1884 ] } },
{ "type": "Feature", "properties": { "内容": "エグチ薬局内原店【5:薬局】和歌山県和歌山市内原９４１－２３", "url": "https://www.iryou.teikyouseido.mhlw.go.jp/znk-web/juminkanja/S2430/initialize?prefCd=30&kikanCd=011962&kikanKbn=5", "url2": null }, "geometry": { "type": "Point", "coordinates": [ 135.190588, 34.171242 ] } },
{ "type": "Feature", "properties": { "内容": "株式会社　第一薬局　黒田【5:薬局】和歌山県和歌山市黒田１３９－３", "url": "https://www.iryou.teikyouseido.mhlw.go.jp/znk-web/juminkanja/S2430/initialize?prefCd=30&kikanCd=012046&kikanKbn=5", "url2": "https://d1p.co.jp/" }, "geometry": { "type": "Point", "coordinates": [ 135.19387, 34.235598 ] } },
{ "type": "Feature", "properties": { "内容": "真進堂薬局【5:薬局】和歌山県和歌山市松ケ丘１－８－２３", "url": "https://www.iryou.teikyouseido.mhlw.go.jp/znk-web/juminkanja/S2430/initialize?prefCd=30&kikanCd=012077&kikanKbn=5", "url2": null }, "geometry": { "type": "Point", "coordinates": [ 135.166288, 34.20432 ] } },
{ "type": "Feature", "properties": { "内容": "ほのぼの薬局【5:薬局】和歌山県和歌山市新在家１６２", "url": "https://www.iryou.teikyouseido.mhlw.go.jp/znk-web/juminkanja/S2430/initialize?prefCd=30&kikanCd=012422&kikanKbn=5", "url2": "http://www.honobono-pharmacy.com/" }, "geometry": { "type": "Point", "coordinates": [ 135.196265, 34.244938 ] } },
{ "type": "Feature", "properties": { "内容": "イオン薬局和歌山店【5:薬局】和歌山県和歌山市ふじと台２３番地イオン和歌山店１階", "url": "https://www.iryou.teikyouseido.mhlw.go.jp/znk-web/juminkanja/S2430/initialize?prefCd=30&kikanCd=012669&kikanKbn=5", "url2": null }, "geometry": { "type": "Point", "coordinates": [ 135.149454, 34.274824 ] } },
{ "type": "Feature", "properties": { "内容": "なかい薬局【5:薬局】和歌山県和歌山市松江北７－１２５９－１７２", "url": "https://www.iryou.teikyouseido.mhlw.go.jp/znk-web/juminkanja/S2430/initialize?prefCd=30&kikanCd=012747&kikanKbn=5", "url2": null }, "geometry": { "type": "Point", "coordinates": [ 135.127609, 34.251681 ] } },
{ "type": "Feature", "properties": { "内容": "マリン調剤薬局【5:薬局】和歌山県和歌山市黒田１丁目１－１６", "url": "https://www.iryou.teikyouseido.mhlw.go.jp/znk-web/juminkanja/S2430/initialize?prefCd=30&kikanCd=012816&kikanKbn=5", "url2": "http://sanmi-g.co.jp/" }, "geometry": { "type": "Point", "coordinates": [ 135.192706, 34.233151 ] } },
{ "type": "Feature", "properties": { "内容": "関西薬局　和歌山店【5:薬局】和歌山県和歌山市友田町４丁目１３０番　１階", "url": "https://www.iryou.teikyouseido.mhlw.go.jp/znk-web/juminkanja/S2430/initialize?prefCd=30&kikanCd=020211&kikanKbn=5", "url2": "https://www.kyowa-gr.jp/" }, "geometry": { "type": "Point", "coordinates": [ 135.188353, 34.233176 ] } },
{ "type": "Feature", "properties": { "内容": "有限会社　松本薬局　雄湊店【5:薬局】和歌山県和歌山市網屋町９６", "url": "https://www.iryou.teikyouseido.mhlw.go.jp/znk-web/juminkanja/S2430/initialize?prefCd=30&kikanCd=020327&kikanKbn=5", "url2": "https://www.m-d-s.jp/" }, "geometry": { "type": "Point", "coordinates": [ 135.162357, 34.22852 ] } },
{ "type": "Feature", "properties": { "内容": "株式会社第一薬局　小雑賀【5:薬局】和歌山県和歌山市小雑賀７２６－８", "url": "https://www.iryou.teikyouseido.mhlw.go.jp/znk-web/juminkanja/S2430/initialize?prefCd=30&kikanCd=020458&kikanKbn=5", "url2": "https://d1p.co.jp/" }, "geometry": { "type": "Point", "coordinates": [ 135.185882, 34.199319 ] } },
{ "type": "Feature", "properties": { "内容": "アハト調剤薬局【5:薬局】和歌山県和歌山市狐島３８８－３", "url": "https://www.iryou.teikyouseido.mhlw.go.jp/znk-web/juminkanja/S2430/initialize?prefCd=30&kikanCd=020985&kikanKbn=5", "url2": "http://www.cosmo-ph.co.jp/" }, "geometry": { "type": "Point", "coordinates": [ 135.152657, 34.244154 ] } },
{ "type": "Feature", "properties": { "内容": "コスモファーマ薬局　三木町店【5:薬局】和歌山県和歌山市南休賀町８番地", "url": "https://www.iryou.teikyouseido.mhlw.go.jp/znk-web/juminkanja/S2430/initialize?prefCd=30&kikanCd=020986&kikanKbn=5", "url2": "http://www.cosmo-ph.co.jp/" }, "geometry": { "type": "Point", "coordinates": [ 135.179757, 34.230597 ] } },
{ "type": "Feature", "properties": { "内容": "調剤薬局ピース【5:薬局】和歌山県和歌山市北島４５３", "url": "https://www.iryou.teikyouseido.mhlw.go.jp/znk-web/juminkanja/S2430/initialize?prefCd=30&kikanCd=020987&kikanKbn=5", "url2": "http://www.cosmo-ph.co.jp/" }, "geometry": { "type": "Point", "coordinates": [ 135.15535, 34.238013 ] } },
{ "type": "Feature", "properties": { "内容": "コスモファーマ薬局　太田店【5:薬局】和歌山県和歌山市太田二丁目１３番１０号　ヒロメディカル第２ビル", "url": "https://www.iryou.teikyouseido.mhlw.go.jp/znk-web/juminkanja/S2430/initialize?prefCd=30&kikanCd=020988&kikanKbn=5", "url2": "http://www.cosmo-ph.co.jp/" }, "geometry": { "type": "Point", "coordinates": [ 135.19478, 34.231829 ] } },
{ "type": "Feature", "properties": { "内容": "コスモファーマ薬局　日赤前店【5:薬局】和歌山県和歌山市小松原通４丁目２３", "url": "https://www.iryou.teikyouseido.mhlw.go.jp/znk-web/juminkanja/S2430/initialize?prefCd=30&kikanCd=020990&kikanKbn=5", "url2": "http://www.cosmo-ph.co.jp/" }, "geometry": { "type": "Point", "coordinates": [ 135.169018, 34.21998 ] } },
{ "type": "Feature", "properties": { "内容": "ウエルシア薬局　和歌山楠見中店【5:薬局】和歌山県和歌山市楠見中２８番地３", "url": "https://www.iryou.teikyouseido.mhlw.go.jp/znk-web/juminkanja/S2430/initialize?prefCd=30&kikanCd=021015&kikanKbn=5", "url2": "http://www.welcia-yakkyoku.co.jp/" }, "geometry": { "type": "Point", "coordinates": [ 135.176007, 34.252995 ] } },
{ "type": "Feature", "properties": { "内容": "紀伊調剤薬局【5:薬局】和歌山県和歌山市北野３０６", "url": "https://www.iryou.teikyouseido.mhlw.go.jp/znk-web/juminkanja/S2430/initialize?prefCd=30&kikanCd=021043&kikanKbn=5", "url2": null }, "geometry": { "type": "Point", "coordinates": [ 135.247692, 34.268989 ] } },
{ "type": "Feature", "properties": { "内容": "アルテ調剤薬局【5:薬局】和歌山県和歌山市北島５５８－７", "url": "https://www.iryou.teikyouseido.mhlw.go.jp/znk-web/juminkanja/S2430/initialize?prefCd=30&kikanCd=021044&kikanKbn=5", "url2": null }, "geometry": { "type": "Point", "coordinates": [ 135.16278, 34.24415 ] } },
{ "type": "Feature", "properties": { "内容": "タイガー薬局　県庁前店【5:薬局】和歌山県和歌山市久右衛門丁４６　ＴＢＡビル１階", "url": "https://www.iryou.teikyouseido.mhlw.go.jp/znk-web/juminkanja/S2430/initialize?prefCd=30&kikanCd=021068&kikanKbn=5", "url2": "http://www.tiger-pharmacy.co.jp/" }, "geometry": { "type": "Point", "coordinates": [ 135.16585, 34.225431 ] } },
{ "type": "Feature", "properties": { "内容": "たんぽぽ薬局　和歌山日赤前店【5:薬局】和歌山県和歌山市小松原通四丁目２２番地　トーホービル１階", "url": "https://www.iryou.teikyouseido.mhlw.go.jp/znk-web/juminkanja/S2430/initialize?prefCd=30&kikanCd=021205&kikanKbn=5", "url2": "https://www.tanpopo-ph.co.jp/" }, "geometry": { "type": "Point", "coordinates": [ 135.169011, 34.220038 ] } },
{ "type": "Feature", "properties": { "内容": "けやき通り漢方薬局【5:薬局】和歌山県和歌山市北ノ新地中六軒丁１１　１Ｆ", "url": "https://www.iryou.teikyouseido.mhlw.go.jp/znk-web/juminkanja/S2430/initialize?prefCd=30&kikanCd=021443&kikanKbn=5", "url2": null }, "geometry": { "type": "Point", "coordinates": [ 135.183224, 34.231638 ] } },
{ "type": "Feature", "properties": { "内容": "フロンティア薬局和歌山日赤前店【5:薬局】和歌山県和歌山市小松原通４－１９", "url": "https://www.iryou.teikyouseido.mhlw.go.jp/znk-web/juminkanja/S2430/initialize?prefCd=30&kikanCd=021485&kikanKbn=5", "url2": "https://www.frontier-ph.com/" }, "geometry": { "type": "Point", "coordinates": [ 135.168942, 34.220715 ] } },
{ "type": "Feature", "properties": { "内容": "マリーン薬局小雑賀店【5:薬局】和歌山県和歌山市小雑賀１５８－４", "url": "https://www.iryou.teikyouseido.mhlw.go.jp/znk-web/juminkanja/S2430/initialize?prefCd=30&kikanCd=021501&kikanKbn=5", "url2": null }, "geometry": { "type": "Point", "coordinates": [ 135.183916, 34.204222 ] } },
{ "type": "Feature", "properties": { "内容": "調剤薬局ネットワーク栄谷店【5:薬局】和歌山県和歌山市栄谷１６４－２４", "url": "https://www.iryou.teikyouseido.mhlw.go.jp/znk-web/juminkanja/S2430/initialize?prefCd=30&kikanCd=021502&kikanKbn=5", "url2": null }, "geometry": { "type": "Point", "coordinates": [ 135.153733, 34.254782 ] } },
{ "type": "Feature", "properties": { "内容": "エグチ薬局堀止店【5:薬局】和歌山県和歌山市堀止南ノ丁４－３７", "url": "https://www.iryou.teikyouseido.mhlw.go.jp/znk-web/juminkanja/S2430/initialize?prefCd=30&kikanCd=021626&kikanKbn=5", "url2": null }, "geometry": { "type": "Point", "coordinates": [ 135.170942, 34.21264 ] } },
{ "type": "Feature", "properties": { "内容": "ワン・ツー・スリー薬局【5:薬局】和歌山県和歌山市手平５－１－１９", "url": "https://www.iryou.teikyouseido.mhlw.go.jp/znk-web/juminkanja/S2430/initialize?prefCd=30&kikanCd=021870&kikanKbn=5", "url2": null }, "geometry": { "type": "Point", "coordinates": [ 135.186616, 34.215491 ] } },
{ "type": "Feature", "properties": { "内容": "株式会社第一薬局医大前【5:薬局】和歌山県和歌山市紀三井寺８６３－２６", "url": "https://www.iryou.teikyouseido.mhlw.go.jp/znk-web/juminkanja/S2430/initialize?prefCd=30&kikanCd=021951&kikanKbn=5", "url2": "https://d1p.co.jp/" }, "geometry": { "type": "Point", "coordinates": [ 135.183776, 34.188408 ] } },
{ "type": "Feature", "properties": { "内容": "コスモファーマ薬局美園店【5:薬局】和歌山県和歌山市田中町３－２８", "url": "https://www.iryou.teikyouseido.mhlw.go.jp/znk-web/juminkanja/S2430/initialize?prefCd=30&kikanCd=022009&kikanKbn=5", "url2": "http://www.cosmo-ph.co.jp/" }, "geometry": { "type": "Point", "coordinates": [ 135.187656, 34.228858 ] } },
{ "type": "Feature", "properties": { "内容": "日本調剤和歌山西薬局【5:薬局】和歌山県和歌山市古屋６０", "url": "https://www.iryou.teikyouseido.mhlw.go.jp/znk-web/juminkanja/S2430/initialize?prefCd=30&kikanCd=022173&kikanKbn=5", "url2": "https://www.nicho.co.jp/" }, "geometry": { "type": "Point", "coordinates": [ 135.120901, 34.256864 ] } },
{ "type": "Feature", "properties": { "内容": "ファーマシィ薬局アゼリア【5:薬局】和歌山県和歌山市木ノ本１０３－３", "url": "https://www.iryou.teikyouseido.mhlw.go.jp/znk-web/juminkanja/S2430/initialize?prefCd=30&kikanCd=022512&kikanKbn=5", "url2": "http://www.pharmacy-net.co.jp/" }, "geometry": { "type": "Point", "coordinates": [ 135.122181, 34.257048 ] } },
{ "type": "Feature", "properties": { "内容": "調剤薬局コスモス【5:薬局】和歌山県和歌山市十三番丁３８番地", "url": "https://www.iryou.teikyouseido.mhlw.go.jp/znk-web/juminkanja/S2430/initialize?prefCd=30&kikanCd=022794&kikanKbn=5", "url2": null }, "geometry": { "type": "Point", "coordinates": [ 135.170392, 34.231734 ] } },
{ "type": "Feature", "properties": { "内容": "テビラ薬局【5:薬局】和歌山県和歌山市手平４丁目２番２６号", "url": "https://www.iryou.teikyouseido.mhlw.go.jp/znk-web/juminkanja/S2430/initialize?prefCd=30&kikanCd=022822&kikanKbn=5", "url2": null }, "geometry": { "type": "Point", "coordinates": [ 135.186546, 34.217675 ] } },
{ "type": "Feature", "properties": { "内容": "あやめ調剤薬局【5:薬局】和歌山県和歌山市岩橋３１３", "url": "https://www.iryou.teikyouseido.mhlw.go.jp/znk-web/juminkanja/S2430/initialize?prefCd=30&kikanCd=022885&kikanKbn=5", "url2": "https://shohosen.jp/" }, "geometry": { "type": "Point", "coordinates": [ 135.232352, 34.238163 ] } },
{ "type": "Feature", "properties": { "内容": "そうごう薬局古屋店【5:薬局】和歌山県和歌山市古屋５９", "url": "https://www.iryou.teikyouseido.mhlw.go.jp/znk-web/juminkanja/S2430/initialize?prefCd=30&kikanCd=022960&kikanKbn=5", "url2": "https://www.sogo-medical.co.jp/" }, "geometry": { "type": "Point", "coordinates": [ 135.120982, 34.257095 ] } },
{ "type": "Feature", "properties": { "内容": "あおば調剤薬局【5:薬局】和歌山県和歌山市黒田２８１－５", "url": "https://www.iryou.teikyouseido.mhlw.go.jp/znk-web/juminkanja/S2430/initialize?prefCd=30&kikanCd=023031&kikanKbn=5", "url2": "http://shohosen.jp/" }, "geometry": { "type": "Point", "coordinates": [ 135.199064, 34.236204 ] } },
{ "type": "Feature", "properties": { "内容": "エグチ薬局中之島店【5:薬局】和歌山県和歌山市中之島２１２－１３", "url": "https://www.iryou.teikyouseido.mhlw.go.jp/znk-web/juminkanja/S2430/initialize?prefCd=30&kikanCd=023461&kikanKbn=5", "url2": null }, "geometry": { "type": "Point", "coordinates": [ 135.190555, 34.237493 ] } },
{ "type": "Feature", "properties": { "内容": "やよい堂薬局十番丁店【5:薬局】和歌山県和歌山市十番丁６１番地", "url": "https://www.iryou.teikyouseido.mhlw.go.jp/znk-web/juminkanja/S2430/initialize?prefCd=30&kikanCd=023607&kikanKbn=5", "url2": null }, "geometry": { "type": "Point", "coordinates": [ 135.176239, 34.230762 ] } },
{ "type": "Feature", "properties": { "内容": "皇漢堂薬局【5:薬局】和歌山県和歌山市毛見２９５－４２", "url": "https://www.iryou.teikyouseido.mhlw.go.jp/znk-web/juminkanja/S2430/initialize?prefCd=30&kikanCd=030175&kikanKbn=5", "url2": null }, "geometry": { "type": "Point", "coordinates": [ 135.196198, 34.167646 ] } },
{ "type": "Feature", "properties": { "内容": "オードラッグメッサガーデンパーク薬局【5:薬局】和歌山県和歌山市松江向鵜ノ島１４６９－１", "url": "https://www.iryou.teikyouseido.mhlw.go.jp/znk-web/juminkanja/S2430/initialize?prefCd=30&kikanCd=030605&kikanKbn=5", "url2": null }, "geometry": { "type": "Point", "coordinates": [ 135.153432, 34.239291 ] } },
{ "type": "Feature", "properties": { "内容": "ユニスマイル薬局たくみ店【5:薬局】和歌山県和歌山市匠町２５　ポポロビル１階", "url": "https://www.iryou.teikyouseido.mhlw.go.jp/znk-web/juminkanja/S2430/initialize?prefCd=30&kikanCd=030684&kikanKbn=5", "url2": "https://www.unismile.co.jp/" }, "geometry": { "type": "Point", "coordinates": [ 135.175485, 34.233957 ] } },
{ "type": "Feature", "properties": { "内容": "そうごう薬局　榎原中央店【5:薬局】和歌山県和歌山市榎原７３－１", "url": "https://www.iryou.teikyouseido.mhlw.go.jp/znk-web/juminkanja/S2430/initialize?prefCd=30&kikanCd=030721&kikanKbn=5", "url2": "https://www.sogo-medical.co.jp/" }, "geometry": { "type": "Point", "coordinates": [ 135.133777, 34.255263 ] } },
{ "type": "Feature", "properties": { "内容": "そうごう薬局　六十谷店【5:薬局】和歌山県和歌山市六十谷１０２３－１－４", "url": "https://www.iryou.teikyouseido.mhlw.go.jp/znk-web/juminkanja/S2430/initialize?prefCd=30&kikanCd=030722&kikanKbn=5", "url2": "https://www.sogo-medical.co.jp/" }, "geometry": { "type": "Point", "coordinates": [ 135.201444, 34.262369 ] } },
{ "type": "Feature", "properties": { "内容": "そうごう薬局　榎原店【5:薬局】和歌山県和歌山市榎原８３－１０", "url": "https://www.iryou.teikyouseido.mhlw.go.jp/znk-web/juminkanja/S2430/initialize?prefCd=30&kikanCd=030723&kikanKbn=5", "url2": "https://www.sogo-medical.co.jp/" }, "geometry": { "type": "Point", "coordinates": [ 135.135324, 34.254843 ] } },
{ "type": "Feature", "properties": { "内容": "そうごう薬局　こまつばら通店【5:薬局】和歌山県和歌山市小松原通５－１５　イケジリテナントビル１Ｆ", "url": "https://www.iryou.teikyouseido.mhlw.go.jp/znk-web/juminkanja/S2430/initialize?prefCd=30&kikanCd=030724&kikanKbn=5", "url2": "https://www.sogo-medical.co.jp/" }, "geometry": { "type": "Point", "coordinates": [ 135.167122, 34.21917 ] } },
{ "type": "Feature", "properties": { "内容": "そうごう薬局　きのもと店【5:薬局】和歌山県和歌山市木ノ本２６１－２２", "url": "https://www.iryou.teikyouseido.mhlw.go.jp/znk-web/juminkanja/S2430/initialize?prefCd=30&kikanCd=030726&kikanKbn=5", "url2": "https://www.sogo-medical.co.jp/" }, "geometry": { "type": "Point", "coordinates": [ 135.127486, 34.260636 ] } },
{ "type": "Feature", "properties": { "内容": "そうごう薬局次郎丸店【5:薬局】和歌山県和歌山市次郎丸６９－１", "url": "https://www.iryou.teikyouseido.mhlw.go.jp/znk-web/juminkanja/S2430/initialize?prefCd=30&kikanCd=030727&kikanKbn=5", "url2": "https://shop.sogo-pharmacy.jp/detail/595/" }, "geometry": { "type": "Point", "coordinates": [ 135.148728, 34.254932 ] } },
{ "type": "Feature", "properties": { "内容": "ホーム薬局【5:薬局】和歌山県和歌山市野崎２０－１１", "url": "https://www.iryou.teikyouseido.mhlw.go.jp/znk-web/juminkanja/S2430/initialize?prefCd=30&kikanCd=030835&kikanKbn=5", "url2": null }, "geometry": { "type": "Point", "coordinates": [ 135.153206, 34.244217 ] } },
{ "type": "Feature", "properties": { "内容": "和歌山県薬剤師会おくすりセンター薬局【5:薬局】和歌山県和歌山市本町２－１　フォルテワジマ５Ｆ", "url": "https://www.iryou.teikyouseido.mhlw.go.jp/znk-web/juminkanja/S2430/initialize?prefCd=30&kikanCd=030891&kikanKbn=5", "url2": "https://www.wpa.or.jp/okusuri-center/" }, "geometry": { "type": "Point", "coordinates": [ 135.174023, 34.234101 ] } },
{ "type": "Feature", "properties": { "内容": "塩屋調剤薬局【5:薬局】和歌山県和歌山市和歌浦東２－９－４６", "url": "https://www.iryou.teikyouseido.mhlw.go.jp/znk-web/juminkanja/S2430/initialize?prefCd=30&kikanCd=031306&kikanKbn=5", "url2": "https://shohosen.jp/" }, "geometry": { "type": "Point", "coordinates": [ 135.176396, 34.192695 ] } },
{ "type": "Feature", "properties": { "内容": "エバグリーン薬局　新中島店【5:薬局】和歌山県和歌山市新中島１２４", "url": "https://www.iryou.teikyouseido.mhlw.go.jp/znk-web/juminkanja/S2430/initialize?prefCd=30&kikanCd=031341&kikanKbn=5", "url2": null }, "geometry": { "type": "Point", "coordinates": [ 135.197085, 34.214789 ] } },
{ "type": "Feature", "properties": { "内容": "エバグリーン薬局古屋店【5:薬局】和歌山県和歌山市古屋８２－１", "url": "https://www.iryou.teikyouseido.mhlw.go.jp/znk-web/juminkanja/S2430/initialize?prefCd=30&kikanCd=031342&kikanKbn=5", "url2": null }, "geometry": { "type": "Point", "coordinates": [ 135.119707, 34.255568 ] } },
{ "type": "Feature", "properties": { "内容": "そうごう薬局　柳通り店【5:薬局】和歌山県和歌山市蔵小路１５－２", "url": "https://www.iryou.teikyouseido.mhlw.go.jp/znk-web/juminkanja/S2430/initialize?prefCd=30&kikanCd=031451&kikanKbn=5", "url2": "https://www.sogo-medical.co.jp/" }, "geometry": { "type": "Point", "coordinates": [ 135.185006, 34.229764 ] } },
{ "type": "Feature", "properties": { "内容": "そうごう薬局　直川店【5:薬局】和歌山県和歌山市直川９５４－１", "url": "https://www.iryou.teikyouseido.mhlw.go.jp/znk-web/juminkanja/S2430/initialize?prefCd=30&kikanCd=031452&kikanKbn=5", "url2": "https://www.sogo-medical.co.jp/" }, "geometry": { "type": "Point", "coordinates": [ 135.220515, 34.262324 ] } },
{ "type": "Feature", "properties": { "内容": "そうごう薬局太田南店【5:薬局】和歌山県和歌山市太田３８－１４", "url": "https://www.iryou.teikyouseido.mhlw.go.jp/znk-web/juminkanja/S2430/initialize?prefCd=30&kikanCd=031453&kikanKbn=5", "url2": "https://www.sogo-medical.co.jp/" }, "geometry": { "type": "Point", "coordinates": [ 135.194607, 34.225269 ] } },
{ "type": "Feature", "properties": { "内容": "エバグリーン薬局塩屋店【5:薬局】和歌山県和歌山市塩屋５丁目６７－１", "url": "https://www.iryou.teikyouseido.mhlw.go.jp/znk-web/juminkanja/S2430/initialize?prefCd=30&kikanCd=031664&kikanKbn=5", "url2": null }, "geometry": { "type": "Point", "coordinates": [ 135.178727, 34.2011 ] } },
{ "type": "Feature", "properties": { "内容": "エバグリーン薬局福島店【5:薬局】和歌山県和歌山市福島８９－１", "url": "https://www.iryou.teikyouseido.mhlw.go.jp/znk-web/juminkanja/S2430/initialize?prefCd=30&kikanCd=031665&kikanKbn=5", "url2": null }, "geometry": { "type": "Point", "coordinates": [ 135.161576, 34.249967 ] } },
{ "type": "Feature", "properties": { "内容": "有限会社河西薬局【5:薬局】和歌山県和歌山市島橋東ノ丁２４３－６７", "url": "https://www.iryou.teikyouseido.mhlw.go.jp/znk-web/juminkanja/S2430/initialize?prefCd=30&kikanCd=031745&kikanKbn=5", "url2": null }, "geometry": { "type": "Point", "coordinates": [ 135.150298, 34.242911 ] } },
{ "type": "Feature", "properties": { "内容": "エバグリーン薬局　宮街道店【5:薬局】和歌山県和歌山市秋月２２７－２", "url": "https://www.iryou.teikyouseido.mhlw.go.jp/znk-web/juminkanja/S2430/initialize?prefCd=30&kikanCd=031884&kikanKbn=5", "url2": null }, "geometry": { "type": "Point", "coordinates": [ 135.203308, 34.230554 ] } },
{ "type": "Feature", "properties": { "内容": "梅北薬局紀ノ川店【5:薬局】和歌山県和歌山市梶取１－３２", "url": "https://www.iryou.teikyouseido.mhlw.go.jp/znk-web/juminkanja/S2430/initialize?prefCd=30&kikanCd=031947&kikanKbn=5", "url2": null }, "geometry": { "type": "Point", "coordinates": [ 135.163598, 34.253564 ] } },
{ "type": "Feature", "properties": { "内容": "タバタ薬局【5:薬局】和歌山県和歌山市毛見１１０３－４", "url": "https://www.iryou.teikyouseido.mhlw.go.jp/znk-web/juminkanja/S2430/initialize?prefCd=30&kikanCd=032026&kikanKbn=5", "url2": null }, "geometry": { "type": "Point", "coordinates": [ 135.186924, 34.166668 ] } },
{ "type": "Feature", "properties": { "内容": "銀明堂薬局川辺店【5:薬局】和歌山県和歌山市川辺１８２", "url": "https://www.iryou.teikyouseido.mhlw.go.jp/znk-web/juminkanja/S2430/initialize?prefCd=30&kikanCd=032094&kikanKbn=5", "url2": "kawanabe@ginmeido.cp.jp" }, "geometry": { "type": "Point", "coordinates": [ 135.263093, 34.258404 ] } },
{ "type": "Feature", "properties": { "内容": "エバグリーン薬局　高松店【5:薬局】和歌山県和歌山市東高松３丁目８４－１", "url": "https://www.iryou.teikyouseido.mhlw.go.jp/znk-web/juminkanja/S2430/initialize?prefCd=30&kikanCd=032101&kikanKbn=5", "url2": null }, "geometry": { "type": "Point", "coordinates": [ 135.171497, 34.205906 ] } },
{ "type": "Feature", "properties": { "内容": "のぞみ薬局日赤前店【5:薬局】和歌山県和歌山市吹上２－４－４６", "url": "https://www.iryou.teikyouseido.mhlw.go.jp/znk-web/juminkanja/S2430/initialize?prefCd=30&kikanCd=032155&kikanKbn=5", "url2": "http://www.nichihos.co.jp/" }, "geometry": { "type": "Point", "coordinates": [ 135.169569, 34.22037 ] } },
{ "type": "Feature", "properties": { "内容": "きのくに薬局【5:薬局】和歌山県和歌山市藤田１５番１", "url": "https://www.iryou.teikyouseido.mhlw.go.jp/znk-web/juminkanja/S2430/initialize?prefCd=30&kikanCd=032156&kikanKbn=5", "url2": "https://www.youtsuki.com/" }, "geometry": { "type": "Point", "coordinates": [ 135.263723, 34.263584 ] } },
{ "type": "Feature", "properties": { "内容": "エバグリーン薬局広瀬店【5:薬局】和歌山県和歌山市元町奉行丁２丁目６６", "url": "https://www.iryou.teikyouseido.mhlw.go.jp/znk-web/juminkanja/S2430/initialize?prefCd=30&kikanCd=032255&kikanKbn=5", "url2": null }, "geometry": { "type": "Point", "coordinates": [ 135.183617, 34.224114 ] } },
{ "type": "Feature", "properties": { "内容": "ウエルシア薬局　和歌山有本店【5:薬局】和歌山県和歌山市有本１０２番地７", "url": "https://www.iryou.teikyouseido.mhlw.go.jp/znk-web/juminkanja/S2430/initialize?prefCd=30&kikanCd=032298&kikanKbn=5", "url2": "https://stores.welcia.co.jp/6791D" }, "geometry": { "type": "Point", "coordinates": [ 135.194222, 34.244773 ] } },
{ "type": "Feature", "properties": { "内容": "城南薬局よろずまち店【5:薬局】和歌山県和歌山市万町７　サピリア石倉ビル１Ｆ", "url": "https://www.iryou.teikyouseido.mhlw.go.jp/znk-web/juminkanja/S2430/initialize?prefCd=30&kikanCd=032436&kikanKbn=5", "url2": null }, "geometry": { "type": "Point", "coordinates": [ 135.172881, 34.233968 ] } },
{ "type": "Feature", "properties": { "内容": "保険調剤薬局コーワ【5:薬局】和歌山県和歌山市黒田１－４－１", "url": "https://www.iryou.teikyouseido.mhlw.go.jp/znk-web/juminkanja/S2430/initialize?prefCd=30&kikanCd=032496&kikanKbn=5", "url2": null }, "geometry": { "type": "Point", "coordinates": [ 135.191745, 34.233228 ] } },
{ "type": "Feature", "properties": { "内容": "アニマ薬局【5:薬局】和歌山県和歌山市十三番丁５", "url": "https://www.iryou.teikyouseido.mhlw.go.jp/znk-web/juminkanja/S2430/initialize?prefCd=30&kikanCd=032635&kikanKbn=5", "url2": "http://www.e-classa.net/anima/index.html" }, "geometry": { "type": "Point", "coordinates": [ 135.168166, 34.23209 ] } },
{ "type": "Feature", "properties": { "内容": "ミモザ調剤薬局【5:薬局】和歌山県和歌山市中之島字向芝２３４７－１", "url": "https://www.iryou.teikyouseido.mhlw.go.jp/znk-web/juminkanja/S2430/initialize?prefCd=30&kikanCd=032859&kikanKbn=5", "url2": "https://www.tkc-pharmacy.com/" }, "geometry": { "type": "Point", "coordinates": [ 135.184874, 34.235317 ] } },
{ "type": "Feature", "properties": { "内容": "コスモファーマ薬局　大新店【5:薬局】和歌山県和歌山市新大工町５番地", "url": "https://www.iryou.teikyouseido.mhlw.go.jp/znk-web/juminkanja/S2430/initialize?prefCd=30&kikanCd=032955&kikanKbn=5", "url2": "http://www.cosmo-ph.co.jp/" }, "geometry": { "type": "Point", "coordinates": [ 135.180386, 34.233805 ] } },
{ "type": "Feature", "properties": { "内容": "メロン調剤薬局【5:薬局】和歌山県和歌山市吹上２－５－４０", "url": "https://www.iryou.teikyouseido.mhlw.go.jp/znk-web/juminkanja/S2430/initialize?prefCd=30&kikanCd=033654&kikanKbn=5", "url2": "https://www.tkc-pharmacy.com/" }, "geometry": { "type": "Point", "coordinates": [ 135.169567, 34.219833 ] } },
{ "type": "Feature", "properties": { "内容": "調剤薬局ホンダ　西庄中央店【5:薬局】和歌山県和歌山市西庄３３８－４０", "url": "https://www.iryou.teikyouseido.mhlw.go.jp/znk-web/juminkanja/S2430/initialize?prefCd=30&kikanCd=033722&kikanKbn=5", "url2": "https://www.big-advance.site/c/206/1596" }, "geometry": { "type": "Point", "coordinates": [ 135.116046, 34.258284 ] } },
{ "type": "Feature", "properties": { "内容": "エバグリーン薬局四ヶ郷店【5:薬局】和歌山県和歌山市加納２９５－１", "url": "https://www.iryou.teikyouseido.mhlw.go.jp/znk-web/juminkanja/S2430/initialize?prefCd=30&kikanCd=040158&kikanKbn=5", "url2": null }, "geometry": { "type": "Point", "coordinates": [ 135.205843, 34.243698 ] } },
{ "type": "Feature", "properties": { "内容": "真進堂薬局　高松店【5:薬局】和歌山県和歌山市西高松１丁目３－２１－１", "url": "https://www.iryou.teikyouseido.mhlw.go.jp/znk-web/juminkanja/S2430/initialize?prefCd=30&kikanCd=040176&kikanKbn=5", "url2": null }, "geometry": { "type": "Point", "coordinates": [ 135.171326, 34.209306 ] } },
{ "type": "Feature", "properties": { "内容": "津井薬局【5:薬局】和歌山県和歌山市市小路１９４－１５", "url": "https://www.iryou.teikyouseido.mhlw.go.jp/znk-web/juminkanja/S2430/initialize?prefCd=30&kikanCd=040332&kikanKbn=5", "url2": null }, "geometry": { "type": "Point", "coordinates": [ 135.164046, 34.25507 ] } },
{ "type": "Feature", "properties": { "内容": "株式会社第一薬局　吉田【5:薬局】和歌山県和歌山市吉田５８６　小澤ビル１階", "url": "https://www.iryou.teikyouseido.mhlw.go.jp/znk-web/juminkanja/S2430/initialize?prefCd=30&kikanCd=040382&kikanKbn=5", "url2": "https://d1p.co.jp/" }, "geometry": { "type": "Point", "coordinates": [ 135.187222, 34.235399 ] } },
{ "type": "Feature", "properties": { "内容": "大昇堂薬局【5:薬局】和歌山県和歌山市榎原２１４－６", "url": "https://www.iryou.teikyouseido.mhlw.go.jp/znk-web/juminkanja/S2430/initialize?prefCd=30&kikanCd=040452&kikanKbn=5", "url2": null }, "geometry": { "type": "Point", "coordinates": [ 135.125734, 34.255573 ] } },
{ "type": "Feature", "properties": { "内容": "エース薬局延時支店【5:薬局】和歌山県和歌山市向１５３－１", "url": "https://www.iryou.teikyouseido.mhlw.go.jp/znk-web/juminkanja/S2430/initialize?prefCd=30&kikanCd=040581&kikanKbn=5", "url2": "http://www.ginmeido.co.jp/" }, "geometry": { "type": "Point", "coordinates": [ 135.14411, 34.257904 ] } },
{ "type": "Feature", "properties": { "内容": "浜の宮和漢薬局【5:薬局】和歌山県和歌山市毛見３４２－４７", "url": "https://www.iryou.teikyouseido.mhlw.go.jp/znk-web/juminkanja/S2430/initialize?prefCd=30&kikanCd=040587&kikanKbn=5", "url2": null }, "geometry": { "type": "Point", "coordinates": [ 135.200564, 34.170712 ] } },
{ "type": "Feature", "properties": { "内容": "善明寺薬局【5:薬局】和歌山県和歌山市善明寺３０１番地", "url": "https://www.iryou.teikyouseido.mhlw.go.jp/znk-web/juminkanja/S2430/initialize?prefCd=30&kikanCd=040689&kikanKbn=5", "url2": null }, "geometry": { "type": "Point", "coordinates": [ 135.186445, 34.261613 ] } },
{ "type": "Feature", "properties": { "内容": "国道薬局【5:薬局】和歌山県和歌山市小雑賀３－１－１６", "url": "https://www.iryou.teikyouseido.mhlw.go.jp/znk-web/juminkanja/S2430/initialize?prefCd=30&kikanCd=040943&kikanKbn=5", "url2": null }, "geometry": { "type": "Point", "coordinates": [ 135.185537, 34.213091 ] } },
{ "type": "Feature", "properties": { "内容": "サン調剤薬局【5:薬局】和歌山県和歌山市三木町堀詰４１　スカイハイツ三木町１Ｆ", "url": "https://www.iryou.teikyouseido.mhlw.go.jp/znk-web/juminkanja/S2430/initialize?prefCd=30&kikanCd=041284&kikanKbn=5", "url2": null }, "geometry": { "type": "Point", "coordinates": [ 135.177882, 34.231389 ] } },
{ "type": "Feature", "properties": { "内容": "アトム調剤薬局【5:薬局】和歌山県和歌山市西庄５５８－１８", "url": "https://www.iryou.teikyouseido.mhlw.go.jp/znk-web/juminkanja/S2430/initialize?prefCd=30&kikanCd=041331&kikanKbn=5", "url2": null }, "geometry": { "type": "Point", "coordinates": [ 135.105264, 34.260778 ] } },
{ "type": "Feature", "properties": { "内容": "エース薬局高松店【5:薬局】和歌山県和歌山市宇須１丁目６－３", "url": "https://www.iryou.teikyouseido.mhlw.go.jp/znk-web/juminkanja/S2430/initialize?prefCd=30&kikanCd=041418&kikanKbn=5", "url2": "http://www.ginmeido.co.jp/" }, "geometry": { "type": "Point", "coordinates": [ 135.174444, 34.210452 ] } },
{ "type": "Feature", "properties": { "内容": "安原薬局【5:薬局】和歌山県和歌山市和田４６３－２", "url": "https://www.iryou.teikyouseido.mhlw.go.jp/znk-web/juminkanja/S2430/initialize?prefCd=30&kikanCd=041459&kikanKbn=5", "url2": null }, "geometry": { "type": "Point", "coordinates": [ 135.206117, 34.201577 ] } },
{ "type": "Feature", "properties": { "内容": "銀明堂薬局中之島店【5:薬局】和歌山県和歌山市中之島７７２－１５", "url": "https://www.iryou.teikyouseido.mhlw.go.jp/znk-web/juminkanja/S2430/initialize?prefCd=30&kikanCd=041475&kikanKbn=5", "url2": "http://www.ginmeido.co.jp/" }, "geometry": { "type": "Point", "coordinates": [ 135.180563, 34.24154 ] } },
{ "type": "Feature", "properties": { "内容": "有限会社松本薬局西浜店【5:薬局】和歌山県和歌山市西浜１０２６－１", "url": "https://www.iryou.teikyouseido.mhlw.go.jp/znk-web/juminkanja/S2430/initialize?prefCd=30&kikanCd=041707&kikanKbn=5", "url2": null }, "geometry": { "type": "Point", "coordinates": [ 135.158594, 34.196443 ] } },
{ "type": "Feature", "properties": { "内容": "中六薬局【5:薬局】和歌山県和歌山市新通７－４５", "url": "https://www.iryou.teikyouseido.mhlw.go.jp/znk-web/juminkanja/S2430/initialize?prefCd=30&kikanCd=041793&kikanKbn=5", "url2": "http://www.nakarokuph.com/" }, "geometry": { "type": "Point", "coordinates": [ 135.179328, 34.233366 ] } },
{ "type": "Feature", "properties": { "内容": "ともに薬局【5:薬局】和歌山県和歌山市小松原通４－３０　小松原丸岩ビル１階１０２", "url": "https://www.iryou.teikyouseido.mhlw.go.jp/znk-web/juminkanja/S2430/initialize?prefCd=30&kikanCd=041856&kikanKbn=5", "url2": null }, "geometry": { "type": "Point", "coordinates": [ 135.169072, 34.219584 ] } },
{ "type": "Feature", "properties": { "内容": "タイガー薬局　本店【5:薬局】和歌山県和歌山市東長町５－４０", "url": "https://www.iryou.teikyouseido.mhlw.go.jp/znk-web/juminkanja/S2430/initialize?prefCd=30&kikanCd=041893&kikanKbn=5", "url2": "http://www.tiger-pharmacy.co.jp/" }, "geometry": { "type": "Point", "coordinates": [ 135.165207, 34.225379 ] } },
{ "type": "Feature", "properties": { "内容": "銀明堂薬局鳴神支店【5:薬局】和歌山県和歌山市津秦３－３２", "url": "https://www.iryou.teikyouseido.mhlw.go.jp/znk-web/juminkanja/S2430/initialize?prefCd=30&kikanCd=042077&kikanKbn=5", "url2": "http://www.ginmeido.co.jp/" }, "geometry": { "type": "Point", "coordinates": [ 135.207354, 34.223 ] } },
{ "type": "Feature", "properties": { "内容": "城南薬局東長町店【5:薬局】和歌山県和歌山市東長町６－２０", "url": "https://www.iryou.teikyouseido.mhlw.go.jp/znk-web/juminkanja/S2430/initialize?prefCd=30&kikanCd=042128&kikanKbn=5", "url2": null }, "geometry": { "type": "Point", "coordinates": [ 135.165925, 34.224194 ] } },
{ "type": "Feature", "properties": { "内容": "中央薬局小倉【5:薬局】和歌山県和歌山市大垣内５９９", "url": "https://www.iryou.teikyouseido.mhlw.go.jp/znk-web/juminkanja/S2430/initialize?prefCd=30&kikanCd=042481&kikanKbn=5", "url2": "https://chuoyakkyoku.com" }, "geometry": { "type": "Point", "coordinates": [ 135.276813, 34.24728 ] } },
{ "type": "Feature", "properties": { "内容": "ヤカタ薬局【5:薬局】和歌山県和歌山市三木町南ノ丁３３", "url": "https://www.iryou.teikyouseido.mhlw.go.jp/znk-web/juminkanja/S2430/initialize?prefCd=30&kikanCd=042972&kikanKbn=5", "url2": null }, "geometry": { "type": "Point", "coordinates": [ 135.165655, 34.226941 ] } },
{ "type": "Feature", "properties": { "内容": "リンドウ調剤薬局【5:薬局】和歌山県和歌山市堀止東１丁目２－９", "url": "https://www.iryou.teikyouseido.mhlw.go.jp/znk-web/juminkanja/S2430/initialize?prefCd=30&kikanCd=043016&kikanKbn=5", "url2": "https://sanmi-g.co.jp/" }, "geometry": { "type": "Point", "coordinates": [ 135.171099, 34.214517 ] } },
{ "type": "Feature", "properties": { "内容": "サカエ薬局【5:薬局】和歌山県和歌山市楠本７２－４", "url": "https://www.iryou.teikyouseido.mhlw.go.jp/znk-web/juminkanja/S2430/initialize?prefCd=30&kikanCd=043061&kikanKbn=5", "url2": null }, "geometry": { "type": "Point", "coordinates": [ 135.253339, 34.260478 ] } },
{ "type": "Feature", "properties": { "内容": "かるがも薬局和歌山店【5:薬局】和歌山県和歌山市美園町３－３４　けやきＯＮＥ", "url": "https://www.iryou.teikyouseido.mhlw.go.jp/znk-web/juminkanja/S2430/initialize?prefCd=30&kikanCd=043093&kikanKbn=5", "url2": "http://www14.ocn.ne.jp/~kalugamo/" }, "geometry": { "type": "Point", "coordinates": [ 135.186888, 34.231506 ] } },
{ "type": "Feature", "properties": { "内容": "ユニスマイル薬局そのべ店【5:薬局】和歌山県和歌山市園部５９６－１６", "url": "https://www.iryou.teikyouseido.mhlw.go.jp/znk-web/juminkanja/S2430/initialize?prefCd=30&kikanCd=043102&kikanKbn=5", "url2": "https://unismile.co.jp/" }, "geometry": { "type": "Point", "coordinates": [ 135.18864, 34.265286 ] } },
{ "type": "Feature", "properties": { "内容": "ナンゴウ薬局楠見店【5:薬局】和歌山県和歌山市粟２４８－３", "url": "https://www.iryou.teikyouseido.mhlw.go.jp/znk-web/juminkanja/S2430/initialize?prefCd=30&kikanCd=043106&kikanKbn=5", "url2": null }, "geometry": { "type": "Point", "coordinates": [ 135.17323, 34.252932 ] } },
{ "type": "Feature", "properties": { "内容": "あけぼの薬局和歌山ろうさい病院前店【5:薬局】和歌山県和歌山市古屋５７－３", "url": "https://www.iryou.teikyouseido.mhlw.go.jp/znk-web/juminkanja/S2430/initialize?prefCd=30&kikanCd=043153&kikanKbn=5", "url2": "http://www.akebono.co.jp/" }, "geometry": { "type": "Point", "coordinates": [ 135.121083, 34.257268 ] } },
{ "type": "Feature", "properties": { "内容": "ライフ調剤薬局【5:薬局】和歌山県和歌山市木ノ本５５２－６", "url": "https://www.iryou.teikyouseido.mhlw.go.jp/znk-web/juminkanja/S2430/initialize?prefCd=30&kikanCd=043159&kikanKbn=5", "url2": null }, "geometry": { "type": "Point", "coordinates": [ 135.13288, 34.261741 ] } },
{ "type": "Feature", "properties": { "内容": "エイ・ディー薬局太田店【5:薬局】和歌山県和歌山市太田１－４－７", "url": "https://www.iryou.teikyouseido.mhlw.go.jp/znk-web/juminkanja/S2430/initialize?prefCd=30&kikanCd=043208&kikanKbn=5", "url2": null }, "geometry": { "type": "Point", "coordinates": [ 135.193512, 34.230226 ] } },
{ "type": "Feature", "properties": { "内容": "フタツカ薬局　キーノ和歌山【5:薬局】和歌山県和歌山市東蔵前丁３９　キーノ和歌山３階", "url": "https://www.iryou.teikyouseido.mhlw.go.jp/znk-web/juminkanja/S2430/initialize?prefCd=30&kikanCd=043245&kikanKbn=5", "url2": "https://www.cocokarafine.co.jp/" }, "geometry": { "type": "Point", "coordinates": [ 135.166777, 34.236242 ] } },
{ "type": "Feature", "properties": { "内容": "みやま薬局【5:薬局】和歌山県和歌山市田中町５－５－４", "url": "https://www.iryou.teikyouseido.mhlw.go.jp/znk-web/juminkanja/S2430/initialize?prefCd=30&kikanCd=043288&kikanKbn=5", "url2": null }, "geometry": { "type": "Point", "coordinates": [ 135.262889, 34.367528 ] } },
{ "type": "Feature", "properties": { "内容": "有限会社岩本薬局　市駅前店【5:薬局】和歌山県和歌山市東蔵前丁４　ファーストビル１階", "url": "https://www.iryou.teikyouseido.mhlw.go.jp/znk-web/juminkanja/S2430/initialize?prefCd=30&kikanCd=050150&kikanKbn=5", "url2": null }, "geometry": { "type": "Point", "coordinates": [ 135.166912, 34.235441 ] } },
{ "type": "Feature", "properties": { "内容": "紀北調剤薬局　なかのしま店【5:薬局】和歌山県和歌山市中之島３０７－１", "url": "https://www.iryou.teikyouseido.mhlw.go.jp/znk-web/juminkanja/S2430/initialize?prefCd=30&kikanCd=050158&kikanKbn=5", "url2": "http://www.amsupport.co.jp/" }, "geometry": { "type": "Point", "coordinates": [ 135.191997, 34.244353 ] } },
{ "type": "Feature", "properties": { "内容": "ルピナス調剤薬局【5:薬局】和歌山県和歌山市九番丁２４", "url": "https://www.iryou.teikyouseido.mhlw.go.jp/znk-web/juminkanja/S2430/initialize?prefCd=30&kikanCd=050225&kikanKbn=5", "url2": "https://www.rainbow-bridge.jp/" }, "geometry": { "type": "Point", "coordinates": [ 135.173304, 34.231425 ] } },
{ "type": "Feature", "properties": { "内容": "アットホーム薬局【5:薬局】和歌山県和歌山市和佐関戸２２－１", "url": "https://www.iryou.teikyouseido.mhlw.go.jp/znk-web/juminkanja/S2430/initialize?prefCd=30&kikanCd=052230&kikanKbn=5", "url2": null }, "geometry": { "type": "Point", "coordinates": [ 135.255748, 34.240625 ] } },
{ "type": "Feature", "properties": { "内容": "おれんじ薬局【5:薬局】和歌山県和歌山市和歌川町９－４１", "url": "https://www.iryou.teikyouseido.mhlw.go.jp/znk-web/juminkanja/S2430/initialize?prefCd=30&kikanCd=052461&kikanKbn=5", "url2": null }, "geometry": { "type": "Point", "coordinates": [ 135.177401, 34.193782 ] } },
{ "type": "Feature", "properties": { "内容": "エバグリーン薬局紀三井寺店【5:薬局】和歌山県和歌山市布引７４３－２", "url": "https://www.iryou.teikyouseido.mhlw.go.jp/znk-web/juminkanja/S2430/initialize?prefCd=30&kikanCd=053064&kikanKbn=5", "url2": null }, "geometry": { "type": "Point", "coordinates": [ 135.186497, 34.170772 ] } },
{ "type": "Feature", "properties": { "内容": "スズラン調剤薬局【5:薬局】和歌山県和歌山市津秦４１－１", "url": "https://www.iryou.teikyouseido.mhlw.go.jp/znk-web/juminkanja/S2430/initialize?prefCd=30&kikanCd=053268&kikanKbn=5", "url2": "https://:www.rainbow-bridge.jp/" }, "geometry": { "type": "Point", "coordinates": [ 135.204738, 34.222522 ] } },
{ "type": "Feature", "properties": { "内容": "調剤薬局ネットワーク【5:薬局】和歌山県和歌山市古屋８５－１", "url": "https://www.iryou.teikyouseido.mhlw.go.jp/znk-web/juminkanja/S2430/initialize?prefCd=30&kikanCd=053285&kikanKbn=5", "url2": null }, "geometry": { "type": "Point", "coordinates": [ 135.120272, 34.254764 ] } },
{ "type": "Feature", "properties": { "内容": "秋葉山エス調剤薬局【5:薬局】和歌山県和歌山市秋葉町２－１８", "url": "https://www.iryou.teikyouseido.mhlw.go.jp/znk-web/juminkanja/S2430/initialize?prefCd=30&kikanCd=053332&kikanKbn=5", "url2": null }, "geometry": { "type": "Point", "coordinates": [ 135.169756, 34.200212 ] } },
{ "type": "Feature", "properties": { "内容": "さつき調剤薬局【5:薬局】和歌山県和歌山市塩屋５－７３－９", "url": "https://www.iryou.teikyouseido.mhlw.go.jp/znk-web/juminkanja/S2430/initialize?prefCd=30&kikanCd=053362&kikanKbn=5", "url2": "http://shohosen.jp/" }, "geometry": { "type": "Point", "coordinates": [ 135.178868, 34.201798 ] } },
{ "type": "Feature", "properties": { "内容": "健幸薬局　和歌山ＬＡＢＯ【5:薬局】和歌山県和歌山市畑屋敷兵庫ノ丁２２", "url": "https://www.iryou.teikyouseido.mhlw.go.jp/znk-web/juminkanja/S2430/initialize?prefCd=30&kikanCd=061452&kikanKbn=5", "url2": null }, "geometry": { "type": "Point", "coordinates": [ 135.18258, 34.235408 ] } },
{ "type": "Feature", "properties": { "内容": "小山薬局【5:薬局】和歌山県和歌山市市小路４０３番地６", "url": "https://www.iryou.teikyouseido.mhlw.go.jp/znk-web/juminkanja/S2430/initialize?prefCd=30&kikanCd=061490&kikanKbn=5", "url2": null }, "geometry": { "type": "Point", "coordinates": [ 135.167261, 34.255217 ] } },
{ "type": "Feature", "properties": { "内容": "みやび調剤薬局【5:薬局】和歌山県和歌山市大谷４０３－３", "url": "https://www.iryou.teikyouseido.mhlw.go.jp/znk-web/juminkanja/S2430/initialize?prefCd=30&kikanCd=062364&kikanKbn=5", "url2": "https://www.karugamo.net" }, "geometry": { "type": "Point", "coordinates": [ 135.179506, 34.26057 ] } },
{ "type": "Feature", "properties": { "内容": "調剤薬局ホンダ　土入店【5:薬局】和歌山県和歌山市土入２１－１８", "url": "https://www.iryou.teikyouseido.mhlw.go.jp/znk-web/juminkanja/S2430/initialize?prefCd=30&kikanCd=062376&kikanKbn=5", "url2": null }, "geometry": { "type": "Point", "coordinates": [ 135.141853, 34.253594 ] } },
{ "type": "Feature", "properties": { "内容": "本町薬局【5:薬局】和歌山県和歌山市本町５丁目２８", "url": "https://www.iryou.teikyouseido.mhlw.go.jp/znk-web/juminkanja/S2430/initialize?prefCd=30&kikanCd=062501&kikanKbn=5", "url2": null }, "geometry": { "type": "Point", "coordinates": [ 135.174562, 34.238482 ] } },
{ "type": "Feature", "properties": { "内容": "阪神調剤薬局和歌山日赤店【5:薬局】和歌山県和歌山市小松原通４丁目２１番", "url": "https://www.iryou.teikyouseido.mhlw.go.jp/znk-web/juminkanja/S2430/initialize?prefCd=30&kikanCd=063024&kikanKbn=5", "url2": "https://www.sugi-net.jp/stores/005123" }, "geometry": { "type": "Point", "coordinates": [ 135.168988, 34.220108 ] } },
{ "type": "Feature", "properties": { "内容": "阪神調剤薬局　和歌山医大店【5:薬局】和歌山県和歌山市紀三井寺８１１－７７", "url": "https://www.iryou.teikyouseido.mhlw.go.jp/znk-web/juminkanja/S2430/initialize?prefCd=30&kikanCd=063025&kikanKbn=5", "url2": null }, "geometry": { "type": "Point", "coordinates": [ 135.181986, 34.187956 ] } },
{ "type": "Feature", "properties": { "内容": "阪神調剤薬局紀の川店【5:薬局】和歌山県和歌山市西田井３９１", "url": "https://www.iryou.teikyouseido.mhlw.go.jp/znk-web/juminkanja/S2430/initialize?prefCd=30&kikanCd=063026&kikanKbn=5", "url2": null }, "geometry": { "type": "Point", "coordinates": [ 135.236192, 34.254762 ] } },
{ "type": "Feature", "properties": { "内容": "ソワン薬局堀止店【5:薬局】和歌山県和歌山市堀止西１－２－６", "url": "https://www.iryou.teikyouseido.mhlw.go.jp/znk-web/juminkanja/S2430/initialize?prefCd=30&kikanCd=071717&kikanKbn=5", "url2": null }, "geometry": { "type": "Point", "coordinates": [ 135.169733, 34.213939 ] } },
{ "type": "Feature", "properties": { "内容": "株式会社第一薬局土入【5:薬局】和歌山県和歌山市土入１６８－３０", "url": "https://www.iryou.teikyouseido.mhlw.go.jp/znk-web/juminkanja/S2430/initialize?prefCd=30&kikanCd=072120&kikanKbn=5", "url2": "https://d1p.co.jp" }, "geometry": { "type": "Point", "coordinates": [ 135.141158, 34.253362 ] } },
{ "type": "Feature", "properties": { "内容": "保険調剤薬局トーワ【5:薬局】和歌山県和歌山市北中島１丁目５－７", "url": "https://www.iryou.teikyouseido.mhlw.go.jp/znk-web/juminkanja/S2430/initialize?prefCd=30&kikanCd=073149&kikanKbn=5", "url2": "www.aisei.co.jp" }, "geometry": { "type": "Point", "coordinates": [ 135.187683, 34.213689 ] } },
{ "type": "Feature", "properties": { "内容": "保険調剤薬局トーワ　和田店【5:薬局】和歌山県和歌山市和田１２０２－１０", "url": "https://www.iryou.teikyouseido.mhlw.go.jp/znk-web/juminkanja/S2430/initialize?prefCd=30&kikanCd=073151&kikanKbn=5", "url2": null }, "geometry": { "type": "Point", "coordinates": [ 135.208661, 34.207397 ] } },
{ "type": "Feature", "properties": { "内容": "保険調剤薬局トーワ加納店【5:薬局】和歌山県和歌山市加納２４８－４", "url": "https://www.iryou.teikyouseido.mhlw.go.jp/znk-web/juminkanja/S2430/initialize?prefCd=30&kikanCd=073152&kikanKbn=5", "url2": "https://www.aisei.co.jp/store/s-wakayama/s-wakayama-wakayama/0787/" }, "geometry": { "type": "Point", "coordinates": [ 135.205953, 34.2462 ] } },
{ "type": "Feature", "properties": { "内容": "ＣＯＣＯ漢方薬局【5:薬局】和歌山県和歌山市太田４丁目１１－１８リベラルパレス太田１０１", "url": "https://www.iryou.teikyouseido.mhlw.go.jp/znk-web/juminkanja/S2430/initialize?prefCd=30&kikanCd=073450&kikanKbn=5", "url2": "https://www.cocokanpo.com/" }, "geometry": { "type": "Point", "coordinates": [ 135.193778, 34.227985 ] } },
{ "type": "Feature", "properties": { "内容": "テラウチ薬局　岩出店【5:薬局】和歌山県岩出市中迫２７５－９", "url": "https://www.iryou.teikyouseido.mhlw.go.jp/znk-web/juminkanja/S2430/initialize?prefCd=30&kikanCd=21010001&kikanKbn=5", "url2": "https://www.terauchi-pharmacy.co.jp/" }, "geometry": { "type": "Point", "coordinates": [ 135.311694, 34.264251 ] } },
{ "type": "Feature", "properties": { "内容": "銀明堂薬局　打田国道店【5:薬局】和歌山県紀の川市上野７７－３", "url": "https://www.iryou.teikyouseido.mhlw.go.jp/znk-web/juminkanja/S2430/initialize?prefCd=30&kikanCd=21010003&kikanKbn=5", "url2": "http://www.ginmeido.co.jp/" }, "geometry": { "type": "Point", "coordinates": [ 135.362054, 34.261981 ] } },
{ "type": "Feature", "properties": { "内容": "紀北薬局うちた店【5:薬局】和歌山県紀の川市打田１３４０－５", "url": "https://www.iryou.teikyouseido.mhlw.go.jp/znk-web/juminkanja/S2430/initialize?prefCd=30&kikanCd=21010005&kikanKbn=5", "url2": null }, "geometry": { "type": "Point", "coordinates": [ 135.365364, 34.262592 ] } },
{ "type": "Feature", "properties": { "内容": "株式会社調剤薬局ホンダ　貴志川店【5:薬局】和歌山県紀の川市貴志川町丸栖１４２０", "url": "https://www.iryou.teikyouseido.mhlw.go.jp/znk-web/juminkanja/S2430/initialize?prefCd=30&kikanCd=21010007&kikanKbn=5", "url2": "https://www.big-advance.site/c/206/1596/profile" }, "geometry": { "type": "Point", "coordinates": [ 135.328088, 34.240721 ] } },
{ "type": "Feature", "properties": { "内容": "エール薬局【5:薬局】和歌山県紀の川市西大井２１１－２", "url": "https://www.iryou.teikyouseido.mhlw.go.jp/znk-web/juminkanja/S2430/initialize?prefCd=30&kikanCd=21010010&kikanKbn=5", "url2": null }, "geometry": { "type": "Point", "coordinates": [ 135.358389, 34.266851 ] } },
{ "type": "Feature", "properties": { "内容": "矢田薬局【5:薬局】和歌山県紀の川市貴志川町長原９８０", "url": "https://www.iryou.teikyouseido.mhlw.go.jp/znk-web/juminkanja/S2430/initialize?prefCd=30&kikanCd=21010016&kikanKbn=5", "url2": null }, "geometry": { "type": "Point", "coordinates": [ 135.301412, 34.207882 ] } },
{ "type": "Feature", "properties": { "内容": "銀明堂薬局　打田支店【5:薬局】和歌山県紀の川市上野１４－７", "url": "https://www.iryou.teikyouseido.mhlw.go.jp/znk-web/juminkanja/S2430/initialize?prefCd=30&kikanCd=21010017&kikanKbn=5", "url2": "http://www.ginmeido.co.jp/" }, "geometry": { "type": "Point", "coordinates": [ 135.363142, 34.260112 ] } },
{ "type": "Feature", "properties": { "内容": "とまつ薬局【5:薬局】和歌山県岩出市備前４２　プチツール１Ｆ", "url": "https://www.iryou.teikyouseido.mhlw.go.jp/znk-web/juminkanja/S2430/initialize?prefCd=30&kikanCd=21010022&kikanKbn=5", "url2": null }, "geometry": { "type": "Point", "coordinates": [ 135.312626, 34.259571 ] } },
{ "type": "Feature", "properties": { "内容": "松浦薬局【5:薬局】和歌山県紀の川市粉河９８４", "url": "https://www.iryou.teikyouseido.mhlw.go.jp/znk-web/juminkanja/S2430/initialize?prefCd=30&kikanCd=21010027&kikanKbn=5", "url2": null }, "geometry": { "type": "Point", "coordinates": [ 135.403825, 34.267811 ] } },
{ "type": "Feature", "properties": { "内容": "ユニバーサル薬局【5:薬局】和歌山県岩出市荊本４１－５", "url": "https://www.iryou.teikyouseido.mhlw.go.jp/znk-web/juminkanja/S2430/initialize?prefCd=30&kikanCd=21010029&kikanKbn=5", "url2": null }, "geometry": { "type": "Point", "coordinates": [ 135.311333, 34.264938 ] } },
{ "type": "Feature", "properties": { "内容": "テラウチ薬局　上岩出店【5:薬局】和歌山県岩出市野上野６４－１", "url": "https://www.iryou.teikyouseido.mhlw.go.jp/znk-web/juminkanja/S2430/initialize?prefCd=30&kikanCd=21010033&kikanKbn=5", "url2": "https://www.terauchi-pharmacy.co.jp/" }, "geometry": { "type": "Point", "coordinates": [ 135.320173, 34.276264 ] } },
{ "type": "Feature", "properties": { "内容": "タカダ薬局【5:薬局】和歌山県紀の川市名手市場１１５", "url": "https://www.iryou.teikyouseido.mhlw.go.jp/znk-web/juminkanja/S2430/initialize?prefCd=30&kikanCd=21010035&kikanKbn=5", "url2": null }, "geometry": { "type": "Point", "coordinates": [ 135.435417, 34.273841 ] } },
{ "type": "Feature", "properties": { "内容": "こがね薬局【5:薬局】和歌山県紀の川市貴志川町国主４２－６", "url": "https://www.iryou.teikyouseido.mhlw.go.jp/znk-web/juminkanja/S2430/initialize?prefCd=30&kikanCd=21010038&kikanKbn=5", "url2": null }, "geometry": { "type": "Point", "coordinates": [ 135.312667, 34.207467 ] } },
{ "type": "Feature", "properties": { "内容": "タケベ薬局【5:薬局】和歌山県岩出市清水３８０－６", "url": "https://www.iryou.teikyouseido.mhlw.go.jp/znk-web/juminkanja/S2430/initialize?prefCd=30&kikanCd=21010039&kikanKbn=5", "url2": null }, "geometry": { "type": "Point", "coordinates": [ 135.318722, 34.254881 ] } },
{ "type": "Feature", "properties": { "内容": "ツジ薬局【5:薬局】和歌山県岩出市新田広芝３３０－１", "url": "https://www.iryou.teikyouseido.mhlw.go.jp/znk-web/juminkanja/S2430/initialize?prefCd=30&kikanCd=21010042&kikanKbn=5", "url2": null }, "geometry": { "type": "Point", "coordinates": [ 135.330247, 34.276292 ] } },
{ "type": "Feature", "properties": { "内容": "金尾製薬株式会社　薬局部【5:薬局】和歌山県紀の川市粉河８４５", "url": "https://www.iryou.teikyouseido.mhlw.go.jp/znk-web/juminkanja/S2430/initialize?prefCd=30&kikanCd=21010043&kikanKbn=5", "url2": null }, "geometry": { "type": "Point", "coordinates": [ 135.406081, 34.271749 ] } },
{ "type": "Feature", "properties": { "内容": "みどり薬局【5:薬局】和歌山県紀の川市上野２９４", "url": "https://www.iryou.teikyouseido.mhlw.go.jp/znk-web/juminkanja/S2430/initialize?prefCd=30&kikanCd=21010044&kikanKbn=5", "url2": null }, "geometry": { "type": "Point", "coordinates": [ 135.362506, 34.258593 ] } },
{ "type": "Feature", "properties": { "内容": "有限会社ファミリー薬局【5:薬局】和歌山県紀の川市貴志川町長山２７７－２１０", "url": "https://www.iryou.teikyouseido.mhlw.go.jp/znk-web/juminkanja/S2430/initialize?prefCd=30&kikanCd=21010051&kikanKbn=5", "url2": null }, "geometry": { "type": "Point", "coordinates": [ 135.288836, 34.20854 ] } },
{ "type": "Feature", "properties": { "内容": "粉河本町薬局【5:薬局】和歌山県紀の川市粉河２１８４", "url": "https://www.iryou.teikyouseido.mhlw.go.jp/znk-web/juminkanja/S2430/initialize?prefCd=30&kikanCd=21010056&kikanKbn=5", "url2": null }, "geometry": { "type": "Point", "coordinates": [ 135.403597, 34.276198 ] } },
{ "type": "Feature", "properties": { "内容": "名手駅前　薬局【5:薬局】和歌山県紀の川市名手市場１１６", "url": "https://www.iryou.teikyouseido.mhlw.go.jp/znk-web/juminkanja/S2430/initialize?prefCd=30&kikanCd=21010057&kikanKbn=5", "url2": "http://www.potup.co.jp/" }, "geometry": { "type": "Point", "coordinates": [ 135.434507, 34.273726 ] } },
{ "type": "Feature", "properties": { "内容": "銀明堂薬局　ねごろ支店【5:薬局】和歌山県岩出市根来１５", "url": "https://www.iryou.teikyouseido.mhlw.go.jp/znk-web/juminkanja/S2430/initialize?prefCd=30&kikanCd=21010058&kikanKbn=5", "url2": "http://www.ginmeido.co.jp/" }, "geometry": { "type": "Point", "coordinates": [ 135.310476, 34.277237 ] } },
{ "type": "Feature", "properties": { "内容": "エール薬局　岩出店【5:薬局】和歌山県岩出市吉田３０５", "url": "https://www.iryou.teikyouseido.mhlw.go.jp/znk-web/juminkanja/S2430/initialize?prefCd=30&kikanCd=21010064&kikanKbn=5", "url2": null }, "geometry": { "type": "Point", "coordinates": [ 135.279445, 34.267174 ] } },
{ "type": "Feature", "properties": { "内容": "ローズ調剤薬局【5:薬局】和歌山県紀の川市北大井１９８－８", "url": "https://www.iryou.teikyouseido.mhlw.go.jp/znk-web/juminkanja/S2430/initialize?prefCd=30&kikanCd=21010065&kikanKbn=5", "url2": null }, "geometry": { "type": "Point", "coordinates": [ 135.36833, 34.273534 ] } },
{ "type": "Feature", "properties": { "内容": "銀明堂薬局　東国分支店【5:薬局】和歌山県紀の川市東国分４３０－５", "url": "https://www.iryou.teikyouseido.mhlw.go.jp/znk-web/juminkanja/S2430/initialize?prefCd=30&kikanCd=21010068&kikanKbn=5", "url2": null }, "geometry": { "type": "Point", "coordinates": [ 135.343361, 34.269533 ] } },
{ "type": "Feature", "properties": { "内容": "ゆうあい薬局【5:薬局】和歌山県岩出市川尻５４－１", "url": "https://www.iryou.teikyouseido.mhlw.go.jp/znk-web/juminkanja/S2430/initialize?prefCd=30&kikanCd=21010069&kikanKbn=5", "url2": "http://www.e-classa.net/yuuai-medical/" }, "geometry": { "type": "Point", "coordinates": [ 135.309902, 34.267972 ] } },
{ "type": "Feature", "properties": { "内容": "コスモス薬局【5:薬局】和歌山県岩出市中黒５２６－４", "url": "https://www.iryou.teikyouseido.mhlw.go.jp/znk-web/juminkanja/S2430/initialize?prefCd=30&kikanCd=21010071&kikanKbn=5", "url2": null }, "geometry": { "type": "Point", "coordinates": [ 135.286036, 34.269083 ] } },
{ "type": "Feature", "properties": { "内容": "ジップドラッグ東洋岩出薬局【5:薬局】和歌山県岩出市野上野９８－３", "url": "https://www.iryou.teikyouseido.mhlw.go.jp/znk-web/juminkanja/S2430/initialize?prefCd=30&kikanCd=21010073&kikanKbn=5", "url2": "https://www.cocokarafine.co.jp/" }, "geometry": { "type": "Point", "coordinates": [ 135.317657, 34.274997 ] } },
{ "type": "Feature", "properties": { "内容": "ジップドラッグ長山薬局【5:薬局】和歌山県紀の川市貴志川町長山２４５番１", "url": "https://www.iryou.teikyouseido.mhlw.go.jp/znk-web/juminkanja/S2430/initialize?prefCd=30&kikanCd=21010074&kikanKbn=5", "url2": "https://www.matsukiyococokara.com/" }, "geometry": { "type": "Point", "coordinates": [ 135.292806, 34.210835 ] } },
{ "type": "Feature", "properties": { "内容": "あおば薬局【5:薬局】和歌山県岩出市金池３９０－１　グリーンヒル金池１０１", "url": "https://www.iryou.teikyouseido.mhlw.go.jp/znk-web/juminkanja/S2430/initialize?prefCd=30&kikanCd=21010076&kikanKbn=5", "url2": null }, "geometry": { "type": "Point", "coordinates": [ 135.289289, 34.276736 ] } },
{ "type": "Feature", "properties": { "内容": "わかば薬局　打田店【5:薬局】和歌山県紀の川市上野１３－１２", "url": "https://www.iryou.teikyouseido.mhlw.go.jp/znk-web/juminkanja/S2430/initialize?prefCd=30&kikanCd=21010077&kikanKbn=5", "url2": null }, "geometry": { "type": "Point", "coordinates": [ 135.363167, 34.259641 ] } },
{ "type": "Feature", "properties": { "内容": "日本調剤　紀の川薬局【5:薬局】和歌山県紀の川市打田１３４３－１", "url": "https://www.iryou.teikyouseido.mhlw.go.jp/znk-web/juminkanja/S2430/initialize?prefCd=30&kikanCd=21010078&kikanKbn=5", "url2": "https://www.nicho.co.jp/tenpo/kinokawa/" }, "geometry": { "type": "Point", "coordinates": [ 135.365019, 34.262645 ] } },
{ "type": "Feature", "properties": { "内容": "ウエルシア薬局　岩出中黒店【5:薬局】和歌山県岩出市中黒５４６", "url": "https://www.iryou.teikyouseido.mhlw.go.jp/znk-web/juminkanja/S2430/initialize?prefCd=30&kikanCd=21010080&kikanKbn=5", "url2": "http://www.welcia-yakkyoku.co.jp/" }, "geometry": { "type": "Point", "coordinates": [ 135.2847, 34.2661 ] } },
{ "type": "Feature", "properties": { "内容": "薬局　きい【5:薬局】和歌山県紀の川市打田１９－１１", "url": "https://www.iryou.teikyouseido.mhlw.go.jp/znk-web/juminkanja/S2430/initialize?prefCd=30&kikanCd=21010083&kikanKbn=5", "url2": "https://www.ph-key-234hr5.com/" }, "geometry": { "type": "Point", "coordinates": [ 135.373382, 34.258597 ] } },
{ "type": "Feature", "properties": { "内容": "テラウチ薬局岩出中央店【5:薬局】和歌山県岩出市中迫５５７－１", "url": "https://www.iryou.teikyouseido.mhlw.go.jp/znk-web/juminkanja/S2430/initialize?prefCd=30&kikanCd=21010084&kikanKbn=5", "url2": "https://www.terauchi-pharmacy.co.jp/" }, "geometry": { "type": "Point", "coordinates": [ 135.314614, 34.263331 ] } },
{ "type": "Feature", "properties": { "内容": "エコ薬局　岩出店【5:薬局】和歌山県岩出市清水４０１ー９", "url": "https://www.iryou.teikyouseido.mhlw.go.jp/znk-web/juminkanja/S2430/initialize?prefCd=30&kikanCd=21010085&kikanKbn=5", "url2": "https://www.eco-pharmacy.jp/" }, "geometry": { "type": "Point", "coordinates": [ 135.320915, 34.254998 ] } },
{ "type": "Feature", "properties": { "内容": "ローズマリー薬局【5:薬局】和歌山県岩出市西安上字林前６２－３", "url": "https://www.iryou.teikyouseido.mhlw.go.jp/znk-web/juminkanja/S2430/initialize?prefCd=30&kikanCd=21010086&kikanKbn=5", "url2": "https://sanmi-g.co.jp/" }, "geometry": { "type": "Point", "coordinates": [ 135.29291, 34.279509 ] } },
{ "type": "Feature", "properties": { "内容": "さくら薬局【5:薬局】和歌山県紀の川市名手市場３０３－２", "url": "https://www.iryou.teikyouseido.mhlw.go.jp/znk-web/juminkanja/S2430/initialize?prefCd=30&kikanCd=21010087&kikanKbn=5", "url2": "https://www.pharmarise.com/" }, "geometry": { "type": "Point", "coordinates": [ 135.438588, 34.273061 ] } },
{ "type": "Feature", "properties": { "内容": "ヤスイ薬局【5:薬局】和歌山県紀の川市中井阪２０４－１", "url": "https://www.iryou.teikyouseido.mhlw.go.jp/znk-web/juminkanja/S2430/initialize?prefCd=30&kikanCd=21010088&kikanKbn=5", "url2": null }, "geometry": { "type": "Point", "coordinates": [ 135.341162, 34.26022 ] } },
{ "type": "Feature", "properties": { "内容": "田端薬局【5:薬局】和歌山県紀の川市打田１２４１", "url": "https://www.iryou.teikyouseido.mhlw.go.jp/znk-web/juminkanja/S2430/initialize?prefCd=30&kikanCd=21010089&kikanKbn=5", "url2": null }, "geometry": { "type": "Point", "coordinates": [ 135.36409, 34.265516 ] } },
{ "type": "Feature", "properties": { "内容": "テラウチ薬局岩出国道店【5:薬局】和歌山県岩出市中迫１３８－１", "url": "https://www.iryou.teikyouseido.mhlw.go.jp/znk-web/juminkanja/S2430/initialize?prefCd=30&kikanCd=21010090&kikanKbn=5", "url2": "https://www.terauchi-pharmacy.co.jp/" }, "geometry": { "type": "Point", "coordinates": [ 135.316125, 34.261178 ] } },
{ "type": "Feature", "properties": { "内容": "コスモファーマ薬局　丸栖店【5:薬局】和歌山県紀の川市貴志川町丸栖６５２", "url": "https://www.iryou.teikyouseido.mhlw.go.jp/znk-web/juminkanja/S2430/initialize?prefCd=30&kikanCd=21010091&kikanKbn=5", "url2": "https://www.cosmo-ph.co.jp/" }, "geometry": { "type": "Point", "coordinates": [ 135.325201, 34.235893 ] } },
{ "type": "Feature", "properties": { "内容": "コスモファーマ薬局　井ノ口店【5:薬局】和歌山県紀の川市貴志川町井ノ口１５７６番地１", "url": "https://www.iryou.teikyouseido.mhlw.go.jp/znk-web/juminkanja/S2430/initialize?prefCd=30&kikanCd=21010092&kikanKbn=5", "url2": "https://www.cosmo-ph.co.jp/pharmacy/shop/detail/222.html" }, "geometry": { "type": "Point", "coordinates": [ 135.319521, 34.200519 ] } },
{ "type": "Feature", "properties": { "内容": "データボックス薬局【5:薬局】和歌山県紀の川市打田１２９６－５", "url": "https://www.iryou.teikyouseido.mhlw.go.jp/znk-web/juminkanja/S2430/initialize?prefCd=30&kikanCd=21010093&kikanKbn=5", "url2": null }, "geometry": { "type": "Point", "coordinates": [ 135.364924, 34.263153 ] } },
{ "type": "Feature", "properties": { "内容": "そうごう薬局　紀の川粉河店【5:薬局】和歌山県紀の川市粉河４５１－１１", "url": "https://www.iryou.teikyouseido.mhlw.go.jp/znk-web/juminkanja/S2430/initialize?prefCd=30&kikanCd=21010095&kikanKbn=5", "url2": "https://www.sogo-medical.co.jp/" }, "geometry": { "type": "Point", "coordinates": [ 135.409233, 34.269062 ] } },
{ "type": "Feature", "properties": { "内容": "エバグリーン薬局　岩出高塚店【5:薬局】和歌山県岩出市高塚１８８－１", "url": "https://www.iryou.teikyouseido.mhlw.go.jp/znk-web/juminkanja/S2430/initialize?prefCd=30&kikanCd=21010096&kikanKbn=5", "url2": null }, "geometry": { "type": "Point", "coordinates": [ 135.324304, 34.261404 ] } },
{ "type": "Feature", "properties": { "内容": "なぎさ薬局【5:薬局】和歌山県岩出市中黒２４３－３", "url": "https://www.iryou.teikyouseido.mhlw.go.jp/znk-web/juminkanja/S2430/initialize?prefCd=30&kikanCd=21010098&kikanKbn=5", "url2": "https://nagisa-pharmacy.com/" }, "geometry": { "type": "Point", "coordinates": [ 135.294617, 34.270294 ] } },
{ "type": "Feature", "properties": { "内容": "バイオレット調剤薬局【5:薬局】和歌山県紀の川市花野４９６－２４", "url": "https://www.iryou.teikyouseido.mhlw.go.jp/znk-web/juminkanja/S2430/initialize?prefCd=30&kikanCd=21010099&kikanKbn=5", "url2": "https://www.tkc-pharmacy.com/" }, "geometry": { "type": "Point", "coordinates": [ 135.356467, 34.261951 ] } },
{ "type": "Feature", "properties": { "内容": "山路薬局　岩出店【5:薬局】和歌山県岩出市森２９４", "url": "https://www.iryou.teikyouseido.mhlw.go.jp/znk-web/juminkanja/S2430/initialize?prefCd=30&kikanCd=21010100&kikanKbn=5", "url2": "http://ggwh.jp/index.html" }, "geometry": { "type": "Point", "coordinates": [ 135.309581, 34.274524 ] } },
{ "type": "Feature", "properties": { "内容": "サンドラッグフォレストモール岩出薬局【5:薬局】和歌山県岩出市中迫１４７", "url": "https://www.iryou.teikyouseido.mhlw.go.jp/znk-web/juminkanja/S2430/initialize?prefCd=30&kikanCd=21010101&kikanKbn=5", "url2": "https://sundrug-online.com/blogs/search-store/5916" }, "geometry": { "type": "Point", "coordinates": [ 135.315524, 34.259566 ] } },
{ "type": "Feature", "properties": { "内容": "きぼう薬局粉河店【5:薬局】和歌山県紀の川市粉河３－２", "url": "https://www.iryou.teikyouseido.mhlw.go.jp/znk-web/juminkanja/S2430/initialize?prefCd=30&kikanCd=21010102&kikanKbn=5", "url2": null }, "geometry": { "type": "Point", "coordinates": [ 135.405947, 34.275766 ] } },
{ "type": "Feature", "properties": { "内容": "岩出メディカルタウン調剤薬局【5:薬局】和歌山県岩出市吉田４１１－１", "url": "https://www.iryou.teikyouseido.mhlw.go.jp/znk-web/juminkanja/S2430/initialize?prefCd=30&kikanCd=21010103&kikanKbn=5", "url2": null }, "geometry": { "type": "Point", "coordinates": [ 135.275635, 34.263539 ] } },
{ "type": "Feature", "properties": { "内容": "はんなり堂薬局【5:薬局】和歌山県岩出市高瀬１３７−１Ｎ＇Ｓ　Ａ号室", "url": "https://www.iryou.teikyouseido.mhlw.go.jp/znk-web/juminkanja/S2430/initialize?prefCd=30&kikanCd=21010104&kikanKbn=5", "url2": "hannari-pharmacy.com" }, "geometry": { "type": "Point", "coordinates": [ 135.313819, 34.257219 ] } },
{ "type": "Feature", "properties": { "内容": "オリーブ薬局【5:薬局】和歌山県紀の川市打田１４１５－４", "url": "https://www.iryou.teikyouseido.mhlw.go.jp/znk-web/juminkanja/S2430/initialize?prefCd=30&kikanCd=21010105&kikanKbn=5", "url2": null }, "geometry": { "type": "Point", "coordinates": [ 135.364968, 34.258899 ] } },
{ "type": "Feature", "properties": { "内容": "オレンジ薬局　加太店【5:薬局】和歌山県和歌山市加太１０８６番６２", "url": "https://www.iryou.teikyouseido.mhlw.go.jp/znk-web/juminkanja/S2430/initialize?prefCd=30&kikanCd=290458&kikanKbn=5", "url2": "https://genkiorange.com/" }, "geometry": { "type": "Point", "coordinates": [ 135.082229, 34.275062 ] } },
{ "type": "Feature", "properties": { "内容": "宮前薬局【5:薬局】和歌山県和歌山市北中島１－７１", "url": "https://www.iryou.teikyouseido.mhlw.go.jp/znk-web/juminkanja/S2430/initialize?prefCd=30&kikanCd=290791&kikanKbn=5", "url2": "mi8mae@future.ocn.ne.jp" }, "geometry": { "type": "Point", "coordinates": [ 135.187503, 34.212366 ] } },
{ "type": "Feature", "properties": { "内容": "ファミー薬局【5:薬局】和歌山県和歌山市和歌浦西１－７－１", "url": "https://www.iryou.teikyouseido.mhlw.go.jp/znk-web/juminkanja/S2430/initialize?prefCd=30&kikanCd=290839&kikanKbn=5", "url2": null }, "geometry": { "type": "Point", "coordinates": [ 135.169465, 34.195247 ] } },
{ "type": "Feature", "properties": { "内容": "株式会社くまの薬局松江店【5:薬局】和歌山県和歌山市松江北６丁目２番２０号", "url": "https://www.iryou.teikyouseido.mhlw.go.jp/znk-web/juminkanja/S2430/initialize?prefCd=30&kikanCd=290870&kikanKbn=5", "url2": null }, "geometry": { "type": "Point", "coordinates": [ 135.128343, 34.250957 ] } },
{ "type": "Feature", "properties": { "内容": "藤井薬局【5:薬局】和歌山県和歌山市神前１３６－４", "url": "https://www.iryou.teikyouseido.mhlw.go.jp/znk-web/juminkanja/S2430/initialize?prefCd=30&kikanCd=291041&kikanKbn=5", "url2": "https://www.e-classa.net/fujii-yakkyoku/link.html" }, "geometry": { "type": "Point", "coordinates": [ 135.205863, 34.214283 ] } },
{ "type": "Feature", "properties": { "内容": "そうごう薬局友田店【5:薬局】和歌山県和歌山市友田町５－３３　１階", "url": "https://www.iryou.teikyouseido.mhlw.go.jp/znk-web/juminkanja/S2430/initialize?prefCd=30&kikanCd=291066&kikanKbn=5", "url2": "https://www.sogo-medical.co.jp/" }, "geometry": { "type": "Point", "coordinates": [ 135.189971, 34.233573 ] } },
{ "type": "Feature", "properties": { "内容": "アンリ薬局【5:薬局】和歌山県和歌山市中島５７３－１", "url": "https://www.iryou.teikyouseido.mhlw.go.jp/znk-web/juminkanja/S2430/initialize?prefCd=30&kikanCd=291326&kikanKbn=5", "url2": null }, "geometry": { "type": "Point", "coordinates": [ 135.193873, 34.214364 ] } },
{ "type": "Feature", "properties": { "内容": "株式会社第一薬局【5:薬局】和歌山県和歌山市吹屋町４－１４－２", "url": "https://www.iryou.teikyouseido.mhlw.go.jp/znk-web/juminkanja/S2430/initialize?prefCd=30&kikanCd=291330&kikanKbn=5", "url2": "https://d1p.co.jp/" }, "geometry": { "type": "Point", "coordinates": [ 135.189603, 34.2256 ] } },
{ "type": "Feature", "properties": { "内容": "銀明堂薬局　六十谷支店【5:薬局】和歌山県和歌山市六十谷２２２－９", "url": "https://www.iryou.teikyouseido.mhlw.go.jp/znk-web/juminkanja/S2430/initialize?prefCd=30&kikanCd=291556&kikanKbn=5", "url2": "http://www.ginmeido.co.jp/" }, "geometry": { "type": "Point", "coordinates": [ 135.203842, 34.261629 ] } },
{ "type": "Feature", "properties": { "内容": "調剤薬局ツルハドラッグ紀三井寺店【5:薬局】和歌山県和歌山市紀三井寺６５３番地", "url": "https://www.iryou.teikyouseido.mhlw.go.jp/znk-web/juminkanja/S2430/initialize?prefCd=30&kikanCd=291581&kikanKbn=5", "url2": "http://www.tsuruha.co.jp/shop/chouzai/?id=1474" }, "geometry": { "type": "Point", "coordinates": [ 135.187064, 34.181998 ] } },
{ "type": "Feature", "properties": { "内容": "有限会社松本薬局【5:薬局】和歌山県和歌山市和歌川町１０－１８", "url": "https://www.iryou.teikyouseido.mhlw.go.jp/znk-web/juminkanja/S2430/initialize?prefCd=30&kikanCd=291715&kikanKbn=5", "url2": null }, "geometry": { "type": "Point", "coordinates": [ 135.178591, 34.192521 ] } },
{ "type": "Feature", "properties": { "内容": "あおぞら薬局　岩橋店【5:薬局】和歌山県和歌山市岩橋１５８３－１３", "url": "https://www.iryou.teikyouseido.mhlw.go.jp/znk-web/juminkanja/S2430/initialize?prefCd=30&kikanCd=291874&kikanKbn=5", "url2": null }, "geometry": { "type": "Point", "coordinates": [ 135.224185, 34.232061 ] } },
{ "type": "Feature", "properties": { "内容": "あすなろ薬局　そのべ調剤【5:薬局】和歌山県和歌山市園部９４３－１０", "url": "https://www.iryou.teikyouseido.mhlw.go.jp/znk-web/juminkanja/S2430/initialize?prefCd=30&kikanCd=291966&kikanKbn=5", "url2": "http://www.ginmeido.co.jp/" }, "geometry": { "type": "Point", "coordinates": [ 135.190381, 34.261498 ] } },
{ "type": "Feature", "properties": { "内容": "マリーン薬局【5:薬局】和歌山県和歌山市和田１１７９－１８", "url": "https://www.iryou.teikyouseido.mhlw.go.jp/znk-web/juminkanja/S2430/initialize?prefCd=30&kikanCd=291996&kikanKbn=5", "url2": null }, "geometry": { "type": "Point", "coordinates": [ 135.207018, 34.20707 ] } },
{ "type": "Feature", "properties": { "内容": "川本薬局【5:薬局】和歌山県和歌山市木ノ本６８７－１９", "url": "https://www.iryou.teikyouseido.mhlw.go.jp/znk-web/juminkanja/S2430/initialize?prefCd=30&kikanCd=292071&kikanKbn=5", "url2": null }, "geometry": { "type": "Point", "coordinates": [ 135.134786, 34.261744 ] } },
{ "type": "Feature", "properties": { "内容": "株式会社　第一薬局　宮【5:薬局】和歌山県和歌山市鳴神１２２－１２", "url": "https://www.iryou.teikyouseido.mhlw.go.jp/znk-web/juminkanja/S2430/initialize?prefCd=30&kikanCd=292168&kikanKbn=5", "url2": "https://d1p.co.jp/" }, "geometry": { "type": "Point", "coordinates": [ 135.211108, 34.22609 ] } },
{ "type": "Feature", "properties": { "内容": "株式会社第一薬局鳴神【5:薬局】和歌山県和歌山市鳴神４９１－３", "url": "https://www.iryou.teikyouseido.mhlw.go.jp/znk-web/juminkanja/S2430/initialize?prefCd=30&kikanCd=292169&kikanKbn=5", "url2": "https://d1p.co.jp/" }, "geometry": { "type": "Point", "coordinates": [ 135.214572, 34.226989 ] } },
{ "type": "Feature", "properties": { "内容": "大陸薬局野崎支店【5:薬局】和歌山県和歌山市北島８９－３", "url": "https://www.iryou.teikyouseido.mhlw.go.jp/znk-web/juminkanja/S2430/initialize?prefCd=30&kikanCd=292259&kikanKbn=5", "url2": "https://tairiku-pharmacy.x0.com/" }, "geometry": { "type": "Point", "coordinates": [ 135.159218, 34.243013 ] } },
{ "type": "Feature", "properties": { "内容": "城南薬局　築港店【5:薬局】和歌山県和歌山市築港３－２２", "url": "https://www.iryou.teikyouseido.mhlw.go.jp/znk-web/juminkanja/S2430/initialize?prefCd=30&kikanCd=292294&kikanKbn=5", "url2": null }, "geometry": { "type": "Point", "coordinates": [ 135.15412, 34.222272 ] } },
{ "type": "Feature", "properties": { "内容": "中央薬局【5:薬局】和歌山県和歌山市祢宜９７１－４", "url": "https://www.iryou.teikyouseido.mhlw.go.jp/znk-web/juminkanja/S2430/initialize?prefCd=30&kikanCd=292412&kikanKbn=5", "url2": "https://chuoyakkyoku.com/" }, "geometry": { "type": "Point", "coordinates": [ 135.248766, 34.234912 ] } },
{ "type": "Feature", "properties": { "内容": "有限会社大陸薬局楠見支店【5:薬局】和歌山県和歌山市楠見中１５－１３", "url": "https://www.iryou.teikyouseido.mhlw.go.jp/znk-web/juminkanja/S2430/initialize?prefCd=30&kikanCd=292838&kikanKbn=5", "url2": "http://tairiku-pharmacy.x0.com/" }, "geometry": { "type": "Point", "coordinates": [ 135.177573, 34.253357 ] } },
{ "type": "Feature", "properties": { "内容": "七曲薬局【5:薬局】和歌山県和歌山市東長町２－２９", "url": "https://www.iryou.teikyouseido.mhlw.go.jp/znk-web/juminkanja/S2430/initialize?prefCd=30&kikanCd=300446&kikanKbn=5", "url2": "http://www.nanamagariyakkyoku.com/" }, "geometry": { "type": "Point", "coordinates": [ 135.163341, 34.227686 ] } },
{ "type": "Feature", "properties": { "内容": "有限会社松本薬局旭橋店【5:薬局】和歌山県和歌山市和歌浦東３－６－２１", "url": "https://www.iryou.teikyouseido.mhlw.go.jp/znk-web/juminkanja/S2430/initialize?prefCd=30&kikanCd=300812&kikanKbn=5", "url2": "https://www.m-d-s.jp/" }, "geometry": { "type": "Point", "coordinates": [ 135.178092, 34.188946 ] } },
{ "type": "Feature", "properties": { "内容": "カイセイ薬局【5:薬局】和歌山県和歌山市紀三井寺８６３－２９", "url": "https://www.iryou.teikyouseido.mhlw.go.jp/znk-web/juminkanja/S2430/initialize?prefCd=30&kikanCd=301019&kikanKbn=5", "url2": "https://ikuseikai.org/" }, "geometry": { "type": "Point", "coordinates": [ 135.1835, 34.188099 ] } },
{ "type": "Feature", "properties": { "内容": "有限会社岩本薬局　ふじと台店【5:薬局】和歌山県和歌山市ふじと台６番地　ふじと台駅前ビル「エスタシオン」４階", "url": "https://www.iryou.teikyouseido.mhlw.go.jp/znk-web/juminkanja/S2430/initialize?prefCd=30&kikanCd=301029&kikanKbn=5", "url2": null }, "geometry": { "type": "Point", "coordinates": [ 135.147523, 34.276441 ] } },
{ "type": "Feature", "properties": { "内容": "キウイ調剤薬局【5:薬局】和歌山県和歌山市直川３７５－１", "url": "https://www.iryou.teikyouseido.mhlw.go.jp/znk-web/juminkanja/S2430/initialize?prefCd=30&kikanCd=301138&kikanKbn=5", "url2": null }, "geometry": { "type": "Point", "coordinates": [ 135.221103, 34.260617 ] } },
{ "type": "Feature", "properties": { "内容": "日本調剤九番丁薬局【5:薬局】和歌山県和歌山市九番丁２６番地", "url": "https://www.iryou.teikyouseido.mhlw.go.jp/znk-web/juminkanja/S2430/initialize?prefCd=30&kikanCd=301139&kikanKbn=5", "url2": "https://www.nicho.co.jp/tenpo/kyuubanchou/" }, "geometry": { "type": "Point", "coordinates": [ 135.173453, 34.231451 ] } },
{ "type": "Feature", "properties": { "内容": "有限会社松本薬局和歌浦店【5:薬局】和歌山県和歌山市和歌浦東３丁目４－４４", "url": "https://www.iryou.teikyouseido.mhlw.go.jp/znk-web/juminkanja/S2430/initialize?prefCd=30&kikanCd=301182&kikanKbn=5", "url2": null }, "geometry": { "type": "Point", "coordinates": [ 135.177436, 34.190709 ] } },
{ "type": "Feature", "properties": { "内容": "サンテ薬局【5:薬局】和歌山県和歌山市秋葉町１－１７", "url": "https://www.iryou.teikyouseido.mhlw.go.jp/znk-web/juminkanja/S2430/initialize?prefCd=30&kikanCd=301282&kikanKbn=5", "url2": null }, "geometry": { "type": "Point", "coordinates": [ 135.169331, 34.202059 ] } },
{ "type": "Feature", "properties": { "内容": "テラウチ調剤薬局北野店【5:薬局】和歌山県和歌山市北野４５４", "url": "https://www.iryou.teikyouseido.mhlw.go.jp/znk-web/juminkanja/S2430/initialize?prefCd=30&kikanCd=301290&kikanKbn=5", "url2": "https://www.terauchi-pharmacy.co.jp/" }, "geometry": { "type": "Point", "coordinates": [ 135.246701, 34.268047 ] } },
{ "type": "Feature", "properties": { "内容": "ステーション薬局【5:薬局】和歌山県和歌山市美園町５－６１", "url": "https://www.iryou.teikyouseido.mhlw.go.jp/znk-web/juminkanja/S2430/initialize?prefCd=30&kikanCd=301315&kikanKbn=5", "url2": "https://genkiorange.com/" }, "geometry": { "type": "Point", "coordinates": [ 135.191102, 34.232176 ] } },
{ "type": "Feature", "properties": { "内容": "三協薬局【5:薬局】和歌山県和歌山市材木丁７１", "url": "https://www.iryou.teikyouseido.mhlw.go.jp/znk-web/juminkanja/S2430/initialize?prefCd=30&kikanCd=301321&kikanKbn=5", "url2": null }, "geometry": { "type": "Point", "coordinates": [ 135.161713, 34.2283 ] } },
{ "type": "Feature", "properties": { "内容": "調剤薬局ホンダ直川店【5:薬局】和歌山県和歌山市直川５６９－３", "url": "https://www.iryou.teikyouseido.mhlw.go.jp/znk-web/juminkanja/S2430/initialize?prefCd=30&kikanCd=301347&kikanKbn=5", "url2": "https://www.big-advance.site/c/206/1596" }, "geometry": { "type": "Point", "coordinates": [ 135.218408, 34.261831 ] } },
{ "type": "Feature", "properties": { "内容": "紀三井寺薬局【5:薬局】和歌山県和歌山市紀三井寺６７３", "url": "https://www.iryou.teikyouseido.mhlw.go.jp/znk-web/juminkanja/S2430/initialize?prefCd=30&kikanCd=301867&kikanKbn=5", "url2": "http://www.kigusuri.com/shop/kimiidera/" }, "geometry": { "type": "Point", "coordinates": [ 135.187206, 34.184366 ] } },
{ "type": "Feature", "properties": { "内容": "イサオ薬局【5:薬局】和歌山県和歌山市六十谷３６９－２", "url": "https://www.iryou.teikyouseido.mhlw.go.jp/znk-web/juminkanja/S2430/initialize?prefCd=30&kikanCd=301875&kikanKbn=5", "url2": "http://isao-pharmacy.com/" }, "geometry": { "type": "Point", "coordinates": [ 135.205936, 34.262606 ] } },
{ "type": "Feature", "properties": { "内容": "銀明堂薬局くすみ調剤【5:薬局】和歌山県和歌山市船所２９－６", "url": "https://www.iryou.teikyouseido.mhlw.go.jp/znk-web/juminkanja/S2430/initialize?prefCd=30&kikanCd=301939&kikanKbn=5", "url2": "http://www.ginmeido.co.jp/" }, "geometry": { "type": "Point", "coordinates": [ 135.180967, 34.253906 ] } },
{ "type": "Feature", "properties": { "内容": "調剤薬局ホンダ【5:薬局】和歌山県和歌山市西庄１０１６", "url": "https://www.iryou.teikyouseido.mhlw.go.jp/znk-web/juminkanja/S2430/initialize?prefCd=30&kikanCd=301940&kikanKbn=5", "url2": "https://www.big-advannce.site/c/2016/1596/profile" }, "geometry": { "type": "Point", "coordinates": [ 135.109047, 34.25613 ] } },
{ "type": "Feature", "properties": { "内容": "タイガー薬局十番丁店【5:薬局】和歌山県和歌山市十番丁１２　十番丁ビル１階", "url": "https://www.iryou.teikyouseido.mhlw.go.jp/znk-web/juminkanja/S2430/initialize?prefCd=30&kikanCd=302054&kikanKbn=5", "url2": "http://www.tiger-pharmacy.co.jp/" }, "geometry": { "type": "Point", "coordinates": [ 135.173995, 34.230876 ] } },
{ "type": "Feature", "properties": { "内容": "調剤薬局ネットワーク榎原店【5:薬局】和歌山県和歌山市榎原２０４－２０", "url": "https://www.iryou.teikyouseido.mhlw.go.jp/znk-web/juminkanja/S2430/initialize?prefCd=30&kikanCd=302128&kikanKbn=5", "url2": null }, "geometry": { "type": "Point", "coordinates": [ 135.125242, 34.254345 ] } },
{ "type": "Feature", "properties": { "内容": "そうごう薬局木枕店【5:薬局】和歌山県和歌山市木枕４１－６", "url": "https://www.iryou.teikyouseido.mhlw.go.jp/znk-web/juminkanja/S2430/initialize?prefCd=30&kikanCd=302135&kikanKbn=5", "url2": "https://www.sogo-medical.co.jp/" }, "geometry": { "type": "Point", "coordinates": [ 135.258381, 34.205878 ] } },
{ "type": "Feature", "properties": { "内容": "株式会社第一薬局　和佐【5:薬局】和歌山県和歌山市岩橋８７１－１", "url": "https://www.iryou.teikyouseido.mhlw.go.jp/znk-web/juminkanja/S2430/initialize?prefCd=30&kikanCd=302277&kikanKbn=5", "url2": "https://d1p.co.jp/" }, "geometry": { "type": "Point", "coordinates": [ 135.229636, 34.237928 ] } },
{ "type": "Feature", "properties": { "内容": "株式会社めいよう薬局【5:薬局】和歌山県和歌山市小野町３－４７", "url": "https://www.iryou.teikyouseido.mhlw.go.jp/znk-web/juminkanja/S2430/initialize?prefCd=30&kikanCd=302304&kikanKbn=5", "url2": null }, "geometry": { "type": "Point", "coordinates": [ 135.162279, 34.231844 ] } },
{ "type": "Feature", "properties": { "内容": "ガーデン薬局【5:薬局】和歌山県和歌山市北島４５３－１", "url": "https://www.iryou.teikyouseido.mhlw.go.jp/znk-web/juminkanja/S2430/initialize?prefCd=30&kikanCd=302352&kikanKbn=5", "url2": null }, "geometry": { "type": "Point", "coordinates": [ 135.15527, 34.237995 ] } },
{ "type": "Feature", "properties": { "内容": "菖蒲ヶ丘薬局【5:薬局】和歌山県和歌山市津秦５－１", "url": "https://www.iryou.teikyouseido.mhlw.go.jp/znk-web/juminkanja/S2430/initialize?prefCd=30&kikanCd=302421&kikanKbn=5", "url2": "http://www.syo-bu.com/" }, "geometry": { "type": "Point", "coordinates": [ 135.207254, 34.223782 ] } },
{ "type": "Feature", "properties": { "内容": "サン調剤薬局　東長町店【5:薬局】和歌山県和歌山市湊桶屋町８", "url": "https://www.iryou.teikyouseido.mhlw.go.jp/znk-web/juminkanja/S2430/initialize?prefCd=30&kikanCd=302751&kikanKbn=5", "url2": null }, "geometry": { "type": "Point", "coordinates": [ 135.167423, 34.220265 ] } },
{ "type": "Feature", "properties": { "内容": "城南薬局　古屋店【5:薬局】和歌山県和歌山市古屋１５３－３１", "url": "https://www.iryou.teikyouseido.mhlw.go.jp/znk-web/juminkanja/S2430/initialize?prefCd=30&kikanCd=302868&kikanKbn=5", "url2": null }, "geometry": { "type": "Point", "coordinates": [ 135.121777, 34.25394 ] } },
{ "type": "Feature", "properties": { "内容": "のぞみ薬局【5:薬局】和歌山県和歌山市吐前２８２－１", "url": "https://www.iryou.teikyouseido.mhlw.go.jp/znk-web/juminkanja/S2430/initialize?prefCd=30&kikanCd=302872&kikanKbn=5", "url2": null }, "geometry": { "type": "Point", "coordinates": [ 135.271752, 34.240503 ] } },
{ "type": "Feature", "properties": { "内容": "株式会社第一薬局川永【5:薬局】和歌山県和歌山市島２３４－７", "url": "https://www.iryou.teikyouseido.mhlw.go.jp/znk-web/juminkanja/S2430/initialize?prefCd=30&kikanCd=302913&kikanKbn=5", "url2": "https://d1p.co.jp/" }, "geometry": { "type": "Point", "coordinates": [ 135.252372, 34.256524 ] } },
{ "type": "Feature", "properties": { "内容": "銀明堂薬局【5:薬局】和歌山県和歌山市北野５１７", "url": "https://www.iryou.teikyouseido.mhlw.go.jp/znk-web/juminkanja/S2430/initialize?prefCd=30&kikanCd=303036&kikanKbn=5", "url2": "http://www.ginmeido.co.jp/" }, "geometry": { "type": "Point", "coordinates": [ 135.244076, 34.267396 ] } },
{ "type": "Feature", "properties": { "内容": "みふく薬局【5:薬局】和歌山県紀の川市桃山町元３６１ー１　第一ビル１階", "url": "https://www.iryou.teikyouseido.mhlw.go.jp/znk-web/juminkanja/S2430/initialize?prefCd=30&kikanCd=3041710454&kikanKbn=5", "url2": null }, "geometry": { "type": "Point", "coordinates": [ 135.351442, 34.239604 ] } },
{ "type": "Feature", "properties": { "内容": "みふく薬局　粉河店【5:薬局】和歌山県紀の川市粉河４２０ー２", "url": "https://www.iryou.teikyouseido.mhlw.go.jp/znk-web/juminkanja/S2430/initialize?prefCd=30&kikanCd=3041710462&kikanKbn=5", "url2": null }, "geometry": { "type": "Point", "coordinates": [ 135.408003, 34.269126 ] } },
{ "type": "Feature", "properties": { "内容": "大竹薬局【5:薬局】和歌山県橋本市高野口町名倉２００－２", "url": "https://www.iryou.teikyouseido.mhlw.go.jp/znk-web/juminkanja/S2430/initialize?prefCd=30&kikanCd=31010005&kikanKbn=5", "url2": null }, "geometry": { "type": "Point", "coordinates": [ 135.554428, 34.303173 ] } },
{ "type": "Feature", "properties": { "内容": "ヨシダ薬局【5:薬局】和歌山県橋本市胡麻生３５８－４", "url": "https://www.iryou.teikyouseido.mhlw.go.jp/znk-web/juminkanja/S2430/initialize?prefCd=30&kikanCd=31010007&kikanKbn=5", "url2": null }, "geometry": { "type": "Point", "coordinates": [ 135.60967, 34.338331 ] } },
{ "type": "Feature", "properties": { "内容": "三平薬局かつらぎ【5:薬局】和歌山県伊都郡かつらぎ町佐野１００８－４", "url": "https://www.iryou.teikyouseido.mhlw.go.jp/znk-web/juminkanja/S2430/initialize?prefCd=30&kikanCd=31010009&kikanKbn=5", "url2": null }, "geometry": { "type": "Point", "coordinates": [ 135.488058, 34.291638 ] } },
{ "type": "Feature", "properties": { "内容": "橋本うめ薬局【5:薬局】和歌山県橋本市小峰台２－１２－４０", "url": "https://www.iryou.teikyouseido.mhlw.go.jp/znk-web/juminkanja/S2430/initialize?prefCd=30&kikanCd=31010012&kikanKbn=5", "url2": "http://www.umeyaku.co.jp/" }, "geometry": { "type": "Point", "coordinates": [ 135.634162, 34.353295 ] } },
{ "type": "Feature", "properties": { "内容": "紀北薬局おみね店【5:薬局】和歌山県橋本市小峰台２－１２－３９", "url": "https://www.iryou.teikyouseido.mhlw.go.jp/znk-web/juminkanja/S2430/initialize?prefCd=30&kikanCd=31010013&kikanKbn=5", "url2": "http://www.amsupport.co.jp/" }, "geometry": { "type": "Point", "coordinates": [ 135.63446, 34.353401 ] } },
{ "type": "Feature", "properties": { "内容": "伊都薬局小峰台【5:薬局】和歌山県橋本市小峰台２－１２－４３", "url": "https://www.iryou.teikyouseido.mhlw.go.jp/znk-web/juminkanja/S2430/initialize?prefCd=30&kikanCd=31010014&kikanKbn=5", "url2": null }, "geometry": { "type": "Point", "coordinates": [ 135.633295, 34.35266 ] } },
{ "type": "Feature", "properties": { "内容": "玉清丹調剤薬局【5:薬局】和歌山県橋本市小峰台二丁目１２番４１", "url": "https://www.iryou.teikyouseido.mhlw.go.jp/znk-web/juminkanja/S2430/initialize?prefCd=30&kikanCd=31010016&kikanKbn=5", "url2": "https://www.gyokuseitan.co.jp/" }, "geometry": { "type": "Point", "coordinates": [ 135.633696, 34.353022 ] } },
{ "type": "Feature", "properties": { "内容": "調剤薬局ショウワしらさぎ台店【5:薬局】和歌山県橋本市しらさぎ台１２番地の９", "url": "https://www.iryou.teikyouseido.mhlw.go.jp/znk-web/juminkanja/S2430/initialize?prefCd=30&kikanCd=31010017&kikanKbn=5", "url2": null }, "geometry": { "type": "Point", "coordinates": [ 135.612299, 34.339075 ] } },
{ "type": "Feature", "properties": { "内容": "薬局ボン・サンテ【5:薬局】和歌山県橋本市三石台１丁目３番１", "url": "https://www.iryou.teikyouseido.mhlw.go.jp/znk-web/juminkanja/S2430/initialize?prefCd=30&kikanCd=31010024&kikanKbn=5", "url2": "https://www.gyokuseitan.co.jp/" }, "geometry": { "type": "Point", "coordinates": [ 135.602466, 34.356029 ] } },
{ "type": "Feature", "properties": { "内容": "コジマ調剤薬局【5:薬局】和歌山県橋本市市脇４－７－６", "url": "https://www.iryou.teikyouseido.mhlw.go.jp/znk-web/juminkanja/S2430/initialize?prefCd=30&kikanCd=31010026&kikanKbn=5", "url2": null }, "geometry": { "type": "Point", "coordinates": [ 135.599414, 34.31083 ] } },
{ "type": "Feature", "properties": { "内容": "調剤薬局ショウワ東家店【5:薬局】和歌山県橋本市市脇１丁目１－２７　岡田屋ビル１Ｆ１０１", "url": "https://www.iryou.teikyouseido.mhlw.go.jp/znk-web/juminkanja/S2430/initialize?prefCd=30&kikanCd=31010027&kikanKbn=5", "url2": null }, "geometry": { "type": "Point", "coordinates": [ 135.603519, 34.314319 ] } },
{ "type": "Feature", "properties": { "内容": "ヨシダ薬局【5:薬局】和歌山県伊都郡かつらぎ町妙寺", "url": "https://www.iryou.teikyouseido.mhlw.go.jp/znk-web/juminkanja/S2430/initialize?prefCd=30&kikanCd=31010034&kikanKbn=5", "url2": null }, "geometry": { "type": "Point", "coordinates": [ 135.521419, 34.295944 ] } },
{ "type": "Feature", "properties": { "内容": "株式会社中谷薬局【5:薬局】和歌山県伊都郡かつらぎ町大字西飯降３－１２", "url": "https://www.iryou.teikyouseido.mhlw.go.jp/znk-web/juminkanja/S2430/initialize?prefCd=30&kikanCd=31010035&kikanKbn=5", "url2": null }, "geometry": { "type": "Point", "coordinates": [ 135.529772, 34.302783 ] } },
{ "type": "Feature", "properties": { "内容": "合資会社玉清丹薬局【5:薬局】和歌山県橋本市橋本二丁目２番１７号", "url": "https://www.iryou.teikyouseido.mhlw.go.jp/znk-web/juminkanja/S2430/initialize?prefCd=30&kikanCd=31010038&kikanKbn=5", "url2": "https://www.gyokuseitan.co.jp/" }, "geometry": { "type": "Point", "coordinates": [ 135.613496, 34.315959 ] } },
{ "type": "Feature", "properties": { "内容": "三平薬局【5:薬局】和歌山県伊都郡九度山町九度山１６１６", "url": "https://www.iryou.teikyouseido.mhlw.go.jp/znk-web/juminkanja/S2430/initialize?prefCd=30&kikanCd=31010042&kikanKbn=5", "url2": null }, "geometry": { "type": "Point", "coordinates": [ 135.559863, 34.292279 ] } },
{ "type": "Feature", "properties": { "内容": "三宝堂薬局【5:薬局】和歌山県橋本市高野口町名倉３９２－１１", "url": "https://www.iryou.teikyouseido.mhlw.go.jp/znk-web/juminkanja/S2430/initialize?prefCd=30&kikanCd=31010044&kikanKbn=5", "url2": "sanpodou39211@i.softbank.jp" }, "geometry": { "type": "Point", "coordinates": [ 135.555966, 34.304781 ] } },
{ "type": "Feature", "properties": { "内容": "コスモス薬局【5:薬局】和歌山県橋本市東家４－１２－６", "url": "https://www.iryou.teikyouseido.mhlw.go.jp/znk-web/juminkanja/S2430/initialize?prefCd=30&kikanCd=31010045&kikanKbn=5", "url2": "https://itp.ne.jp/info/510000000000049860/" }, "geometry": { "type": "Point", "coordinates": [ 135.610723, 34.317282 ] } },
{ "type": "Feature", "properties": { "内容": "保険調剤ハーブ薬局【5:薬局】和歌山県橋本市高野口町伏原１８８－１", "url": "https://www.iryou.teikyouseido.mhlw.go.jp/znk-web/juminkanja/S2430/initialize?prefCd=30&kikanCd=31010048&kikanKbn=5", "url2": null }, "geometry": { "type": "Point", "coordinates": [ 135.57041, 34.306689 ] } },
{ "type": "Feature", "properties": { "内容": "ごんべえドリ薬局【5:薬局】和歌山県橋本市清水５１２－１３", "url": "https://www.iryou.teikyouseido.mhlw.go.jp/znk-web/juminkanja/S2430/initialize?prefCd=30&kikanCd=31010050&kikanKbn=5", "url2": "http://www.gonbeedori.co.jp/" }, "geometry": { "type": "Point", "coordinates": [ 135.600689, 34.3072 ] } },
{ "type": "Feature", "properties": { "内容": "メイプル薬局【5:薬局】和歌山県伊都郡かつらぎ町笠田東２２５－６", "url": "https://www.iryou.teikyouseido.mhlw.go.jp/znk-web/juminkanja/S2430/initialize?prefCd=30&kikanCd=31010051&kikanKbn=5", "url2": null }, "geometry": { "type": "Point", "coordinates": [ 135.480773, 34.285815 ] } },
{ "type": "Feature", "properties": { "内容": "フロンティア薬局　かつらぎ店【5:薬局】和歌山県伊都郡かつらぎ町妙寺１８４－５", "url": "https://www.iryou.teikyouseido.mhlw.go.jp/znk-web/juminkanja/S2430/initialize?prefCd=30&kikanCd=31010052&kikanKbn=5", "url2": "https://www.frontier-ph.com/" }, "geometry": { "type": "Point", "coordinates": [ 135.529579, 34.302011 ] } },
{ "type": "Feature", "properties": { "内容": "西山薬局【5:薬局】和歌山県橋本市高野口町大野２３７－５", "url": "https://www.iryou.teikyouseido.mhlw.go.jp/znk-web/juminkanja/S2430/initialize?prefCd=30&kikanCd=31010053&kikanKbn=5", "url2": null }, "geometry": { "type": "Point", "coordinates": [ 135.548729, 34.30477 ] } },
{ "type": "Feature", "properties": { "内容": "紀北薬局このの店【5:薬局】和歌山県橋本市神野々１１０７－６", "url": "https://www.iryou.teikyouseido.mhlw.go.jp/znk-web/juminkanja/S2430/initialize?prefCd=30&kikanCd=31010056&kikanKbn=5", "url2": "http://www.amsupport.co.jp/" }, "geometry": { "type": "Point", "coordinates": [ 135.581969, 34.305003 ] } },
{ "type": "Feature", "properties": { "内容": "けやき薬局【5:薬局】和歌山県橋本市城山台２－４５－６９", "url": "https://www.iryou.teikyouseido.mhlw.go.jp/znk-web/juminkanja/S2430/initialize?prefCd=30&kikanCd=31010059&kikanKbn=5", "url2": "https://akitsushima-gr.com/" }, "geometry": { "type": "Point", "coordinates": [ 135.607214, 34.348181 ] } },
{ "type": "Feature", "properties": { "内容": "こうや総合調剤薬局【5:薬局】和歌山県伊都郡高野町高野山６３６", "url": "https://www.iryou.teikyouseido.mhlw.go.jp/znk-web/juminkanja/S2430/initialize?prefCd=30&kikanCd=31010060&kikanKbn=5", "url2": "https://ph-koya.com" }, "geometry": { "type": "Point", "coordinates": [ 135.586379, 34.216293 ] } },
{ "type": "Feature", "properties": { "内容": "ウェーブ薬局紀伊山田店【5:薬局】和歌山県橋本市神野々字大道南３８２－１７", "url": "https://www.iryou.teikyouseido.mhlw.go.jp/znk-web/juminkanja/S2430/initialize?prefCd=30&kikanCd=31010065&kikanKbn=5", "url2": "http://wave-pharmacy.com/" }, "geometry": { "type": "Point", "coordinates": [ 135.583753, 34.312485 ] } },
{ "type": "Feature", "properties": { "内容": "アオイ薬局【5:薬局】和歌山県橋本市高野口町伏原１０４３－１", "url": "https://www.iryou.teikyouseido.mhlw.go.jp/znk-web/juminkanja/S2430/initialize?prefCd=30&kikanCd=31010067&kikanKbn=5", "url2": "https://www.big-advance.site/s/145/2211/company" }, "geometry": { "type": "Point", "coordinates": [ 135.573602, 34.30925 ] } },
{ "type": "Feature", "properties": { "内容": "キリン堂薬局　御幸辻店【5:薬局】和歌山県橋本市御幸辻１３７－１", "url": "https://www.iryou.teikyouseido.mhlw.go.jp/znk-web/juminkanja/S2430/initialize?prefCd=30&kikanCd=31010068&kikanKbn=5", "url2": "https://www.kirindo-shop.com/managa/shop/DG0696.html" }, "geometry": { "type": "Point", "coordinates": [ 135.60536, 34.336394 ] } },
{ "type": "Feature", "properties": { "内容": "ヒラノ薬局【5:薬局】和歌山県伊都郡高野町高野山７３０", "url": "https://www.iryou.teikyouseido.mhlw.go.jp/znk-web/juminkanja/S2430/initialize?prefCd=30&kikanCd=31010071&kikanKbn=5", "url2": null }, "geometry": { "type": "Point", "coordinates": [ 135.588984, 34.21286 ] } },
{ "type": "Feature", "properties": { "内容": "ごんべえドリ薬局　紀見店【5:薬局】和歌山県橋本市紀見字椿原５９１－１", "url": "https://www.iryou.teikyouseido.mhlw.go.jp/znk-web/juminkanja/S2430/initialize?prefCd=30&kikanCd=31010072&kikanKbn=5", "url2": "http://www.gonbeedori.co.jp/" }, "geometry": { "type": "Point", "coordinates": [ 135.617498, 34.34023 ] } },
{ "type": "Feature", "properties": { "内容": "おかむろ薬局【5:薬局】和歌山県橋本市市脇１－６５", "url": "https://www.iryou.teikyouseido.mhlw.go.jp/znk-web/juminkanja/S2430/initialize?prefCd=30&kikanCd=31010073&kikanKbn=5", "url2": "masachi1718@outlook.jp" }, "geometry": { "type": "Point", "coordinates": [ 135.600804, 34.314701 ] } },
{ "type": "Feature", "properties": { "内容": "ごんべえドリ薬局かつらぎ店【5:薬局】和歌山県伊都郡かつらぎ町笠田東９７－２", "url": "https://www.iryou.teikyouseido.mhlw.go.jp/znk-web/juminkanja/S2430/initialize?prefCd=30&kikanCd=31010074&kikanKbn=5", "url2": "http://www.gonbeedori.co.jp/" }, "geometry": { "type": "Point", "coordinates": [ 135.482634, 34.288104 ] } },
{ "type": "Feature", "properties": { "内容": "森下薬局【5:薬局】和歌山県橋本市東家４丁目１８－１５", "url": "https://www.iryou.teikyouseido.mhlw.go.jp/znk-web/juminkanja/S2430/initialize?prefCd=30&kikanCd=31010075&kikanKbn=5", "url2": null }, "geometry": { "type": "Point", "coordinates": [ 135.610256, 34.315216 ] } },
{ "type": "Feature", "properties": { "内容": "有限会社いしい薬局【5:薬局】和歌山県橋本市高野口町名倉２７２－１", "url": "https://www.iryou.teikyouseido.mhlw.go.jp/znk-web/juminkanja/S2430/initialize?prefCd=30&kikanCd=31010076&kikanKbn=5", "url2": null }, "geometry": { "type": "Point", "coordinates": [ 135.552632, 34.303089 ] } },
{ "type": "Feature", "properties": { "内容": "さくら薬局伊都笠田東店【5:薬局】和歌山県伊都郡かつらぎ町笠田東１７４－４", "url": "https://www.iryou.teikyouseido.mhlw.go.jp/znk-web/juminkanja/S2430/initialize?prefCd=30&kikanCd=31010077&kikanKbn=5", "url2": "https://www.kraft-net.co.jp/sakura/store/4131/" }, "geometry": { "type": "Point", "coordinates": [ 135.479274, 34.287552 ] } },
{ "type": "Feature", "properties": { "内容": "さくら薬局　伊都九度山店【5:薬局】和歌山県伊都郡九度山町九度山７８８－４　メゾンプラクミン１Ｆ", "url": "https://www.iryou.teikyouseido.mhlw.go.jp/znk-web/juminkanja/S2430/initialize?prefCd=30&kikanCd=31010078&kikanKbn=5", "url2": "https://www.kraft-net.co.jp/sakura/store/4133/" }, "geometry": { "type": "Point", "coordinates": [ 135.566732, 34.283097 ] } },
{ "type": "Feature", "properties": { "内容": "さくら薬局橋本高野口店【5:薬局】和歌山県橋本市高野口町名古曽９１６番地の４", "url": "https://www.iryou.teikyouseido.mhlw.go.jp/znk-web/juminkanja/S2430/initialize?prefCd=30&kikanCd=31010079&kikanKbn=5", "url2": "https://www.kraft-net.co.jp/sakura/store/4132/" }, "geometry": { "type": "Point", "coordinates": [ 135.560879, 34.301626 ] } },
{ "type": "Feature", "properties": { "内容": "順敬堂薬局【5:薬局】和歌山県伊都郡高野町高野山７２３", "url": "https://www.iryou.teikyouseido.mhlw.go.jp/znk-web/juminkanja/S2430/initialize?prefCd=30&kikanCd=31010080&kikanKbn=5", "url2": null }, "geometry": { "type": "Point", "coordinates": [ 135.586108, 34.213654 ] } },
{ "type": "Feature", "properties": { "内容": "そうごう薬局　高野口店【5:薬局】和歌山県橋本市高野口町名倉１８６－１", "url": "https://www.iryou.teikyouseido.mhlw.go.jp/znk-web/juminkanja/S2430/initialize?prefCd=30&kikanCd=31010081&kikanKbn=5", "url2": "https://www.sogo-medical.co.jp/" }, "geometry": { "type": "Point", "coordinates": [ 135.555322, 34.302484 ] } },
{ "type": "Feature", "properties": { "内容": "大谷薬局【5:薬局】和歌山県橋本市古佐田１－３－１７", "url": "https://www.iryou.teikyouseido.mhlw.go.jp/znk-web/juminkanja/S2430/initialize?prefCd=30&kikanCd=31010082&kikanKbn=5", "url2": "https://medical.jinsyoudou.com/" }, "geometry": { "type": "Point", "coordinates": [ 135.613242, 34.317626 ] } },
{ "type": "Feature", "properties": { "内容": "すまいる薬局【5:薬局】和歌山県橋本市東家１丁目３６７－５", "url": "https://www.iryou.teikyouseido.mhlw.go.jp/znk-web/juminkanja/S2430/initialize?prefCd=30&kikanCd=31010083&kikanKbn=5", "url2": null }, "geometry": { "type": "Point", "coordinates": [ 135.604675, 34.315114 ] } },
{ "type": "Feature", "properties": { "内容": "大竹薬局　妙寺店【5:薬局】和歌山県伊都郡かつらぎ町妙寺９１９－４", "url": "https://www.iryou.teikyouseido.mhlw.go.jp/znk-web/juminkanja/S2430/initialize?prefCd=30&kikanCd=31010084&kikanKbn=5", "url2": null }, "geometry": { "type": "Point", "coordinates": [ 135.524164, 34.303079 ] } },
{ "type": "Feature", "properties": { "内容": "エバグリーン薬局　橋本店【5:薬局】和歌山県橋本市東家６丁目３４３－２", "url": "https://www.iryou.teikyouseido.mhlw.go.jp/znk-web/juminkanja/S2430/initialize?prefCd=30&kikanCd=31010085&kikanKbn=5", "url2": null }, "geometry": { "type": "Point", "coordinates": [ 135.605114, 34.313238 ] } },
{ "type": "Feature", "properties": { "内容": "カメリア調剤薬局【5:薬局】和歌山県伊都郡かつらぎ町大谷１２５４－１", "url": "https://www.iryou.teikyouseido.mhlw.go.jp/znk-web/juminkanja/S2430/initialize?prefCd=30&kikanCd=31010086&kikanKbn=5", "url2": "https://sanmi-g.co.jp/shop/%E3%82%AB%E3%83%A1%E3%83%AA%E3%82%A2%E8%AA%BF%E5%89%A4%E8%96%AC%E5%B1%80/" }, "geometry": { "type": "Point", "coordinates": [ 135.490544, 34.29252 ] } },
{ "type": "Feature", "properties": { "内容": "萩原薬局【5:薬局】和歌山県伊都郡かつらぎ町佐野１８５", "url": "https://www.iryou.teikyouseido.mhlw.go.jp/znk-web/juminkanja/S2430/initialize?prefCd=30&kikanCd=31010088&kikanKbn=5", "url2": null }, "geometry": { "type": "Point", "coordinates": [ 135.482853, 34.28925 ] } },
{ "type": "Feature", "properties": { "内容": "ポプラ薬局【5:薬局】和歌山県橋本市高野口町向島４２－１５", "url": "https://www.iryou.teikyouseido.mhlw.go.jp/znk-web/juminkanja/S2430/initialize?prefCd=30&kikanCd=31010089&kikanKbn=5", "url2": null }, "geometry": { "type": "Point", "coordinates": [ 135.555779, 34.299808 ] } },
{ "type": "Feature", "properties": { "内容": "たけのこ薬局【5:薬局】和歌山県橋本市光陽台１丁目５−１６", "url": "https://www.iryou.teikyouseido.mhlw.go.jp/znk-web/juminkanja/S2430/initialize?prefCd=30&kikanCd=31010090&kikanKbn=5", "url2": "https://neumond-p.com" }, "geometry": { "type": "Point", "coordinates": [ 135.606849, 34.368764 ] } },
{ "type": "Feature", "properties": { "内容": "エバグリーン薬局橋本店【5:薬局】和歌山県橋本市東家６丁目３４０－１", "url": "https://www.iryou.teikyouseido.mhlw.go.jp/znk-web/juminkanja/S2430/initialize?prefCd=30&kikanCd=31010091&kikanKbn=5", "url2": null }, "geometry": { "type": "Point", "coordinates": [ 135.605642, 34.313656 ] } },
{ "type": "Feature", "properties": { "内容": "グレープ薬局【5:薬局】和歌山県橋本市市脇４－１７５－１１", "url": "https://www.iryou.teikyouseido.mhlw.go.jp/znk-web/juminkanja/S2430/initialize?prefCd=30&kikanCd=31010092&kikanKbn=5", "url2": "http://www.amsupport.co.jp/company/" }, "geometry": { "type": "Point", "coordinates": [ 135.601913, 34.312446 ] } },
{ "type": "Feature", "properties": { "内容": "ジョイントキュア　こうしん堂薬局【5:薬局】和歌山県和歌山市太田１丁目１３－８　エヌ・アイ・シービル１Ｆ", "url": "https://www.iryou.teikyouseido.mhlw.go.jp/znk-web/juminkanja/S2430/initialize?prefCd=30&kikanCd=310118&kikanKbn=5", "url2": "http://www.koshin-do.jp/" }, "geometry": { "type": "Point", "coordinates": [ 135.193395, 34.23217 ] } },
{ "type": "Feature", "properties": { "内容": "和駅東調剤薬局【5:薬局】和歌山県和歌山市黒田１－３－２４", "url": "https://www.iryou.teikyouseido.mhlw.go.jp/znk-web/juminkanja/S2430/initialize?prefCd=30&kikanCd=313173&kikanKbn=5", "url2": "http://www.ginmeido.co.jp/" }, "geometry": { "type": "Point", "coordinates": [ 135.193531, 34.233151 ] } },
{ "type": "Feature", "properties": { "内容": "株式会社　第一薬局　海南駅前【5:薬局】和歌山県海南市名高５３１－４　Ｙ．Ｔ．ビル１階北側", "url": "https://www.iryou.teikyouseido.mhlw.go.jp/znk-web/juminkanja/S2430/initialize?prefCd=30&kikanCd=41010005&kikanKbn=5", "url2": "https://d1p.co.jp/" }, "geometry": { "type": "Point", "coordinates": [ 135.212805, 34.154138 ] } },
{ "type": "Feature", "properties": { "内容": "ユーコー薬局【5:薬局】和歌山県海南市下津町小南１２６－４", "url": "https://www.iryou.teikyouseido.mhlw.go.jp/znk-web/juminkanja/S2430/initialize?prefCd=30&kikanCd=41010006&kikanKbn=5", "url2": null }, "geometry": { "type": "Point", "coordinates": [ 135.168039, 34.127518 ] } },
{ "type": "Feature", "properties": { "内容": "センター薬局【5:薬局】和歌山県海南市名高５３６　センタープラザビル１階", "url": "https://www.iryou.teikyouseido.mhlw.go.jp/znk-web/juminkanja/S2430/initialize?prefCd=30&kikanCd=41010009&kikanKbn=5", "url2": null }, "geometry": { "type": "Point", "coordinates": [ 135.212104, 34.15482 ] } },
{ "type": "Feature", "properties": { "内容": "薬局　天狗堂【5:薬局】和歌山県海草郡紀美野町小畑３１０－１２", "url": "https://www.iryou.teikyouseido.mhlw.go.jp/znk-web/juminkanja/S2430/initialize?prefCd=30&kikanCd=41010010&kikanKbn=5", "url2": null }, "geometry": { "type": "Point", "coordinates": [ 135.297457, 34.16418 ] } },
{ "type": "Feature", "properties": { "内容": "マエダ薬局【5:薬局】和歌山県海草郡紀美野町動木２９－３", "url": "https://www.iryou.teikyouseido.mhlw.go.jp/znk-web/juminkanja/S2430/initialize?prefCd=30&kikanCd=41010021&kikanKbn=5", "url2": null }, "geometry": { "type": "Point", "coordinates": [ 135.305035, 34.166131 ] } },
{ "type": "Feature", "properties": { "内容": "あおぞら薬局【5:薬局】和歌山県海南市名高１７９－５", "url": "https://www.iryou.teikyouseido.mhlw.go.jp/znk-web/juminkanja/S2430/initialize?prefCd=30&kikanCd=41010024&kikanKbn=5", "url2": null }, "geometry": { "type": "Point", "coordinates": [ 135.216151, 34.154147 ] } },
{ "type": "Feature", "properties": { "内容": "有限会社　ヤマモト薬局【5:薬局】和歌山県海南市名高５３７－９", "url": "https://www.iryou.teikyouseido.mhlw.go.jp/znk-web/juminkanja/S2430/initialize?prefCd=30&kikanCd=41010029&kikanKbn=5", "url2": "http://www.yamamotoyakkyoku.co.jp/" }, "geometry": { "type": "Point", "coordinates": [ 135.211404, 34.154629 ] } },
{ "type": "Feature", "properties": { "内容": "わかば薬局【5:薬局】和歌山県海南市井田１４６－４", "url": "https://www.iryou.teikyouseido.mhlw.go.jp/znk-web/juminkanja/S2430/initialize?prefCd=30&kikanCd=41010030&kikanKbn=5", "url2": null }, "geometry": { "type": "Point", "coordinates": [ 135.224361, 34.159395 ] } },
{ "type": "Feature", "properties": { "内容": "ゆうゆう薬局【5:薬局】和歌山県海南市重根東１－７－６", "url": "https://www.iryou.teikyouseido.mhlw.go.jp/znk-web/juminkanja/S2430/initialize?prefCd=30&kikanCd=41010031&kikanKbn=5", "url2": "http://www.ginmeido.co.jp/" }, "geometry": { "type": "Point", "coordinates": [ 135.247643, 34.155106 ] } },
{ "type": "Feature", "properties": { "内容": "下津薬局【5:薬局】和歌山県海南市下津町下津３０６６", "url": "https://www.iryou.teikyouseido.mhlw.go.jp/znk-web/juminkanja/S2430/initialize?prefCd=30&kikanCd=41010032&kikanKbn=5", "url2": null }, "geometry": { "type": "Point", "coordinates": [ 135.145557, 34.109938 ] } },
{ "type": "Feature", "properties": { "内容": "七山調剤薬局【5:薬局】和歌山県海南市七山３５４－１", "url": "https://www.iryou.teikyouseido.mhlw.go.jp/znk-web/juminkanja/S2430/initialize?prefCd=30&kikanCd=41010033&kikanKbn=5", "url2": "http://www.ginmeido.co.jp/" }, "geometry": { "type": "Point", "coordinates": [ 135.303573, 34.188285 ] } },
{ "type": "Feature", "properties": { "内容": "新町調剤薬局【5:薬局】和歌山県海南市日方１２７２－５１　新町ビル１Ｆ", "url": "https://www.iryou.teikyouseido.mhlw.go.jp/znk-web/juminkanja/S2430/initialize?prefCd=30&kikanCd=41010034&kikanKbn=5", "url2": "http://shohosen.jp/" }, "geometry": { "type": "Point", "coordinates": [ 135.208706, 34.157101 ] } },
{ "type": "Feature", "properties": { "内容": "保険調剤薬局　朝日　海南店【5:薬局】和歌山県海南市名高５０７－４", "url": "https://www.iryou.teikyouseido.mhlw.go.jp/znk-web/juminkanja/S2430/initialize?prefCd=30&kikanCd=41010035&kikanKbn=5", "url2": null }, "geometry": { "type": "Point", "coordinates": [ 135.212701, 34.153419 ] } },
{ "type": "Feature", "properties": { "内容": "ユーコー薬局　海南【5:薬局】和歌山県海南市築地１－５８", "url": "https://www.iryou.teikyouseido.mhlw.go.jp/znk-web/juminkanja/S2430/initialize?prefCd=30&kikanCd=41010037&kikanKbn=5", "url2": null }, "geometry": { "type": "Point", "coordinates": [ 135.210285, 34.15286 ] } },
{ "type": "Feature", "properties": { "内容": "みき薬局【5:薬局】和歌山県海南市日方１２９０－６６", "url": "https://www.iryou.teikyouseido.mhlw.go.jp/znk-web/juminkanja/S2430/initialize?prefCd=30&kikanCd=41010039&kikanKbn=5", "url2": null }, "geometry": { "type": "Point", "coordinates": [ 135.208874, 34.154385 ] } },
{ "type": "Feature", "properties": { "内容": "株式会社　第一薬局日方【5:薬局】和歌山県海南市日方１５２１－３", "url": "https://www.iryou.teikyouseido.mhlw.go.jp/znk-web/juminkanja/S2430/initialize?prefCd=30&kikanCd=41010043&kikanKbn=5", "url2": "https://d1p.co.jp/" }, "geometry": { "type": "Point", "coordinates": [ 135.210852, 34.154267 ] } },
{ "type": "Feature", "properties": { "内容": "ヒカタ薬局【5:薬局】和歌山県海南市日方１５２１－６", "url": "https://www.iryou.teikyouseido.mhlw.go.jp/znk-web/juminkanja/S2430/initialize?prefCd=30&kikanCd=41010046&kikanKbn=5", "url2": "http://www.ginmeido.co.jp/" }, "geometry": { "type": "Point", "coordinates": [ 135.21064, 34.154248 ] } },
{ "type": "Feature", "properties": { "内容": "調剤薬局　ツルハドラッグ　海南駅前店【5:薬局】和歌山県海南市名高５５５－７", "url": "https://www.iryou.teikyouseido.mhlw.go.jp/znk-web/juminkanja/S2430/initialize?prefCd=30&kikanCd=41010047&kikanKbn=5", "url2": "http://www.tsuruha.co.jp/shop/?cm=v&amp;id=1501" }, "geometry": { "type": "Point", "coordinates": [ 135.213526, 34.155103 ] } },
{ "type": "Feature", "properties": { "内容": "調剤薬局　ツルハドラッグ　温山荘前店【5:薬局】和歌山県海南市船尾３６５－１６", "url": "https://www.iryou.teikyouseido.mhlw.go.jp/znk-web/juminkanja/S2430/initialize?prefCd=30&kikanCd=41010048&kikanKbn=5", "url2": "http://www.tsuruha.co.jp/shop/?cm=v&amp;id=1500" }, "geometry": { "type": "Point", "coordinates": [ 135.196174, 34.159743 ] } },
{ "type": "Feature", "properties": { "内容": "日本調剤　紀美野薬局【5:薬局】和歌山県海草郡紀美野町小畑９６－１", "url": "https://www.iryou.teikyouseido.mhlw.go.jp/znk-web/juminkanja/S2430/initialize?prefCd=30&kikanCd=41010050&kikanKbn=5", "url2": "https://www.nicho.co.jp/" }, "geometry": { "type": "Point", "coordinates": [ 135.294931, 34.163722 ] } },
{ "type": "Feature", "properties": { "内容": "うつみ薬局【5:薬局】和歌山県海南市名高２４３－４", "url": "https://www.iryou.teikyouseido.mhlw.go.jp/znk-web/juminkanja/S2430/initialize?prefCd=30&kikanCd=41010053&kikanKbn=5", "url2": "https://www.rainbow-bridge.jp/" }, "geometry": { "type": "Point", "coordinates": [ 135.21582, 34.152299 ] } },
{ "type": "Feature", "properties": { "内容": "つくし薬局【5:薬局】和歌山県海南市幡川１８７－１８", "url": "https://www.iryou.teikyouseido.mhlw.go.jp/znk-web/juminkanja/S2430/initialize?prefCd=30&kikanCd=41010054&kikanKbn=5", "url2": "https://www.tkc-pharmacy.com/" }, "geometry": { "type": "Point", "coordinates": [ 135.230884, 34.153068 ] } },
{ "type": "Feature", "properties": { "内容": "黒江調剤薬局【5:薬局】和歌山県海南市船尾２１５－３", "url": "https://www.iryou.teikyouseido.mhlw.go.jp/znk-web/juminkanja/S2430/initialize?prefCd=30&kikanCd=41010055&kikanKbn=5", "url2": "http://shohosen.jp/" }, "geometry": { "type": "Point", "coordinates": [ 135.20331, 34.158998 ] } },
{ "type": "Feature", "properties": { "内容": "日本調剤小畑薬局【5:薬局】和歌山県海草郡紀美野町小畑字森ノ坪６０番１", "url": "https://www.iryou.teikyouseido.mhlw.go.jp/znk-web/juminkanja/S2430/initialize?prefCd=30&kikanCd=41010056&kikanKbn=5", "url2": "https://www.nicho.co.jp/tenpo/shobata/" }, "geometry": { "type": "Point", "coordinates": [ 135.291751, 34.164002 ] } },
{ "type": "Feature", "properties": { "内容": "セイムス海南名高薬局【5:薬局】和歌山県海南市名高１５２－１", "url": "https://www.iryou.teikyouseido.mhlw.go.jp/znk-web/juminkanja/S2430/initialize?prefCd=30&kikanCd=41010057&kikanKbn=5", "url2": "https://www.tokai-seims.co.jp/" }, "geometry": { "type": "Point", "coordinates": [ 135.217574, 34.153582 ] } },
{ "type": "Feature", "properties": { "内容": "サンドラッグ海南薬局【5:薬局】和歌山県海南市日方１５２４－４", "url": "https://www.iryou.teikyouseido.mhlw.go.jp/znk-web/juminkanja/S2430/initialize?prefCd=30&kikanCd=41010058&kikanKbn=5", "url2": "https://sundrug-online.com/blogs/search-store/5921" }, "geometry": { "type": "Point", "coordinates": [ 135.209478, 34.154321 ] } },
{ "type": "Feature", "properties": { "内容": "平成薬局【5:薬局】和歌山県海南市船尾２６５－７", "url": "https://www.iryou.teikyouseido.mhlw.go.jp/znk-web/juminkanja/S2430/initialize?prefCd=30&kikanCd=41010059&kikanKbn=5", "url2": "http://shohosen.jp/heisei.html" }, "geometry": { "type": "Point", "coordinates": [ 135.199115, 34.159766 ] } },
{ "type": "Feature", "properties": { "内容": "金屋調剤薬局【5:薬局】和歌山県有田郡有田川町徳田１５９－１", "url": "https://www.iryou.teikyouseido.mhlw.go.jp/znk-web/juminkanja/S2430/initialize?prefCd=30&kikanCd=51010009&kikanKbn=5", "url2": "https://shohosen.jp/" }, "geometry": { "type": "Point", "coordinates": [ 135.248193, 34.06457 ] } },
{ "type": "Feature", "properties": { "内容": "初島薬局【5:薬局】和歌山県有田市初島町浜１３１２－３", "url": "https://www.iryou.teikyouseido.mhlw.go.jp/znk-web/juminkanja/S2430/initialize?prefCd=30&kikanCd=51010013&kikanKbn=5", "url2": null }, "geometry": { "type": "Point", "coordinates": [ 135.118416, 34.101364 ] } },
{ "type": "Feature", "properties": { "内容": "エース薬局　みのしま店【5:薬局】和歌山県有田市新堂５５－１", "url": "https://www.iryou.teikyouseido.mhlw.go.jp/znk-web/juminkanja/S2430/initialize?prefCd=30&kikanCd=51010015&kikanKbn=5", "url2": "http://www.ginmeido.co.jp/" }, "geometry": { "type": "Point", "coordinates": [ 135.128896, 34.084245 ] } },
{ "type": "Feature", "properties": { "内容": "小野田薬局【5:薬局】和歌山県有田郡湯浅町湯浅９６８", "url": "https://www.iryou.teikyouseido.mhlw.go.jp/znk-web/juminkanja/S2430/initialize?prefCd=30&kikanCd=51010016&kikanKbn=5", "url2": null }, "geometry": { "type": "Point", "coordinates": [ 135.179802, 34.035292 ] } },
{ "type": "Feature", "properties": { "内容": "天満薬局【5:薬局】和歌山県有田郡有田川町天満６７９", "url": "https://www.iryou.teikyouseido.mhlw.go.jp/znk-web/juminkanja/S2430/initialize?prefCd=30&kikanCd=51010019&kikanKbn=5", "url2": null }, "geometry": { "type": "Point", "coordinates": [ 135.208033, 34.063338 ] } },
{ "type": "Feature", "properties": { "内容": "フジヤ薬局【5:薬局】和歌山県有田郡有田川町下津野２８７", "url": "https://www.iryou.teikyouseido.mhlw.go.jp/znk-web/juminkanja/S2430/initialize?prefCd=30&kikanCd=51010020&kikanKbn=5", "url2": null }, "geometry": { "type": "Point", "coordinates": [ 135.21825, 34.06651 ] } },
{ "type": "Feature", "properties": { "内容": "たちばな薬局【5:薬局】和歌山県有田郡広川町広２７２－１", "url": "https://www.iryou.teikyouseido.mhlw.go.jp/znk-web/juminkanja/S2430/initialize?prefCd=30&kikanCd=51010024&kikanKbn=5", "url2": null }, "geometry": { "type": "Point", "coordinates": [ 135.176115, 34.029051 ] } },
{ "type": "Feature", "properties": { "内容": "粟生調剤薬局【5:薬局】和歌山県有田郡有田川町粟生５４２－５", "url": "https://www.iryou.teikyouseido.mhlw.go.jp/znk-web/juminkanja/S2430/initialize?prefCd=30&kikanCd=51010030&kikanKbn=5", "url2": "https://shohosen.jp/" }, "geometry": { "type": "Point", "coordinates": [ 135.349585, 34.049515 ] } },
{ "type": "Feature", "properties": { "内容": "下津薬局　初島店【5:薬局】和歌山県有田市初島町里１７０４", "url": "https://www.iryou.teikyouseido.mhlw.go.jp/znk-web/juminkanja/S2430/initialize?prefCd=30&kikanCd=51010033&kikanKbn=5", "url2": null }, "geometry": { "type": "Point", "coordinates": [ 135.116781, 34.096901 ] } },
{ "type": "Feature", "properties": { "内容": "ヒラオ薬局【5:薬局】和歌山県有田郡有田川町金屋７２２－１", "url": "https://www.iryou.teikyouseido.mhlw.go.jp/znk-web/juminkanja/S2430/initialize?prefCd=30&kikanCd=51010035&kikanKbn=5", "url2": null }, "geometry": { "type": "Point", "coordinates": [ 135.252497, 34.063291 ] } },
{ "type": "Feature", "properties": { "内容": "橋爪薬局【5:薬局】和歌山県有田市箕島４４４", "url": "https://www.iryou.teikyouseido.mhlw.go.jp/znk-web/juminkanja/S2430/initialize?prefCd=30&kikanCd=51010037&kikanKbn=5", "url2": null }, "geometry": { "type": "Point", "coordinates": [ 135.11641, 34.084778 ] } },
{ "type": "Feature", "properties": { "内容": "イケナガ薬局【5:薬局】和歌山県有田郡有田川町徳田２１５－１", "url": "https://www.iryou.teikyouseido.mhlw.go.jp/znk-web/juminkanja/S2430/initialize?prefCd=30&kikanCd=51010038&kikanKbn=5", "url2": null }, "geometry": { "type": "Point", "coordinates": [ 135.25059, 34.062688 ] } },
{ "type": "Feature", "properties": { "内容": "アーク薬局【5:薬局】和歌山県有田市古江見１８０－４", "url": "https://www.iryou.teikyouseido.mhlw.go.jp/znk-web/juminkanja/S2430/initialize?prefCd=30&kikanCd=51010039&kikanKbn=5", "url2": "http://www.e-classa.net/ark/" }, "geometry": { "type": "Point", "coordinates": [ 135.123228, 34.079268 ] } },
{ "type": "Feature", "properties": { "内容": "モリ薬局【5:薬局】和歌山県有田郡有田川町庄３４", "url": "https://www.iryou.teikyouseido.mhlw.go.jp/znk-web/juminkanja/S2430/initialize?prefCd=30&kikanCd=51010040&kikanKbn=5", "url2": "https://7gcgl.hp.peraichi.com/?_ga=2.206787219.1439104708.1676619214-1566571754.1676619214" }, "geometry": { "type": "Point", "coordinates": [ 135.238916, 34.066378 ] } },
{ "type": "Feature", "properties": { "内容": "しみず薬局【5:薬局】和歌山県有田郡有田川町清水９８０－３", "url": "https://www.iryou.teikyouseido.mhlw.go.jp/znk-web/juminkanja/S2430/initialize?prefCd=30&kikanCd=51010041&kikanKbn=5", "url2": null }, "geometry": { "type": "Point", "coordinates": [ 135.432246, 34.085608 ] } },
{ "type": "Feature", "properties": { "内容": "アイリス調剤薬局【5:薬局】和歌山県有田郡有田川町金屋９１－２", "url": "https://www.iryou.teikyouseido.mhlw.go.jp/znk-web/juminkanja/S2430/initialize?prefCd=30&kikanCd=51010043&kikanKbn=5", "url2": "http://sanmi-g.co.jp/" }, "geometry": { "type": "Point", "coordinates": [ 135.256162, 34.0594 ] } },
{ "type": "Feature", "properties": { "内容": "かもめ薬局【5:薬局】和歌山県有田郡湯浅町湯浅１３５－１０", "url": "https://www.iryou.teikyouseido.mhlw.go.jp/znk-web/juminkanja/S2430/initialize?prefCd=30&kikanCd=51010045&kikanKbn=5", "url2": null }, "geometry": { "type": "Point", "coordinates": [ 135.173822, 34.034675 ] } },
{ "type": "Feature", "properties": { "内容": "オレンジ調剤薬局【5:薬局】和歌山県有田郡有田川町庄３１－１７８", "url": "https://www.iryou.teikyouseido.mhlw.go.jp/znk-web/juminkanja/S2430/initialize?prefCd=30&kikanCd=51010048&kikanKbn=5", "url2": null }, "geometry": { "type": "Point", "coordinates": [ 135.242161, 34.064998 ] } },
{ "type": "Feature", "properties": { "内容": "サハラ薬局【5:薬局】和歌山県有田市箕島９３－４", "url": "https://www.iryou.teikyouseido.mhlw.go.jp/znk-web/juminkanja/S2430/initialize?prefCd=30&kikanCd=51010053&kikanKbn=5", "url2": null }, "geometry": { "type": "Point", "coordinates": [ 135.127487, 34.08466 ] } },
{ "type": "Feature", "properties": { "内容": "中野薬局【5:薬局】和歌山県有田市箕島８７３－３", "url": "https://www.iryou.teikyouseido.mhlw.go.jp/znk-web/juminkanja/S2430/initialize?prefCd=30&kikanCd=51010057&kikanKbn=5", "url2": null }, "geometry": { "type": "Point", "coordinates": [ 135.123909, 34.085404 ] } },
{ "type": "Feature", "properties": { "内容": "そまの薬局【5:薬局】和歌山県有田郡湯浅町湯浅９３５－１", "url": "https://www.iryou.teikyouseido.mhlw.go.jp/znk-web/juminkanja/S2430/initialize?prefCd=30&kikanCd=51010058&kikanKbn=5", "url2": null }, "geometry": { "type": "Point", "coordinates": [ 135.178989, 34.036163 ] } },
{ "type": "Feature", "properties": { "内容": "やよい堂薬局アリダ店【5:薬局】和歌山県有田市糸我町西５６０－１", "url": "https://www.iryou.teikyouseido.mhlw.go.jp/znk-web/juminkanja/S2430/initialize?prefCd=30&kikanCd=51010060&kikanKbn=5", "url2": null }, "geometry": { "type": "Point", "coordinates": [ 135.17016, 34.073997 ] } },
{ "type": "Feature", "properties": { "内容": "宮原薬局【5:薬局】和歌山県有田市宮原町新町４７３", "url": "https://www.iryou.teikyouseido.mhlw.go.jp/znk-web/juminkanja/S2430/initialize?prefCd=30&kikanCd=51010063&kikanKbn=5", "url2": null }, "geometry": { "type": "Point", "coordinates": [ 135.173054, 34.077336 ] } },
{ "type": "Feature", "properties": { "内容": "エバグリーン薬局　吉備店【5:薬局】和歌山県有田郡有田川町天満５６２", "url": "https://www.iryou.teikyouseido.mhlw.go.jp/znk-web/juminkanja/S2430/initialize?prefCd=30&kikanCd=51010064&kikanKbn=5", "url2": null }, "geometry": { "type": "Point", "coordinates": [ 135.203082, 34.062586 ] } },
{ "type": "Feature", "properties": { "内容": "エバグリーン薬局　デリシャス有田店【5:薬局】和歌山県有田市宮崎町１２３－１", "url": "https://www.iryou.teikyouseido.mhlw.go.jp/znk-web/juminkanja/S2430/initialize?prefCd=30&kikanCd=51010066&kikanKbn=5", "url2": null }, "geometry": { "type": "Point", "coordinates": [ 135.118017, 34.07942 ] } },
{ "type": "Feature", "properties": { "内容": "アリダ薬局【5:薬局】和歌山県有田市辻堂６２６", "url": "https://www.iryou.teikyouseido.mhlw.go.jp/znk-web/juminkanja/S2430/initialize?prefCd=30&kikanCd=51010068&kikanKbn=5", "url2": null }, "geometry": { "type": "Point", "coordinates": [ 135.14591, 34.074637 ] } },
{ "type": "Feature", "properties": { "内容": "アリダ薬局　湯浅店【5:薬局】和歌山県有田郡湯浅町湯浅９０５－３", "url": "https://www.iryou.teikyouseido.mhlw.go.jp/znk-web/juminkanja/S2430/initialize?prefCd=30&kikanCd=51010069&kikanKbn=5", "url2": "https://www.kusurinomadoguchi.com/wakayama/s93325" }, "geometry": { "type": "Point", "coordinates": [ 135.179353, 34.037178 ] } },
{ "type": "Feature", "properties": { "内容": "さくら薬局【5:薬局】和歌山県有田市宮原町須谷５３５－１", "url": "https://www.iryou.teikyouseido.mhlw.go.jp/znk-web/juminkanja/S2430/initialize?prefCd=30&kikanCd=51010071&kikanKbn=5", "url2": null }, "geometry": { "type": "Point", "coordinates": [ 135.182525, 34.07305 ] } },
{ "type": "Feature", "properties": { "内容": "ごんべえドリ薬局有田川店【5:薬局】和歌山県有田郡有田川町天満３４２－４", "url": "https://www.iryou.teikyouseido.mhlw.go.jp/znk-web/juminkanja/S2430/initialize?prefCd=30&kikanCd=51010072&kikanKbn=5", "url2": "http://www.gonbeedori.co.jp" }, "geometry": { "type": "Point", "coordinates": [ 135.204448, 34.060993 ] } },
{ "type": "Feature", "properties": { "内容": "ゴボウ薬局　美浜店【5:薬局】和歌山県日高郡美浜町田井５４４－１", "url": "https://www.iryou.teikyouseido.mhlw.go.jp/znk-web/juminkanja/S2430/initialize?prefCd=30&kikanCd=61010004&kikanKbn=5", "url2": null }, "geometry": { "type": "Point", "coordinates": [ 135.150317, 33.886293 ] } },
{ "type": "Feature", "properties": { "内容": "有限会社　北野薬局【5:薬局】和歌山県御坊市薗２４４", "url": "https://www.iryou.teikyouseido.mhlw.go.jp/znk-web/juminkanja/S2430/initialize?prefCd=30&kikanCd=61010006&kikanKbn=5", "url2": null }, "geometry": { "type": "Point", "coordinates": [ 135.156287, 33.891404 ] } },
{ "type": "Feature", "properties": { "内容": "北出薬局【5:薬局】和歌山県日高郡日高町比井６５０", "url": "https://www.iryou.teikyouseido.mhlw.go.jp/znk-web/juminkanja/S2430/initialize?prefCd=30&kikanCd=61010013&kikanKbn=5", "url2": "mitsuko.kino@zb.ztv.ne.jp" }, "geometry": { "type": "Point", "coordinates": [ 135.082341, 33.921092 ] } },
{ "type": "Feature", "properties": { "内容": "わかば薬局【5:薬局】和歌山県御坊市湯川町財部７２２－５", "url": "https://www.iryou.teikyouseido.mhlw.go.jp/znk-web/juminkanja/S2430/initialize?prefCd=30&kikanCd=61010015&kikanKbn=5", "url2": null }, "geometry": { "type": "Point", "coordinates": [ 135.153767, 33.896756 ] } },
{ "type": "Feature", "properties": { "内容": "古久保薬局【5:薬局】和歌山県御坊市湯川町財部６６１－７", "url": "https://www.iryou.teikyouseido.mhlw.go.jp/znk-web/juminkanja/S2430/initialize?prefCd=30&kikanCd=61010017&kikanKbn=5", "url2": null }, "geometry": { "type": "Point", "coordinates": [ 135.153083, 33.898925 ] } },
{ "type": "Feature", "properties": { "内容": "オレンジ薬局【5:薬局】和歌山県御坊市湯川町財部７２１－２", "url": "https://www.iryou.teikyouseido.mhlw.go.jp/znk-web/juminkanja/S2430/initialize?prefCd=30&kikanCd=61010018&kikanKbn=5", "url2": null }, "geometry": { "type": "Point", "coordinates": [ 135.153535, 33.896416 ] } },
{ "type": "Feature", "properties": { "内容": "薬局スーパードラッグキリン御坊店【5:薬局】和歌山県御坊市湯川町財部１０５３－１", "url": "https://www.iryou.teikyouseido.mhlw.go.jp/znk-web/juminkanja/S2430/initialize?prefCd=30&kikanCd=61010020&kikanKbn=5", "url2": "https://www.tokai-seims.co.jp/" }, "geometry": { "type": "Point", "coordinates": [ 135.167674, 33.901524 ] } },
{ "type": "Feature", "properties": { "内容": "みさお薬局【5:薬局】和歌山県日高郡美浜町和田１１３８－１８５", "url": "https://www.iryou.teikyouseido.mhlw.go.jp/znk-web/juminkanja/S2430/initialize?prefCd=30&kikanCd=61010021&kikanKbn=5", "url2": "http:/www.naxnet.or.jp/~misao330" }, "geometry": { "type": "Point", "coordinates": [ 135.134479, 33.894318 ] } },
{ "type": "Feature", "properties": { "内容": "株式会社　薗徹薬局【5:薬局】和歌山県御坊市御坊１２１", "url": "https://www.iryou.teikyouseido.mhlw.go.jp/znk-web/juminkanja/S2430/initialize?prefCd=30&kikanCd=61010022&kikanKbn=5", "url2": null }, "geometry": { "type": "Point", "coordinates": [ 135.158111, 33.889581 ] } },
{ "type": "Feature", "properties": { "内容": "古川薬局【5:薬局】和歌山県日高郡印南町印南３１４８－３", "url": "https://www.iryou.teikyouseido.mhlw.go.jp/znk-web/juminkanja/S2430/initialize?prefCd=30&kikanCd=61010023&kikanKbn=5", "url2": null }, "geometry": { "type": "Point", "coordinates": [ 135.22012, 33.813038 ] } },
{ "type": "Feature", "properties": { "内容": "メディカルステーションそのてつ薬局【5:薬局】和歌山県御坊市湯川町財部６３６－２", "url": "https://www.iryou.teikyouseido.mhlw.go.jp/znk-web/juminkanja/S2430/initialize?prefCd=30&kikanCd=61010024&kikanKbn=5", "url2": null }, "geometry": { "type": "Point", "coordinates": [ 135.150489, 33.896749 ] } },
{ "type": "Feature", "properties": { "内容": "みかん薬局【5:薬局】和歌山県日高郡日高町荊木５６２－１", "url": "https://www.iryou.teikyouseido.mhlw.go.jp/znk-web/juminkanja/S2430/initialize?prefCd=30&kikanCd=61010025&kikanKbn=5", "url2": null }, "geometry": { "type": "Point", "coordinates": [ 135.14474, 33.924892 ] } },
{ "type": "Feature", "properties": { "内容": "三ツ星薬局【5:薬局】和歌山県日高郡美浜町吉原２６１", "url": "https://www.iryou.teikyouseido.mhlw.go.jp/znk-web/juminkanja/S2430/initialize?prefCd=30&kikanCd=61010026&kikanKbn=5", "url2": null }, "geometry": { "type": "Point", "coordinates": [ 135.144933, 33.891957 ] } },
{ "type": "Feature", "properties": { "内容": "しらい薬局【5:薬局】和歌山県御坊市湯川町財部５２１－７", "url": "https://www.iryou.teikyouseido.mhlw.go.jp/znk-web/juminkanja/S2430/initialize?prefCd=30&kikanCd=61010027&kikanKbn=5", "url2": null }, "geometry": { "type": "Point", "coordinates": [ 135.153237, 33.900533 ] } },
{ "type": "Feature", "properties": { "内容": "なんかい薬局【5:薬局】和歌山県御坊市湯川町財部７１７－１", "url": "https://www.iryou.teikyouseido.mhlw.go.jp/znk-web/juminkanja/S2430/initialize?prefCd=30&kikanCd=61010028&kikanKbn=5", "url2": null }, "geometry": { "type": "Point", "coordinates": [ 135.152855, 33.89626 ] } },
{ "type": "Feature", "properties": { "内容": "幸生堂薬局【5:薬局】和歌山県御坊市藤田町吉田６２７", "url": "https://www.iryou.teikyouseido.mhlw.go.jp/znk-web/juminkanja/S2430/initialize?prefCd=30&kikanCd=61010030&kikanKbn=5", "url2": "https://www.pharmarise.com/company/group/store.php?group_id=35" }, "geometry": { "type": "Point", "coordinates": [ 135.165173, 33.903445 ] } },
{ "type": "Feature", "properties": { "内容": "三ツ星薬局　御坊店【5:薬局】和歌山県御坊市薗５１２－６", "url": "https://www.iryou.teikyouseido.mhlw.go.jp/znk-web/juminkanja/S2430/initialize?prefCd=30&kikanCd=61010032&kikanKbn=5", "url2": null }, "geometry": { "type": "Point", "coordinates": [ 135.154639, 33.887526 ] } },
{ "type": "Feature", "properties": { "内容": "アイン薬局　御坊店【5:薬局】和歌山県御坊市湯川町財部７２６－８", "url": "https://www.iryou.teikyouseido.mhlw.go.jp/znk-web/juminkanja/S2430/initialize?prefCd=30&kikanCd=61010035&kikanKbn=5", "url2": "https://www.ainj.co.jp/" }, "geometry": { "type": "Point", "coordinates": [ 135.153304, 33.896404 ] } },
{ "type": "Feature", "properties": { "内容": "Ｙａｍａｓｈｉｔａ　Ｐｈａｒｍａｃｙ【5:薬局】和歌山県御坊市名田町野島１－６", "url": "https://www.iryou.teikyouseido.mhlw.go.jp/znk-web/juminkanja/S2430/initialize?prefCd=30&kikanCd=61010036&kikanKbn=5", "url2": null }, "geometry": { "type": "Point", "coordinates": [ 135.178986, 33.83372 ] } },
{ "type": "Feature", "properties": { "内容": "薬局スーパードラッグキリン御坊国道店【5:薬局】和歌山県御坊市薗３８－１", "url": "https://www.iryou.teikyouseido.mhlw.go.jp/znk-web/juminkanja/S2430/initialize?prefCd=30&kikanCd=61010038&kikanKbn=5", "url2": "https://www.tokai-seims.co.jp/" }, "geometry": { "type": "Point", "coordinates": [ 135.151438, 33.894727 ] } },
{ "type": "Feature", "properties": { "内容": "ひょうたん印の薬局【5:薬局】和歌山県御坊市湯川町小松原５３０番５", "url": "https://www.iryou.teikyouseido.mhlw.go.jp/znk-web/juminkanja/S2430/initialize?prefCd=30&kikanCd=61010040&kikanKbn=5", "url2": "https://www.hyoutanjirushi.com/" }, "geometry": { "type": "Point", "coordinates": [ 135.153783, 33.905446 ] } },
{ "type": "Feature", "properties": { "内容": "アイム薬局　ごぼうひだか店【5:薬局】和歌山県御坊市薗３８１－１０", "url": "https://www.iryou.teikyouseido.mhlw.go.jp/znk-web/juminkanja/S2430/initialize?prefCd=30&kikanCd=61010041&kikanKbn=5", "url2": null }, "geometry": { "type": "Point", "coordinates": [ 135.154068, 33.890715 ] } },
{ "type": "Feature", "properties": { "内容": "株式会社　喜多芳雲堂薬局【5:薬局】和歌山県御坊市御坊２４０", "url": "https://www.iryou.teikyouseido.mhlw.go.jp/znk-web/juminkanja/S2430/initialize?prefCd=30&kikanCd=61010043&kikanKbn=5", "url2": null }, "geometry": { "type": "Point", "coordinates": [ 135.156294, 33.887724 ] } },
{ "type": "Feature", "properties": { "内容": "そうごう薬局　川辺店【5:薬局】和歌山県日高郡日高川町土生１６０－４", "url": "https://www.iryou.teikyouseido.mhlw.go.jp/znk-web/juminkanja/S2430/initialize?prefCd=30&kikanCd=61010044&kikanKbn=5", "url2": "https://www.sogo-medical.co.jp/" }, "geometry": { "type": "Point", "coordinates": [ 135.186227, 33.912186 ] } },
{ "type": "Feature", "properties": { "内容": "そうごう薬局　印南店【5:薬局】和歌山県日高郡印南町島田１１６４－１", "url": "https://www.iryou.teikyouseido.mhlw.go.jp/znk-web/juminkanja/S2430/initialize?prefCd=30&kikanCd=61010045&kikanKbn=5", "url2": "https://www.sogo-pharmacy.jp/shop/view/743" }, "geometry": { "type": "Point", "coordinates": [ 135.240593, 33.796864 ] } },
{ "type": "Feature", "properties": { "内容": "ひなた薬局【5:薬局】和歌山県御坊市湯川町財部２２１－１１", "url": "https://www.iryou.teikyouseido.mhlw.go.jp/znk-web/juminkanja/S2430/initialize?prefCd=30&kikanCd=61010046&kikanKbn=5", "url2": null }, "geometry": { "type": "Point", "coordinates": [ 135.149732, 33.90145 ] } },
{ "type": "Feature", "properties": { "内容": "あい薬局【5:薬局】和歌山県日高郡由良町里３４９－１", "url": "https://www.iryou.teikyouseido.mhlw.go.jp/znk-web/juminkanja/S2430/initialize?prefCd=30&kikanCd=61010048&kikanKbn=5", "url2": "ai-yura@themis.ocn.ne.jp" }, "geometry": { "type": "Point", "coordinates": [ 135.123386, 33.964202 ] } },
{ "type": "Feature", "properties": { "内容": "日高会営調剤薬局【5:薬局】和歌山県日高郡美浜町和田１１３８－３４１", "url": "https://www.iryou.teikyouseido.mhlw.go.jp/znk-web/juminkanja/S2430/initialize?prefCd=30&kikanCd=61010049&kikanKbn=5", "url2": null }, "geometry": { "type": "Point", "coordinates": [ 135.138048, 33.892681 ] } },
{ "type": "Feature", "properties": { "内容": "サンドラッグ御坊調剤薬局【5:薬局】和歌山県御坊市薗９８－１", "url": "https://www.iryou.teikyouseido.mhlw.go.jp/znk-web/juminkanja/S2430/initialize?prefCd=30&kikanCd=61010050&kikanKbn=5", "url2": "https://sundrug-online.com/blogs/search-store/5954" }, "geometry": { "type": "Point", "coordinates": [ 135.153573, 33.895955 ] } },
{ "type": "Feature", "properties": { "内容": "大堀薬局【5:薬局】和歌山県御坊市薗１５６－４", "url": "https://www.iryou.teikyouseido.mhlw.go.jp/znk-web/juminkanja/S2430/initialize?prefCd=30&kikanCd=61010051&kikanKbn=5", "url2": null }, "geometry": { "type": "Point", "coordinates": [ 135.156379, 33.892782 ] } },
{ "type": "Feature", "properties": { "内容": "エバグリーン薬局御坊店【5:薬局】和歌山県御坊市湯川町財部８４０－１", "url": "https://www.iryou.teikyouseido.mhlw.go.jp/znk-web/juminkanja/S2430/initialize?prefCd=30&kikanCd=61010052&kikanKbn=5", "url2": null }, "geometry": { "type": "Point", "coordinates": [ 135.159919, 33.900939 ] } },
{ "type": "Feature", "properties": { "内容": "阪神調剤薬局　和歌山御坊店【5:薬局】和歌山県御坊市薗９６－１", "url": "https://www.iryou.teikyouseido.mhlw.go.jp/znk-web/juminkanja/S2430/initialize?prefCd=30&kikanCd=61010053&kikanKbn=5", "url2": "https://www.sugi-net.jp/" }, "geometry": { "type": "Point", "coordinates": [ 135.153053, 33.895972 ] } },
{ "type": "Feature", "properties": { "内容": "ダック調剤薬局【5:薬局】和歌山県田辺市高雄一丁目２２－１６", "url": "https://www.iryou.teikyouseido.mhlw.go.jp/znk-web/juminkanja/S2430/initialize?prefCd=30&kikanCd=71010001&kikanKbn=5", "url2": null }, "geometry": { "type": "Point", "coordinates": [ 135.375723, 33.735158 ] } },
{ "type": "Feature", "properties": { "内容": "赤木薬草園薬局【5:薬局】和歌山県田辺市あけぼの２－４１", "url": "https://www.iryou.teikyouseido.mhlw.go.jp/znk-web/juminkanja/S2430/initialize?prefCd=30&kikanCd=71010010&kikanKbn=5", "url2": null }, "geometry": { "type": "Point", "coordinates": [ 135.390326, 33.730182 ] } },
{ "type": "Feature", "properties": { "内容": "ケイ・ユー薬局【5:薬局】和歌山県西牟婁郡上富田町岩田２４３２－４", "url": "https://www.iryou.teikyouseido.mhlw.go.jp/znk-web/juminkanja/S2430/initialize?prefCd=30&kikanCd=71010011&kikanKbn=5", "url2": "hazama@cpost.plala.or.jp" }, "geometry": { "type": "Point", "coordinates": [ 135.444061, 33.7117 ] } },
{ "type": "Feature", "properties": { "内容": "駅前薬局【5:薬局】和歌山県日高郡みなべ町芝４０９－１１", "url": "https://www.iryou.teikyouseido.mhlw.go.jp/znk-web/juminkanja/S2430/initialize?prefCd=30&kikanCd=71010014&kikanKbn=5", "url2": null }, "geometry": { "type": "Point", "coordinates": [ 135.323752, 33.766591 ] } },
{ "type": "Feature", "properties": { "内容": "オードラッグ　スーパーセンター　上富田薬局【5:薬局】和歌山県西牟婁郡上富田町朝来１５４－１", "url": "https://www.iryou.teikyouseido.mhlw.go.jp/znk-web/juminkanja/S2430/initialize?prefCd=30&kikanCd=71010023&kikanKbn=5", "url2": null }, "geometry": { "type": "Point", "coordinates": [ 135.427788, 33.699132 ] } },
{ "type": "Feature", "properties": { "内容": "くちい薬局【5:薬局】和歌山県田辺市あけぼの４５－５", "url": "https://www.iryou.teikyouseido.mhlw.go.jp/znk-web/juminkanja/S2430/initialize?prefCd=30&kikanCd=71010025&kikanKbn=5", "url2": null }, "geometry": { "type": "Point", "coordinates": [ 135.393471, 33.731471 ] } },
{ "type": "Feature", "properties": { "内容": "おおぐす薬局【5:薬局】和歌山県日高郡みなべ町", "url": "https://www.iryou.teikyouseido.mhlw.go.jp/znk-web/juminkanja/S2430/initialize?prefCd=30&kikanCd=71010026&kikanKbn=5", "url2": null }, "geometry": { "type": "Point", "coordinates": [ 135.321403, 33.769184 ] } },
{ "type": "Feature", "properties": { "内容": "紀南病院前会営調剤薬局【5:薬局】和歌山県田辺市新庄町２２５－１６０", "url": "https://www.iryou.teikyouseido.mhlw.go.jp/znk-web/juminkanja/S2430/initialize?prefCd=30&kikanCd=71010029&kikanKbn=5", "url2": "http://www.tanabe-kaiei.jp" }, "geometry": { "type": "Point", "coordinates": [ 135.407327, 33.73048 ] } },
{ "type": "Feature", "properties": { "内容": "切目屋調剤薬局【5:薬局】和歌山県田辺市新万２３－１４－１", "url": "https://www.iryou.teikyouseido.mhlw.go.jp/znk-web/juminkanja/S2430/initialize?prefCd=30&kikanCd=71010030&kikanKbn=5", "url2": null }, "geometry": { "type": "Point", "coordinates": [ 135.399268, 33.732134 ] } },
{ "type": "Feature", "properties": { "内容": "有限会社　ウエムラ薬局【5:薬局】和歌山県田辺市東陽３４－３", "url": "https://www.iryou.teikyouseido.mhlw.go.jp/znk-web/juminkanja/S2430/initialize?prefCd=30&kikanCd=71010037&kikanKbn=5", "url2": null }, "geometry": { "type": "Point", "coordinates": [ 135.383448, 33.726343 ] } },
{ "type": "Feature", "properties": { "内容": "みなと薬局【5:薬局】和歌山県田辺市湊３４－２５", "url": "https://www.iryou.teikyouseido.mhlw.go.jp/znk-web/juminkanja/S2430/initialize?prefCd=30&kikanCd=71010038&kikanKbn=5", "url2": null }, "geometry": { "type": "Point", "coordinates": [ 135.384754, 33.731559 ] } },
{ "type": "Feature", "properties": { "内容": "有限会社　出嶋調剤薬局【5:薬局】和歌山県西牟婁郡上富田町朝来７９５－５", "url": "https://www.iryou.teikyouseido.mhlw.go.jp/znk-web/juminkanja/S2430/initialize?prefCd=30&kikanCd=71010047&kikanKbn=5", "url2": "https://dejima-pharmacy.com/" }, "geometry": { "type": "Point", "coordinates": [ 135.427995, 33.695252 ] } },
{ "type": "Feature", "properties": { "内容": "有限会社　出嶋薬局　駅前店【5:薬局】和歌山県西牟婁郡上富田町朝来１３３８－１", "url": "https://www.iryou.teikyouseido.mhlw.go.jp/znk-web/juminkanja/S2430/initialize?prefCd=30&kikanCd=71010048&kikanKbn=5", "url2": "https://dejima-pharmacy.com/" }, "geometry": { "type": "Point", "coordinates": [ 135.418917, 33.695173 ] } },
{ "type": "Feature", "properties": { "内容": "ナリタ薬局【5:薬局】和歌山県田辺市末広町１７－２４", "url": "https://www.iryou.teikyouseido.mhlw.go.jp/znk-web/juminkanja/S2430/initialize?prefCd=30&kikanCd=71010052&kikanKbn=5", "url2": null }, "geometry": { "type": "Point", "coordinates": [ 135.382687, 33.724253 ] } },
{ "type": "Feature", "properties": { "内容": "有限会社　出嶋薬局　朝来店【5:薬局】和歌山県西牟婁郡上富田町朝来９９５－６", "url": "https://www.iryou.teikyouseido.mhlw.go.jp/znk-web/juminkanja/S2430/initialize?prefCd=30&kikanCd=71010054&kikanKbn=5", "url2": "https://dejima-pharmacy.com/" }, "geometry": { "type": "Point", "coordinates": [ 135.422713, 33.695773 ] } },
{ "type": "Feature", "properties": { "内容": "薬局スーパードラッグキリン万呂店【5:薬局】和歌山県田辺市下万呂４１８", "url": "https://www.iryou.teikyouseido.mhlw.go.jp/znk-web/juminkanja/S2430/initialize?prefCd=30&kikanCd=71010058&kikanKbn=5", "url2": "https://www.tokai-seims.co.jp/" }, "geometry": { "type": "Point", "coordinates": [ 135.39568, 33.738768 ] } },
{ "type": "Feature", "properties": { "内容": "切目屋調剤薬局　下三栖岩屋支店【5:薬局】和歌山県田辺市下三栖岩屋１４８３－２３", "url": "https://www.iryou.teikyouseido.mhlw.go.jp/znk-web/juminkanja/S2430/initialize?prefCd=30&kikanCd=71010060&kikanKbn=5", "url2": "http://www.myph.jp/f300042/" }, "geometry": { "type": "Point", "coordinates": [ 135.420625, 33.730138 ] } },
{ "type": "Feature", "properties": { "内容": "上西薬局【5:薬局】和歌山県西牟婁郡白浜町２１８４", "url": "https://www.iryou.teikyouseido.mhlw.go.jp/znk-web/juminkanja/S2430/initialize?prefCd=30&kikanCd=71010062&kikanKbn=5", "url2": null }, "geometry": { "type": "Point", "coordinates": [ 135.342182, 33.676897 ] } },
{ "type": "Feature", "properties": { "内容": "田辺会営調剤薬局【5:薬局】和歌山県田辺市たきない町２１－２２", "url": "https://www.iryou.teikyouseido.mhlw.go.jp/znk-web/juminkanja/S2430/initialize?prefCd=30&kikanCd=71010066&kikanKbn=5", "url2": "http://www.tanabe-kaiei.jp/original.html" }, "geometry": { "type": "Point", "coordinates": [ 135.400385, 33.700042 ] } },
{ "type": "Feature", "properties": { "内容": "株式会社切目屋薬局　中屋敷支店【5:薬局】和歌山県田辺市中屋敷町６８－４", "url": "https://www.iryou.teikyouseido.mhlw.go.jp/znk-web/juminkanja/S2430/initialize?prefCd=30&kikanCd=71010068&kikanKbn=5", "url2": "http://www.kieimwya-pharmacy.jp/" }, "geometry": { "type": "Point", "coordinates": [ 135.378785, 33.729473 ] } },
{ "type": "Feature", "properties": { "内容": "アトム調剤薬局【5:薬局】和歌山県西牟婁郡白浜町堅田７６５－１", "url": "https://www.iryou.teikyouseido.mhlw.go.jp/znk-web/juminkanja/S2430/initialize?prefCd=30&kikanCd=71010069&kikanKbn=5", "url2": null }, "geometry": { "type": "Point", "coordinates": [ 135.385525, 33.662993 ] } },
{ "type": "Feature", "properties": { "内容": "有限会社　出嶋薬局　たきない店【5:薬局】和歌山県田辺市たきない町２０－８", "url": "https://www.iryou.teikyouseido.mhlw.go.jp/znk-web/juminkanja/S2430/initialize?prefCd=30&kikanCd=71010071&kikanKbn=5", "url2": "http://dejima-pharmacy.sakura.ne.jp/" }, "geometry": { "type": "Point", "coordinates": [ 135.401959, 33.701861 ] } },
{ "type": "Feature", "properties": { "内容": "株式会社　くまの薬局【5:薬局】和歌山県田辺市本宮町本宮２５６－１", "url": "https://www.iryou.teikyouseido.mhlw.go.jp/znk-web/juminkanja/S2430/initialize?prefCd=30&kikanCd=71010072&kikanKbn=5", "url2": null }, "geometry": { "type": "Point", "coordinates": [ 135.774038, 33.837475 ] } },
{ "type": "Feature", "properties": { "内容": "ナカヤドラッグ薬局【5:薬局】和歌山県田辺市上の山２丁目１７－８", "url": "https://www.iryou.teikyouseido.mhlw.go.jp/znk-web/juminkanja/S2430/initialize?prefCd=30&kikanCd=71010075&kikanKbn=5", "url2": null }, "geometry": { "type": "Point", "coordinates": [ 135.363996, 33.733961 ] } },
{ "type": "Feature", "properties": { "内容": "松屋薬局【5:薬局】和歌山県田辺市神子浜２－２１－２１", "url": "https://www.iryou.teikyouseido.mhlw.go.jp/znk-web/juminkanja/S2430/initialize?prefCd=30&kikanCd=71010078&kikanKbn=5", "url2": null }, "geometry": { "type": "Point", "coordinates": [ 135.387624, 33.72276 ] } },
{ "type": "Feature", "properties": { "内容": "サカエ薬局【5:薬局】和歌山県西牟婁郡白浜町栄７３２－４", "url": "https://www.iryou.teikyouseido.mhlw.go.jp/znk-web/juminkanja/S2430/initialize?prefCd=30&kikanCd=71010079&kikanKbn=5", "url2": null }, "geometry": { "type": "Point", "coordinates": [ 135.397532, 33.652839 ] } },
{ "type": "Feature", "properties": { "内容": "調剤薬局花みかん　すくま店【5:薬局】和歌山県西牟婁郡上富田町生馬４０５－２", "url": "https://www.iryou.teikyouseido.mhlw.go.jp/znk-web/juminkanja/S2430/initialize?prefCd=30&kikanCd=71010080&kikanKbn=5", "url2": "http://www.ztv.ne.jp/gxumpfiz/index.html" }, "geometry": { "type": "Point", "coordinates": [ 135.429609, 33.701819 ] } },
{ "type": "Feature", "properties": { "内容": "はあと薬局【5:薬局】和歌山県日高郡みなべ町東本庄５７９－２", "url": "https://www.iryou.teikyouseido.mhlw.go.jp/znk-web/juminkanja/S2430/initialize?prefCd=30&kikanCd=71010082&kikanKbn=5", "url2": null }, "geometry": { "type": "Point", "coordinates": [ 135.33081, 33.798176 ] } },
{ "type": "Feature", "properties": { "内容": "サンライトげんき薬局上富田店【5:薬局】和歌山県西牟婁郡上富田町朝来１４０６－１", "url": "https://www.iryou.teikyouseido.mhlw.go.jp/znk-web/juminkanja/S2430/initialize?prefCd=30&kikanCd=71010083&kikanKbn=5", "url2": "http://www.accesslife.co.jp/" }, "geometry": { "type": "Point", "coordinates": [ 135.417741, 33.693722 ] } },
{ "type": "Feature", "properties": { "内容": "かるがも薬局　田辺店【5:薬局】和歌山県田辺市朝日ヶ丘１３－１　朝日ヶ丘センタービル１０３", "url": "https://www.iryou.teikyouseido.mhlw.go.jp/znk-web/juminkanja/S2430/initialize?prefCd=30&kikanCd=71010088&kikanKbn=5", "url2": "https://www.karugamo.net/" }, "geometry": { "type": "Point", "coordinates": [ 135.391831, 33.73434 ] } },
{ "type": "Feature", "properties": { "内容": "プライム薬局　田辺店【5:薬局】和歌山県田辺市新万２３－１４－２", "url": "https://www.iryou.teikyouseido.mhlw.go.jp/znk-web/juminkanja/S2430/initialize?prefCd=30&kikanCd=71010090&kikanKbn=5", "url2": null }, "geometry": { "type": "Point", "coordinates": [ 135.399013, 33.732067 ] } },
{ "type": "Feature", "properties": { "内容": "プライム薬局　上富田店【5:薬局】和歌山県西牟婁郡上富田町岩田１７７４－１", "url": "https://www.iryou.teikyouseido.mhlw.go.jp/znk-web/juminkanja/S2430/initialize?prefCd=30&kikanCd=71010091&kikanKbn=5", "url2": null }, "geometry": { "type": "Point", "coordinates": [ 135.444597, 33.707258 ] } },
{ "type": "Feature", "properties": { "内容": "プライム薬局　三栖店【5:薬局】和歌山県田辺市下三栖１２５７－７", "url": "https://www.iryou.teikyouseido.mhlw.go.jp/znk-web/juminkanja/S2430/initialize?prefCd=30&kikanCd=71010092&kikanKbn=5", "url2": null }, "geometry": { "type": "Point", "coordinates": [ 135.420425, 33.734751 ] } },
{ "type": "Feature", "properties": { "内容": "ヒロセ調剤薬局【5:薬局】和歌山県田辺市高雄３－１２－８", "url": "https://www.iryou.teikyouseido.mhlw.go.jp/znk-web/juminkanja/S2430/initialize?prefCd=30&kikanCd=71010094&kikanKbn=5", "url2": "https://meron-net.shop/ds/hirose-chouzai" }, "geometry": { "type": "Point", "coordinates": [ 135.382197, 33.739905 ] } },
{ "type": "Feature", "properties": { "内容": "サンライトなかよし薬局　たきない店【5:薬局】和歌山県田辺市たきない町３２－５", "url": "https://www.iryou.teikyouseido.mhlw.go.jp/znk-web/juminkanja/S2430/initialize?prefCd=30&kikanCd=71010095&kikanKbn=5", "url2": "http://www.accesslife.co.jp/" }, "geometry": { "type": "Point", "coordinates": [ 135.398973, 33.703375 ] } },
{ "type": "Feature", "properties": { "内容": "調剤薬局花みかん　てんてん店【5:薬局】和歌山県田辺市たきない町２８－３３", "url": "https://www.iryou.teikyouseido.mhlw.go.jp/znk-web/juminkanja/S2430/initialize?prefCd=30&kikanCd=71010096&kikanKbn=5", "url2": "http://www.ztv.ne.jp/gxumpfiz/index.html" }, "geometry": { "type": "Point", "coordinates": [ 135.401155, 33.701499 ] } },
{ "type": "Feature", "properties": { "内容": "とらや薬局【5:薬局】和歌山県田辺市上の山２－３０－１７", "url": "https://www.iryou.teikyouseido.mhlw.go.jp/znk-web/juminkanja/S2430/initialize?prefCd=30&kikanCd=71010101&kikanKbn=5", "url2": null }, "geometry": { "type": "Point", "coordinates": [ 135.366331, 33.733437 ] } },
{ "type": "Feature", "properties": { "内容": "とらや薬局　目良店【5:薬局】和歌山県田辺市目良３１－９", "url": "https://www.iryou.teikyouseido.mhlw.go.jp/znk-web/juminkanja/S2430/initialize?prefCd=30&kikanCd=71010102&kikanKbn=5", "url2": null }, "geometry": { "type": "Point", "coordinates": [ 135.355101, 33.733916 ] } },
{ "type": "Feature", "properties": { "内容": "下地薬局【5:薬局】和歌山県西牟婁郡白浜町椿１０５", "url": "https://www.iryou.teikyouseido.mhlw.go.jp/znk-web/juminkanja/S2430/initialize?prefCd=30&kikanCd=71010103&kikanKbn=5", "url2": null }, "geometry": { "type": "Point", "coordinates": [ 135.39291, 33.607075 ] } },
{ "type": "Feature", "properties": { "内容": "ポプラ調剤薬局【5:薬局】和歌山県西牟婁郡上富田町岩田１９０３－７", "url": "https://www.iryou.teikyouseido.mhlw.go.jp/znk-web/juminkanja/S2430/initialize?prefCd=30&kikanCd=71010104&kikanKbn=5", "url2": null }, "geometry": { "type": "Point", "coordinates": [ 135.438247, 33.70797 ] } },
{ "type": "Feature", "properties": { "内容": "和み調剤薬局【5:薬局】和歌山県田辺市末広町１７－１４", "url": "https://www.iryou.teikyouseido.mhlw.go.jp/znk-web/juminkanja/S2430/initialize?prefCd=30&kikanCd=71010105&kikanKbn=5", "url2": null }, "geometry": { "type": "Point", "coordinates": [ 135.382294, 33.724482 ] } },
{ "type": "Feature", "properties": { "内容": "株式会社　くまの薬局　明洋店【5:薬局】和歌山県田辺市明洋１－１９－１８", "url": "https://www.iryou.teikyouseido.mhlw.go.jp/znk-web/juminkanja/S2430/initialize?prefCd=30&kikanCd=71010106&kikanKbn=5", "url2": null }, "geometry": { "type": "Point", "coordinates": [ 135.35948, 33.735955 ] } },
{ "type": "Feature", "properties": { "内容": "切目屋調剤薬局　神島台支店【5:薬局】和歌山県田辺市神島台３－８", "url": "https://www.iryou.teikyouseido.mhlw.go.jp/znk-web/juminkanja/S2430/initialize?prefCd=30&kikanCd=71010107&kikanKbn=5", "url2": null }, "geometry": { "type": "Point", "coordinates": [ 135.402666, 33.707421 ] } },
{ "type": "Feature", "properties": { "内容": "有限会社調剤薬局花みかん　はるる店【5:薬局】和歌山県田辺市東陽２６－３", "url": "https://www.iryou.teikyouseido.mhlw.go.jp/znk-web/juminkanja/S2430/initialize?prefCd=30&kikanCd=71010108&kikanKbn=5", "url2": "http://www.ztv.ne.jp/gxumpfiz/index.html" }, "geometry": { "type": "Point", "coordinates": [ 135.382359, 33.728641 ] } },
{ "type": "Feature", "properties": { "内容": "切目屋調剤薬局　上屋敷支店【5:薬局】和歌山県田辺市上屋敷１－９－１", "url": "https://www.iryou.teikyouseido.mhlw.go.jp/znk-web/juminkanja/S2430/initialize?prefCd=30&kikanCd=71010109&kikanKbn=5", "url2": null }, "geometry": { "type": "Point", "coordinates": [ 135.37521, 33.732637 ] } },
{ "type": "Feature", "properties": { "内容": "アイン薬局　南紀白浜店【5:薬局】和歌山県西牟婁郡白浜町１４６２－３", "url": "https://www.iryou.teikyouseido.mhlw.go.jp/znk-web/juminkanja/S2430/initialize?prefCd=30&kikanCd=71010110&kikanKbn=5", "url2": "https://www.ainj.co.jp/" }, "geometry": { "type": "Point", "coordinates": [ 135.34885, 33.68131 ] } },
{ "type": "Feature", "properties": { "内容": "八仙堂薬局【5:薬局】和歌山県田辺市たきない町１－１２", "url": "https://www.iryou.teikyouseido.mhlw.go.jp/znk-web/juminkanja/S2430/initialize?prefCd=30&kikanCd=71010111&kikanKbn=5", "url2": null }, "geometry": { "type": "Point", "coordinates": [ 135.399759, 33.705107 ] } },
{ "type": "Feature", "properties": { "内容": "ナニワ薬局【5:薬局】和歌山県日高郡みなべ町北道１９１", "url": "https://www.iryou.teikyouseido.mhlw.go.jp/znk-web/juminkanja/S2430/initialize?prefCd=30&kikanCd=71010112&kikanKbn=5", "url2": null }, "geometry": { "type": "Point", "coordinates": [ 135.321426, 33.768996 ] } },
{ "type": "Feature", "properties": { "内容": "ポプラ調剤薬局神島店【5:薬局】和歌山県田辺市文里１－２０－２４", "url": "https://www.iryou.teikyouseido.mhlw.go.jp/znk-web/juminkanja/S2430/initialize?prefCd=30&kikanCd=71010113&kikanKbn=5", "url2": null }, "geometry": { "type": "Point", "coordinates": [ 135.389377, 33.717477 ] } },
{ "type": "Feature", "properties": { "内容": "楠本薬局【5:薬局】和歌山県田辺市秋津町１０２－８", "url": "https://www.iryou.teikyouseido.mhlw.go.jp/znk-web/juminkanja/S2430/initialize?prefCd=30&kikanCd=71010114&kikanKbn=5", "url2": null }, "geometry": { "type": "Point", "coordinates": [ 135.388346, 33.744398 ] } },
{ "type": "Feature", "properties": { "内容": "幸生堂薬局【5:薬局】和歌山県日高郡みなべ町芝５０３", "url": "https://www.iryou.teikyouseido.mhlw.go.jp/znk-web/juminkanja/S2430/initialize?prefCd=30&kikanCd=71010115&kikanKbn=5", "url2": "https://www.healthywork.website/" }, "geometry": { "type": "Point", "coordinates": [ 135.322583, 33.765357 ] } },
{ "type": "Feature", "properties": { "内容": "さくらの薬局【5:薬局】和歌山県西牟婁郡上富田町市ノ瀬２５０４－５７", "url": "https://www.iryou.teikyouseido.mhlw.go.jp/znk-web/juminkanja/S2430/initialize?prefCd=30&kikanCd=71010117&kikanKbn=5", "url2": "https://meron-net.shop/ds/sakuranoyakkyoku" }, "geometry": { "type": "Point", "coordinates": [ 135.46063, 33.715389 ] } },
{ "type": "Feature", "properties": { "内容": "さくらの薬局　鮎川支店【5:薬局】和歌山県田辺市鮎川５６５－１", "url": "https://www.iryou.teikyouseido.mhlw.go.jp/znk-web/juminkanja/S2430/initialize?prefCd=30&kikanCd=71010118&kikanKbn=5", "url2": null }, "geometry": { "type": "Point", "coordinates": [ 135.482356, 33.727304 ] } },
{ "type": "Feature", "properties": { "内容": "幸生堂薬局【5:薬局】和歌山県西牟婁郡白浜町日置９８１", "url": "https://www.iryou.teikyouseido.mhlw.go.jp/znk-web/juminkanja/S2430/initialize?prefCd=30&kikanCd=71010119&kikanKbn=5", "url2": "https://www.pharmarise.com/company/group/store.php?group_id=35" }, "geometry": { "type": "Point", "coordinates": [ 135.438195, 33.568122 ] } },
{ "type": "Feature", "properties": { "内容": "さくらの薬局　上の山支店【5:薬局】和歌山県田辺市上の山１－１４－３３", "url": "https://www.iryou.teikyouseido.mhlw.go.jp/znk-web/juminkanja/S2430/initialize?prefCd=30&kikanCd=71010120&kikanKbn=5", "url2": "https://meron-net.shop/ds/sakuranoyakkyoku" }, "geometry": { "type": "Point", "coordinates": [ 135.365178, 33.739921 ] } },
{ "type": "Feature", "properties": { "内容": "さんばし薬局【5:薬局】和歌山県西牟婁郡白浜町１０６３－１５", "url": "https://www.iryou.teikyouseido.mhlw.go.jp/znk-web/juminkanja/S2430/initialize?prefCd=30&kikanCd=71010122&kikanKbn=5", "url2": null }, "geometry": { "type": "Point", "coordinates": [ 135.353813, 33.686869 ] } },
{ "type": "Feature", "properties": { "内容": "サンライトげんき薬局あきづ店【5:薬局】和歌山県田辺市秋津町１８９－３５", "url": "https://www.iryou.teikyouseido.mhlw.go.jp/znk-web/juminkanja/S2430/initialize?prefCd=30&kikanCd=71010123&kikanKbn=5", "url2": "http://www.accesslife.co.jp" }, "geometry": { "type": "Point", "coordinates": [ 135.392243, 33.746247 ] } },
{ "type": "Feature", "properties": { "内容": "しらら調剤薬局【5:薬局】和歌山県西牟婁郡白浜町１４０４－４", "url": "https://www.iryou.teikyouseido.mhlw.go.jp/znk-web/juminkanja/S2430/initialize?prefCd=30&kikanCd=71010124&kikanKbn=5", "url2": null }, "geometry": { "type": "Point", "coordinates": [ 135.347054, 33.681798 ] } },
{ "type": "Feature", "properties": { "内容": "みなべ川薬局【5:薬局】和歌山県日高郡みなべ町徳蔵１５５－６", "url": "https://www.iryou.teikyouseido.mhlw.go.jp/znk-web/juminkanja/S2430/initialize?prefCd=30&kikanCd=71010125&kikanKbn=5", "url2": null }, "geometry": { "type": "Point", "coordinates": [ 135.324193, 33.782991 ] } },
{ "type": "Feature", "properties": { "内容": "はな薬局田辺店【5:薬局】和歌山県田辺市中万呂６１－５", "url": "https://www.iryou.teikyouseido.mhlw.go.jp/znk-web/juminkanja/S2430/initialize?prefCd=30&kikanCd=71010126&kikanKbn=5", "url2": null }, "geometry": { "type": "Point", "coordinates": [ 135.402179, 33.738327 ] } },
{ "type": "Feature", "properties": { "内容": "戎薬局　明洋店【5:薬局】和歌山県田辺市明洋２丁目１７－３", "url": "https://www.iryou.teikyouseido.mhlw.go.jp/znk-web/juminkanja/S2430/initialize?prefCd=30&kikanCd=71010127&kikanKbn=5", "url2": "https://shichifukumedical.com" }, "geometry": { "type": "Point", "coordinates": [ 135.358333, 33.741947 ] } },
{ "type": "Feature", "properties": { "内容": "池田薬局【5:薬局】和歌山県日高郡みなべ町南道５０", "url": "https://www.iryou.teikyouseido.mhlw.go.jp/znk-web/juminkanja/S2430/initialize?prefCd=30&kikanCd=71010128&kikanKbn=5", "url2": null }, "geometry": { "type": "Point", "coordinates": [ 135.319306, 33.768781 ] } },
{ "type": "Feature", "properties": { "内容": "薬局スーパードラッグキリン田辺東山店【5:薬局】和歌山県田辺市東山２－２７－１７", "url": "https://www.iryou.teikyouseido.mhlw.go.jp/znk-web/juminkanja/S2430/initialize?prefCd=30&kikanCd=71010129&kikanKbn=5", "url2": "https://www.tokai-seims.co.jp/" }, "geometry": { "type": "Point", "coordinates": [ 135.395223, 33.722984 ] } },
{ "type": "Feature", "properties": { "内容": "薬局スーパードラッグキリン下万呂西店【5:薬局】和歌山県田辺市下万呂５６０－１", "url": "https://www.iryou.teikyouseido.mhlw.go.jp/znk-web/juminkanja/S2430/initialize?prefCd=30&kikanCd=71010130&kikanKbn=5", "url2": "https://www.tokai-seims.co.jp/" }, "geometry": { "type": "Point", "coordinates": [ 135.390781, 33.740333 ] } },
{ "type": "Feature", "properties": { "内容": "しろ薬局【5:薬局】和歌山県田辺市湊４１番２８号", "url": "https://www.iryou.teikyouseido.mhlw.go.jp/znk-web/juminkanja/S2430/initialize?prefCd=30&kikanCd=71010131&kikanKbn=5", "url2": null }, "geometry": { "type": "Point", "coordinates": [ 135.383467, 33.732192 ] } },
{ "type": "Feature", "properties": { "内容": "エバグリーン薬局みなべ店【5:薬局】和歌山県日高郡みなべ町東吉田５０－１", "url": "https://www.iryou.teikyouseido.mhlw.go.jp/znk-web/juminkanja/S2430/initialize?prefCd=30&kikanCd=71010133&kikanKbn=5", "url2": null }, "geometry": { "type": "Point", "coordinates": [ 135.327238, 33.774213 ] } },
{ "type": "Feature", "properties": { "内容": "ひがし薬局【5:薬局】和歌山県東牟婁郡串本町中湊４９５", "url": "https://www.iryou.teikyouseido.mhlw.go.jp/znk-web/juminkanja/S2430/initialize?prefCd=30&kikanCd=81010001&kikanKbn=5", "url2": null }, "geometry": { "type": "Point", "coordinates": [ 135.824911, 33.521653 ] } },
{ "type": "Feature", "properties": { "内容": "きのした薬局【5:薬局】和歌山県東牟婁郡串本町西向８３７", "url": "https://www.iryou.teikyouseido.mhlw.go.jp/znk-web/juminkanja/S2430/initialize?prefCd=30&kikanCd=81010002&kikanKbn=5", "url2": null }, "geometry": { "type": "Point", "coordinates": [ 135.821562, 33.513899 ] } },
{ "type": "Feature", "properties": { "内容": "有限会社ササヤ薬局【5:薬局】和歌山県東牟婁郡串本町串本１５４７－２", "url": "https://www.iryou.teikyouseido.mhlw.go.jp/znk-web/juminkanja/S2430/initialize?prefCd=30&kikanCd=81010003&kikanKbn=5", "url2": null }, "geometry": { "type": "Point", "coordinates": [ 135.780852, 33.470052 ] } },
{ "type": "Feature", "properties": { "内容": "サンライトげんき薬局串本店【5:薬局】和歌山県東牟婁郡串本町串本１７９１－１", "url": "https://www.iryou.teikyouseido.mhlw.go.jp/znk-web/juminkanja/S2430/initialize?prefCd=30&kikanCd=81010004&kikanKbn=5", "url2": "http://www.accesslife.co.jp/" }, "geometry": { "type": "Point", "coordinates": [ 135.781229, 33.472136 ] } },
{ "type": "Feature", "properties": { "内容": "みさき薬局【5:薬局】和歌山県東牟婁郡串本町上野山２０９", "url": "https://www.iryou.teikyouseido.mhlw.go.jp/znk-web/juminkanja/S2430/initialize?prefCd=30&kikanCd=81010005&kikanKbn=5", "url2": null }, "geometry": { "type": "Point", "coordinates": [ 135.832517, 33.517199 ] } },
{ "type": "Feature", "properties": { "内容": "中根薬局【5:薬局】和歌山県東牟婁郡串本町串本２０９８", "url": "https://www.iryou.teikyouseido.mhlw.go.jp/znk-web/juminkanja/S2430/initialize?prefCd=30&kikanCd=81010006&kikanKbn=5", "url2": null }, "geometry": { "type": "Point", "coordinates": [ 135.785454, 33.477678 ] } },
{ "type": "Feature", "properties": { "内容": "さんご薬局【5:薬局】和歌山県東牟婁郡串本町サンゴ台６９１－７", "url": "https://www.iryou.teikyouseido.mhlw.go.jp/znk-web/juminkanja/S2430/initialize?prefCd=30&kikanCd=81010011&kikanKbn=5", "url2": null }, "geometry": { "type": "Point", "coordinates": [ 135.784112, 33.485124 ] } },
{ "type": "Feature", "properties": { "内容": "じねん堂　松村薬局【5:薬局】和歌山県新宮市佐野９７５－５", "url": "https://www.iryou.teikyouseido.mhlw.go.jp/znk-web/juminkanja/S2430/initialize?prefCd=30&kikanCd=91010019&kikanKbn=5", "url2": null }, "geometry": { "type": "Point", "coordinates": [ 135.971198, 33.684241 ] } },
{ "type": "Feature", "properties": { "内容": "はまぐち薬局【5:薬局】和歌山県東牟婁郡那智勝浦町宇久井２９９－２", "url": "https://www.iryou.teikyouseido.mhlw.go.jp/znk-web/juminkanja/S2430/initialize?prefCd=30&kikanCd=91010025&kikanKbn=5", "url2": null }, "geometry": { "type": "Point", "coordinates": [ 135.974414, 33.660228 ] } },
{ "type": "Feature", "properties": { "内容": "はまゆう調剤薬局【5:薬局】和歌山県新宮市熊野地２－１８－２７", "url": "https://www.iryou.teikyouseido.mhlw.go.jp/znk-web/juminkanja/S2430/initialize?prefCd=30&kikanCd=91010029&kikanKbn=5", "url2": null }, "geometry": { "type": "Point", "coordinates": [ 136.004503, 33.721631 ] } },
{ "type": "Feature", "properties": { "内容": "なごみ薬局【5:薬局】和歌山県東牟婁郡那智勝浦町大字朝日１丁目６１番地", "url": "https://www.iryou.teikyouseido.mhlw.go.jp/znk-web/juminkanja/S2430/initialize?prefCd=30&kikanCd=91010032&kikanKbn=5", "url2": null }, "geometry": { "type": "Point", "coordinates": [ 135.939394, 33.625977 ] } },
{ "type": "Feature", "properties": { "内容": "新宮薬剤師会会営薬局【5:薬局】和歌山県新宮市蜂伏１４－１９", "url": "https://www.iryou.teikyouseido.mhlw.go.jp/znk-web/juminkanja/S2430/initialize?prefCd=30&kikanCd=91010033&kikanKbn=5", "url2": null }, "geometry": { "type": "Point", "coordinates": [ 135.963063, 33.686943 ] } },
{ "type": "Feature", "properties": { "内容": "貴船薬局天満店【5:薬局】和歌山県東牟婁郡那智勝浦町天満１５９５－２０", "url": "https://www.iryou.teikyouseido.mhlw.go.jp/znk-web/juminkanja/S2430/initialize?prefCd=30&kikanCd=91010035&kikanKbn=5", "url2": null }, "geometry": { "type": "Point", "coordinates": [ 135.933226, 33.635685 ] } },
{ "type": "Feature", "properties": { "内容": "天使の空薬局　下里店【5:薬局】和歌山県東牟婁郡那智勝浦町下里８０１－６", "url": "https://www.iryou.teikyouseido.mhlw.go.jp/znk-web/juminkanja/S2430/initialize?prefCd=30&kikanCd=91010036&kikanKbn=5", "url2": "https://sky-and-angel.com/index.html" }, "geometry": { "type": "Point", "coordinates": [ 135.924708, 33.581554 ] } },
{ "type": "Feature", "properties": { "内容": "加治薬局天満店【5:薬局】和歌山県東牟婁郡那智勝浦町天満７０３", "url": "https://www.iryou.teikyouseido.mhlw.go.jp/znk-web/juminkanja/S2430/initialize?prefCd=30&kikanCd=91010039&kikanKbn=5", "url2": null }, "geometry": { "type": "Point", "coordinates": [ 135.935808, 33.63393 ] } },
{ "type": "Feature", "properties": { "内容": "太地薬局【5:薬局】和歌山県東牟婁郡太地町太地３０５３－１０", "url": "https://www.iryou.teikyouseido.mhlw.go.jp/znk-web/juminkanja/S2430/initialize?prefCd=30&kikanCd=91010040&kikanKbn=5", "url2": "https://e-bond.info/withs" }, "geometry": { "type": "Point", "coordinates": [ 135.941906, 33.594353 ] } },
{ "type": "Feature", "properties": { "内容": "ひかり調剤薬局　いのさわ店【5:薬局】和歌山県新宮市井の沢１１－１３", "url": "https://www.iryou.teikyouseido.mhlw.go.jp/znk-web/juminkanja/S2430/initialize?prefCd=30&kikanCd=91010043&kikanKbn=5", "url2": "https://www.pharmarise.com/company/store/store.php?store_id=171" }, "geometry": { "type": "Point", "coordinates": [ 135.990044, 33.721819 ] } },
{ "type": "Feature", "properties": { "内容": "モーリ薬局【5:薬局】和歌山県新宮市千穂１－１－５６", "url": "https://www.iryou.teikyouseido.mhlw.go.jp/znk-web/juminkanja/S2430/initialize?prefCd=30&kikanCd=91010044&kikanKbn=5", "url2": null }, "geometry": { "type": "Point", "coordinates": [ 135.986393, 33.724519 ] } },
{ "type": "Feature", "properties": { "内容": "緑ヶ丘薬局【5:薬局】和歌山県新宮市緑ケ丘１－８－４３", "url": "https://www.iryou.teikyouseido.mhlw.go.jp/znk-web/juminkanja/S2430/initialize?prefCd=30&kikanCd=91010046&kikanKbn=5", "url2": null }, "geometry": { "type": "Point", "coordinates": [ 135.991937, 33.718694 ] } },
{ "type": "Feature", "properties": { "内容": "すみれ調剤薬局【5:薬局】和歌山県新宮市新宮５４７－１", "url": "https://www.iryou.teikyouseido.mhlw.go.jp/znk-web/juminkanja/S2430/initialize?prefCd=30&kikanCd=91010054&kikanKbn=5", "url2": null }, "geometry": { "type": "Point", "coordinates": [ 135.98642, 33.727333 ] } },
{ "type": "Feature", "properties": { "内容": "あおい薬局【5:薬局】和歌山県新宮市緑ケ丘３－１－３", "url": "https://www.iryou.teikyouseido.mhlw.go.jp/znk-web/juminkanja/S2430/initialize?prefCd=30&kikanCd=91010059&kikanKbn=5", "url2": null }, "geometry": { "type": "Point", "coordinates": [ 135.991479, 33.718379 ] } },
{ "type": "Feature", "properties": { "内容": "メディカル　ネオ【5:薬局】和歌山県新宮市谷王子町", "url": "https://www.iryou.teikyouseido.mhlw.go.jp/znk-web/juminkanja/S2430/initialize?prefCd=30&kikanCd=91010060&kikanKbn=5", "url2": "http://medicalneo.web.fc2.com/" }, "geometry": { "type": "Point", "coordinates": [ 135.987802, 33.727403 ] } },
{ "type": "Feature", "properties": { "内容": "聖薬局新宮店【5:薬局】和歌山県新宮市蜂伏２０－２４", "url": "https://www.iryou.teikyouseido.mhlw.go.jp/znk-web/juminkanja/S2430/initialize?prefCd=30&kikanCd=91010061&kikanKbn=5", "url2": "http://ggwh.jp/" }, "geometry": { "type": "Point", "coordinates": [ 135.964673, 33.687889 ] } },
{ "type": "Feature", "properties": { "内容": "吉田薬局【5:薬局】和歌山県新宮市三輪崎２－２－２３", "url": "https://www.iryou.teikyouseido.mhlw.go.jp/znk-web/juminkanja/S2430/initialize?prefCd=30&kikanCd=91010062&kikanKbn=5", "url2": "et83pf2h@zb.ztv.ne.jp" }, "geometry": { "type": "Point", "coordinates": [ 135.983522, 33.687802 ] } },
{ "type": "Feature", "properties": { "内容": "みらい薬局【5:薬局】和歌山県東牟婁郡那智勝浦町朝日１丁目８１番地", "url": "https://www.iryou.teikyouseido.mhlw.go.jp/znk-web/juminkanja/S2430/initialize?prefCd=30&kikanCd=91010063&kikanKbn=5", "url2": null }, "geometry": { "type": "Point", "coordinates": [ 135.939422, 33.626635 ] } },
{ "type": "Feature", "properties": { "内容": "セイムス那智勝浦朝日薬局【5:薬局】和歌山県東牟婁郡那智勝浦町朝日１－２２１", "url": "https://www.iryou.teikyouseido.mhlw.go.jp/znk-web/juminkanja/S2430/initialize?prefCd=30&kikanCd=91010064&kikanKbn=5", "url2": "https://www.tokai-seims.co.jp/" }, "geometry": { "type": "Point", "coordinates": [ 135.937191, 33.629633 ] } },
{ "type": "Feature", "properties": { "内容": "あまね薬局【5:薬局】和歌山県新宮市緑ケ丘２丁目２－５６", "url": "https://www.iryou.teikyouseido.mhlw.go.jp/znk-web/juminkanja/S2430/initialize?prefCd=30&kikanCd=91010065&kikanKbn=5", "url2": null }, "geometry": { "type": "Point", "coordinates": [ 135.989898, 33.721669 ] } },
{ "type": "Feature", "properties": { "内容": "リリーフ薬局　くろしお店【5:薬局】和歌山県新宮市三輪崎１９５６－１０", "url": "https://www.iryou.teikyouseido.mhlw.go.jp/znk-web/juminkanja/S2430/initialize?prefCd=30&kikanCd=91010066&kikanKbn=5", "url2": null }, "geometry": { "type": "Point", "coordinates": [ 135.988284, 33.698796 ] } },
{ "type": "Feature", "properties": { "内容": "かりん薬局【5:薬局】和歌山県新宮市下田２－３－５０", "url": "https://www.iryou.teikyouseido.mhlw.go.jp/znk-web/juminkanja/S2430/initialize?prefCd=30&kikanCd=91010067&kikanKbn=5", "url2": null }, "geometry": { "type": "Point", "coordinates": [ 135.993098, 33.717972 ] } },
{ "type": "Feature", "properties": { "内容": "こじか漢方堂薬局【5:薬局】和歌山県新宮市緑ケ丘１－１－３４", "url": "https://www.iryou.teikyouseido.mhlw.go.jp/znk-web/juminkanja/S2430/initialize?prefCd=30&kikanCd=91010068&kikanKbn=5", "url2": "https://kojika-kanpo.com/" }, "geometry": { "type": "Point", "coordinates": [ 135.990937, 33.721248 ] } },
{ "type": "Feature", "properties": { "内容": "セイムス新宮緑ヶ丘薬局【5:薬局】和歌山県新宮市緑ケ丘１丁目１０－６３", "url": "https://www.iryou.teikyouseido.mhlw.go.jp/znk-web/juminkanja/S2430/initialize?prefCd=30&kikanCd=91010069&kikanKbn=5", "url2": "http://www.tokai-seims.co.jp/" }, "geometry": { "type": "Point", "coordinates": [ 135.993265, 33.719472 ] } },
{ "type": "Feature", "properties": { "内容": "燦燦薬局【5:薬局】和歌山県新宮市橋本２丁目５番５６号", "url": "https://www.iryou.teikyouseido.mhlw.go.jp/znk-web/juminkanja/S2430/initialize?prefCd=30&kikanCd=91010070&kikanKbn=5", "url2": null }, "geometry": { "type": "Point", "coordinates": [ 135.987803, 33.716774 ] } }
]
}
